# x_m,y_m,w_tr_right_m,w_tr_left_m
-317.4736158387109,-148.104937917568,4.0,4.0
-317.4078147413852,-148.0148592897558,4.0,4.0
-317.3362068663579,-147.91511365603498,4.0,4.0
-317.2702224979351,-147.82323867975708,4.0,4.0
-317.1877038410202,-147.70872607470196,4.0,4.0
-317.11420111519527,-147.60697092438824,4.0,4.0
-317.03024602929423,-147.49092073199668,4.0,4.0
-316.96823479325104,-147.40527224912418,4.0,4.0
-316.90121131458153,-147.31287967243003,4.0,4.0
-316.8291450313401,-147.2135146463022,4.0,4.0
-316.7518525680869,-147.1070858275148,4.0,4.0
-316.6693033625041,-146.99344098023852,4.0,4.0
-316.58134460210863,-146.87244309172422,4.0,4.0
-316.4879457244065,-146.74397037115554,4.0,4.0
-316.38901504164846,-146.60794670023049,4.0,4.0
-316.2843691789991,-146.46420461835336,4.0,4.0
-316.1740692616423,-146.31272890114641,4.0,4.0
-316.0580236021077,-146.15341298450466,4.0,4.0
-315.93623220271445,-145.98627209379816,4.0,4.0
-315.87321241307774,-145.8997558633831,4.0,4.0
-315.808664500604,-145.81129100118164,4.0,4.0
-315.67541218239074,-145.62853060345944,4.0,4.0
-315.5365058098034,-145.43811269097813,4.0,4.0
-315.46495909495314,-145.3400569048899,4.0,4.0
-315.39209819439156,-145.2401590514553,4.0,4.0
-315.24231158633836,-145.0349741596274,4.0,4.0
-315.0874210482465,-144.82280159262228,4.0,4.0
-315.0080809074311,-144.7141653412933,4.0,4.0
-314.92751826857295,-144.60390015698056,4.0,4.0
-314.76284774583775,-144.3785134281987,4.0,4.0
-314.5937151036864,-144.14699155218085,4.0,4.0
-314.42027315298844,-143.90971512103255,4.0,4.0
-314.2428886440461,-143.66707994747514,4.0,4.0
-314.1527905171315,-143.5438594017061,4.0,4.0
-314.06183664250443,-143.41946663104392,4.0,4.0
-313.8773616450509,-143.16725575865374,4.0,4.0
-313.6897998365435,-142.91079747611056,4.0,4.0
-313.59493396217283,-142.781076409667,4.0,4.0
-313.4993345873305,-142.65044192273643,4.0,4.0
-313.3062409624983,-142.38658492018766,4.0,4.0
-313.1112524700094,-142.12013989161323,4.0,4.0
-313.0124745991449,-141.98525799384242,4.0,4.0
-312.91235197909094,-141.84851880755411,4.0,4.0
-312.70987567894196,-141.57204136417363,4.0,4.0
-312.5051071947861,-141.2925496295378,4.0,4.0
-312.2986577786532,-141.01088091001546,4.0,4.0
-312.09058856419983,-140.72715699650706,4.0,4.0
-311.88105235875094,-140.4415757954873,4.0,4.0
-311.6701714056682,-140.154122079464,4.0,4.0
-311.45788457904996,-139.8649785340928,4.0,4.0
-311.24425300767314,-139.57416038478738,4.0,4.0
-311.0294600677098,-139.2816980792435,4.0,4.0
-310.8134140689866,-138.9877134024275,4.0,4.0
-310.596267822264,-138.6922215811735,4.0,4.0
-310.37802133410275,-138.3953291834622,4.0,4.0
-310.15867461315764,-138.0970971066048,4.0,4.0
-310.04858866285264,-137.94746346446192,4.0,4.0
-309.9382582134826,-137.79744923079716,4.0,4.0
-309.7167110047507,-137.49635510342415,4.0,4.0
-309.4940329861452,-137.19381472667985,4.0,4.0
-309.38223554039394,-137.04197364912181,4.0,4.0
-309.27016303237946,-136.88979765118455,4.0,4.0
-309.0451622665146,-136.5843343224401,4.0,4.0
-308.81903068635427,-136.27737907170592,4.0,4.0
-308.705552302265,-136.12334578188032,4.0,4.0
-308.59173773139787,-135.96894712330905,4.0,4.0
-308.36331396539623,-135.6590689211044,4.0,4.0
-308.1337288218245,-135.34768357224632,4.0,4.0
-308.0185083724367,-135.19141239518464,4.0,4.0
-307.9029822969963,-135.0347606269235,4.0,4.0
-307.6711049569174,-134.72039142776165,4.0,4.0
-307.4379745546487,-134.40460642409863,4.0,4.0
-307.3210120408312,-134.24618870500467,4.0,4.0
-307.2038050263055,-134.087390391888,4.0,4.0
-306.96868805687086,-133.76886512068438,4.0,4.0
-306.7325625248845,-133.44910672838574,4.0,4.0
-306.4953978716481,-133.1281913370029,4.0,4.0
-306.25740802867574,-132.80605804639782,4.0,4.0
-306.01853186383113,-132.48273730459113,4.0,4.0
-305.778769381964,-132.15835090140672,4.0,4.0
-305.538059462881,-131.83295973199893,4.0,4.0
-305.4174294407167,-131.66989877912778,4.0,4.0
-305.2967077307663,-131.50660947041519,4.0,4.0
-305.05465305925395,-131.17945234877138,4.0,4.0
-304.812017704848,-130.85156449453942,4.0,4.0
-304.69047081190195,-130.68739221256848,4.0,4.0
-304.5688016702314,-130.52305246949084,4.0,4.0
-304.3250660730358,-130.1938401540839,4.0,4.0
-304.0809025975068,-129.86403411234073,4.0,4.0
-303.9585916412699,-129.69891795895904,4.0,4.0
-303.83618899850484,-129.53366479378673,4.0,4.0
-303.590986402425,-129.2027626462941,4.0,4.0
-303.3454170574883,-128.87135811647576,4.0,4.0
-303.09948096386915,-128.5395882190258,4.0,4.0
-302.85326982020183,-128.20751385106968,4.0,4.0
-302.6067836227176,-127.87516545915695,4.0,4.0
-302.483433556247,-127.70886186144102,4.0,4.0
-302.36002236505067,-127.54248214628504,4.0,4.0
-302.11295548318657,-127.20950197138885,4.0,4.0
-301.865644102875,-126.87619448707419,4.0,4.0
-301.61802709941406,-126.54259775412403,4.0,4.0
-301.370043348115,-126.20874221470874,4.0,4.0
-301.121845661926,-125.8745593703868,4.0,4.0
-300.8734034814707,-125.5401481695928,4.0,4.0
-300.624655682242,-125.20552384012012,4.0,4.0
-300.5002359410403,-125.03811652589312,4.0,4.0
-300.37569395078947,-124.87063309581309,4.0,4.0
-300.12645715820867,-124.53550638735435,4.0,4.0
-299.8770369892723,-124.200166542386,4.0,4.0
-299.7522199354224,-124.03240908366,4.0,4.0
-299.62734175614514,-123.86456789534407,4.0,4.0
-299.37737145804545,-123.52867238210996,4.0,4.0
-299.1270649635432,-123.19242672094974,4.0,4.0
-299.00182002606874,-123.02419732138608,4.0,4.0
-298.8765139621158,-122.85589180453354,4.0,4.0
-298.6256267679748,-122.51906763734986,4.0,4.0
-298.37449507056084,-122.18189332157914,4.0,4.0
-298.1230271834511,-121.84447542392611,4.0,4.0
-297.87131479393656,-121.50679111274704,4.0,4.0
-297.61941902646316,-121.1688251582659,4.0,4.0
-297.4933488922581,-120.99976606410527,4.0,4.0
-297.3672176329378,-120.83063846244922,4.0,4.0
-297.11483286187297,-120.49223101674443,4.0,4.0
-296.86217302391213,-120.15353432131485,4.0,4.0
-296.73573613417693,-119.98409462996935,4.0,4.0
-296.60929924359357,-119.81459404345158,4.0,4.0
-296.48277066417506,-119.64503256077191,4.0,4.0
-296.35624208376896,-119.4754330188197,4.0,4.0
-296.22959125273394,-119.30579541760186,4.0,4.0
-296.1029404213014,-119.1361121450147,4.0,4.0
-295.84939425781437,-118.79662380724689,4.0,4.0
-295.72252948854583,-118.6267959104944,4.0,4.0
-295.59566471798837,-118.45693756381665,4.0,4.0
-295.46873882138465,-118.28703354357076,4.0,4.0
-295.341782361893,-118.11708385277484,4.0,4.0
-295.2147647772526,-117.94710371655025,4.0,4.0
-295.08771663055245,-117.77710835440108,4.0,4.0
-294.9606073595587,-117.60709015762504,4.0,4.0
-294.83346752653006,-117.4370415129363,4.0,4.0
-294.70629713144587,-117.26696242136586,4.0,4.0
-294.57912673636895,-117.09686810670026,4.0,4.0
-294.45189521614077,-116.92678140294417,4.0,4.0
-294.3246331330225,-116.7566718626434,4.0,4.0
-294.0700784029199,-116.41641472352488,4.0,4.0
-293.94281631812885,-116.24625951129833,4.0,4.0
-293.8154625453194,-116.0760966868619,4.0,4.0
-293.6881087712012,-115.90591102706863,4.0,4.0
-293.5607549955864,-115.73571014277951,4.0,4.0
-293.4333095304639,-115.56550164470039,4.0,4.0
-293.3058335012988,-115.39526269813385,4.0,4.0
-293.17838803233826,-115.22499330396172,4.0,4.0
-293.050881436526,-115.05470107239125,4.0,4.0
-292.9233442767886,-114.88437839313028,4.0,4.0
-292.79580711581355,-114.7140481019571,4.0,4.0
-292.6682393915741,-114.54371781020932,4.0,4.0
-292.54061054165953,-114.37336468122135,4.0,4.0
-292.285352840315,-114.03261275431348,4.0,4.0
-292.15769342660025,-113.86223679033334,4.0,4.0
-292.029942325104,-113.6918456011116,4.0,4.0
-291.9022523484595,-113.52143918887064,4.0,4.0
-291.77453180945037,-113.35103277630996,4.0,4.0
-291.64678070804746,-113.18061113899181,4.0,4.0
-291.51899904412437,-113.01019711548726,4.0,4.0
-291.3912173802548,-112.83976786631706,4.0,4.0
-291.263374591397,-112.66933100567113,4.0,4.0
-291.13553180246475,-112.49888653355295,4.0,4.0
-291.0076584510562,-112.32842683772904,4.0,4.0
-290.75188118767704,-111.98748460921279,4.0,4.0
-290.6239467134603,-111.81698685267457,4.0,4.0
-290.49595111449617,-111.64649671000451,4.0,4.0
-290.36792495335806,-111.47597611955356,4.0,4.0
-290.1119948793149,-111.13488926405316,4.0,4.0
-289.98396871722645,-110.96435344893462,4.0,4.0
-289.8559731208034,-110.79384808294517,4.0,4.0
-289.7279164011765,-110.62335032823688,4.0,4.0
-289.47177239919654,-110.28233959287043,4.0,4.0
-289.34368511491283,-110.11179616729298,4.0,4.0
-289.21559782878086,-109.94121467922402,4.0,4.0
-289.0874799787235,-109.77062557767444,4.0,4.0
-288.83225283853784,-109.42855679166604,4.0,4.0
-288.7054491740753,-109.25684874779063,4.0,4.0
-288.57855382197465,-109.08516354033232,4.0,4.0
-288.3250381792499,-108.74159521367565,4.0,4.0
-288.0719198474206,-108.39766152034075,4.0,4.0
-287.8189543300138,-108.05352230450227,4.0,4.0
-287.5660805002852,-107.70926890952302,4.0,4.0
-287.3132066688791,-107.3649241717405,4.0,4.0
-287.0602411490109,-107.02051853835832,4.0,4.0
-286.8071533820252,-106.6760063374335,4.0,4.0
-286.55391280345674,-106.33150175151931,4.0,4.0
-286.3007639101398,-105.98694387935404,4.0,4.0
-286.0475844571405,-105.64243168026353,4.0,4.0
-285.79434388574106,-105.29796515171194,4.0,4.0
-285.5410421878722,-104.95348339778454,4.0,4.0
-285.28774048283015,-104.60891791232245,4.0,4.0
-285.1610285033177,-104.43663897415283,4.0,4.0
-285.03431652290675,-104.26434481178542,4.0,4.0
-284.78080087170906,-103.91977170729736,4.0,4.0
-284.52719352862783,-103.57521382798737,4.0,4.0
-284.4004509799799,-103.40292727300955,4.0,4.0
-284.27364730511357,-103.23064833047924,4.0,4.0
-284.0200705159766,-102.88610566796928,4.0,4.0
-283.7664020323337,-102.54162389846351,4.0,4.0
-283.63953722457245,-102.36934495163428,4.0,4.0
-283.51270297580965,-102.19704316808422,4.0,4.0
-283.2589427838364,-101.85240915317354,4.0,4.0
-283.0050908989584,-101.5077599096505,4.0,4.0
-282.7511778865468,-101.16310305331254,4.0,4.0
-282.49717318546067,-100.81843097279523,4.0,4.0
-282.243107360339,-100.47378933893842,4.0,4.0
-281.98907210146496,-100.12919337701686,4.0,4.0
-281.7349757209921,-99.78462025190771,4.0,4.0
-281.48081821850064,-99.4400851840991,4.0,4.0
-281.3537394681168,-99.26785190380812,4.0,4.0
-281.2266301555445,-99.09561101364821,4.0,4.0
-280.9724726564588,-98.75117489964141,4.0,4.0
-280.8453327817639,-98.57897206760498,4.0,4.0
-280.71822346916775,-98.40679206920208,4.0,4.0
-280.4640354036972,-98.06242446246524,4.0,4.0
-280.20981677352336,-97.71808729888706,4.0,4.0
-280.08267689477805,-97.54595297172483,4.0,4.0
-279.95550645157243,-97.37381102873793,4.0,4.0
-279.7011961224319,-97.02949669838003,4.0,4.0
-279.4468552206775,-96.68510624320149,4.0,4.0
-279.31965420464337,-96.51289579134277,4.0,4.0
-279.19239206282924,-96.34068533929482,4.0,4.0
-278.9378677771652,-95.99627965499545,4.0,4.0
-278.68325180099,-95.65188919536844,4.0,4.0
-278.42872750807004,-95.30749112156863,4.0,4.0
-278.17417265372785,-94.96316155252998,4.0,4.0
-277.91952610980445,-94.61890048916217,4.0,4.0
-277.664879560201,-94.2746165882154,4.0,4.0
-277.41020243879456,-93.93025656512745,4.0,4.0
-277.1553725017751,-93.58584325911082,4.0,4.0
-276.9005120028752,-93.24138427773684,4.0,4.0
-276.6455598160339,-92.89694052260595,4.0,4.0
-276.39060762849107,-92.55251960139202,4.0,4.0
-276.13562488868297,-92.20822808418733,4.0,4.0
-275.8806421540765,-91.86401268582186,4.0,4.0
-275.7531660684831,-91.69189356975804,4.0,4.0
-275.62568998163823,-91.51976684040343,4.0,4.0
-275.3707072430096,-91.17550576918691,4.0,4.0
-275.1156633810819,-90.83121425017245,4.0,4.0
-274.98803448308655,-90.65901140349811,4.0,4.0
-274.8603444603872,-90.48686944989981,4.0,4.0
-274.6051172271094,-90.142585543178,4.0,4.0
-274.34992055550396,-89.79832447154317,4.0,4.0
-274.222383350013,-89.62628147297315,4.0,4.0
-274.09487671060873,-89.45423086417806,4.0,4.0
-273.8397106185432,-89.11025904695009,4.0,4.0
-273.5846056456634,-88.7662187202436,4.0,4.0
-273.3294395371132,-88.42210227106177,4.0,4.0
-273.07415117549147,-88.0779325375959,4.0,4.0
-272.81874056471594,-87.73368668388865,4.0,4.0
-272.5632993916838,-87.38944844198744,4.0,4.0
-272.3078582203057,-87.04522542557434,4.0,4.0
-272.05238650102496,-86.70111658941735,4.0,4.0
-271.79691479033374,-86.35711432168749,4.0,4.0
-271.5414736453766,-86.0131120537009,4.0,4.0
-271.413753072535,-85.84113756164723,4.0,4.0
-271.2860324994838,-85.6691402330978,4.0,4.0
-271.03046910390475,-85.3251760231334,4.0,4.0
-270.7748140222368,-84.98118136571853,4.0,4.0
-270.6470017629748,-84.80919925970937,4.0,4.0
-270.51915894107407,-84.63720954360619,4.0,4.0
-270.2635344222436,-84.2932605544483,4.0,4.0
-270.00778765899423,-83.94937246415412,4.0,4.0
-269.87994484170764,-83.77743602911474,4.0,4.0
-269.7520408996712,-83.60553004320278,4.0,4.0
-269.49629414086644,-83.26171806899497,4.0,4.0
-269.24057794307265,-82.91792131918871,4.0,4.0
-269.11264343743034,-82.74602294483304,4.0,4.0
-268.98470893133236,-82.57414740209745,4.0,4.0
-268.7288093555498,-82.23035064967769,4.0,4.0
-268.472940340984,-81.88659956707227,4.0,4.0
-268.21697963767275,-81.54287131819538,4.0,4.0
-267.9609578077176,-81.19915829166304,4.0,4.0
-267.70487485113006,-80.85547571237713,4.0,4.0
-267.44882245576713,-80.51180074212604,4.0,4.0
-267.19267837181826,-80.16815622007442,4.0,4.0
-266.93650372420217,-79.82451930721624,4.0,4.0
-266.6802985128876,-79.48092045165515,4.0,4.0
-266.4241238631159,-79.13735204613275,4.0,4.0
-266.1677964003951,-78.79380647310066,4.0,4.0
-265.91140781152103,-78.4502685129712,4.0,4.0
-265.6550497842078,-78.10675338461996,4.0,4.0
-265.5268707704779,-77.93499962594566,4.0,4.0
-265.39866119433105,-77.76326109166978,4.0,4.0
-265.1422114803893,-77.41982208254379,4.0,4.0
-264.88570064134535,-77.07642874226303,4.0,4.0
-264.757460502155,-76.90475871319964,4.0,4.0
-264.6292203624513,-76.73310390821999,4.0,4.0
-264.37277064463024,-76.38979429702162,4.0,4.0
-264.11616811489364,-76.04650751865792,4.0,4.0
-263.9878362868037,-75.87485271176622,4.0,4.0
-263.85950445705726,-75.70320551745061,4.0,4.0
-263.60277966996625,-75.3598654536306,4.0,4.0
-263.34602432181816,-75.01654822592127,4.0,4.0
-263.0891772910983,-74.67334517637697,4.0,4.0
-262.83233026464967,-74.33021063504458,4.0,4.0
-262.57557492405164,-73.9871902680071,4.0,4.0
-262.3188501455729,-73.64416990308897,4.0,4.0
-262.06200311955774,-73.30115714673413,4.0,4.0
-261.80491159101564,-72.95812155463464,4.0,4.0
-261.67633526096347,-72.78657331150164,4.0,4.0
-261.5478200554339,-72.6149946193359,4.0,4.0
-261.29066739890146,-72.2718448461341,4.0,4.0
-261.0333925047735,-71.92889298675009,4.0,4.0
-260.7760870595135,-71.58606291766925,4.0,4.0
-260.5188121804507,-71.24334702599533,4.0,4.0
-260.3902053043439,-71.07200430457762,4.0,4.0
-260.26162899129366,-70.90065397169258,4.0,4.0
-260.00441524193917,-70.55799897474802,4.0,4.0
-259.7469569892966,-70.21531352898646,4.0,4.0
-259.6182278602636,-70.0439479692899,4.0,4.0
-259.4894681678455,-69.87257479903919,4.0,4.0
-259.23197934692996,-69.52982845518684,4.0,4.0
-258.97442940619555,-69.1872039023574,4.0,4.0
-258.8456085944663,-69.01589923849997,4.0,4.0
-258.71678778247417,-68.84464024345277,4.0,4.0
-258.45926840716226,-68.50219837576961,4.0,4.0
-258.2017490310647,-68.15975650304368,4.0,4.0
-258.07295878081186,-67.9885507915292,4.0,4.0
-257.9441379693181,-67.81736030307019,4.0,4.0
-257.6863435244504,-67.47488798212291,4.0,4.0
-257.42848794773096,-67.1323319292099,4.0,4.0
-257.1705712474912,-66.78978348482636,4.0,4.0
-256.9125628674192,-66.44738728113259,4.0,4.0
-256.65452393123593,-66.10507480868338,4.0,4.0
-256.52555030791206,-65.93394521184888,4.0,4.0
-256.39654612252104,-65.7628308399699,4.0,4.0
-256.1385224714498,-65.42062493293938,4.0,4.0
-255.88046825857603,-65.07845708372534,4.0,4.0
-255.7514335099453,-64.9073655461065,4.0,4.0
-255.622368197679,-64.73627400788747,4.0,4.0
-255.36420700880313,-64.39410615410601,4.0,4.0
-255.23508057022153,-64.22302222715592,4.0,4.0
-255.10596941279502,-64.05195352369239,4.0,4.0
-254.84771653616215,-63.70984656526782,4.0,4.0
-254.58943309561374,-63.36780049793947,4.0,4.0
-254.460291374949,-63.19680791242459,4.0,4.0
-254.33113437286002,-63.02579629704937,4.0,4.0
-254.0728356497854,-62.68380731658531,4.0,4.0
-253.81438411257162,-62.341829754203104,4.0,4.0
-253.6851354205918,-62.170837165789905,4.0,4.0
-253.55585616546492,-61.99984457690151,4.0,4.0
-253.2973434998368,-61.6578517886652,4.0,4.0
-253.03875443097664,-61.315931311362625,4.0,4.0
-252.9094293354216,-61.14501484202481,4.0,4.0
-252.78011952128563,-60.97412120653641,4.0,4.0
-252.52153045584794,-60.632371995633875,4.0,4.0
-252.2629261097358,-60.29064181397506,4.0,4.0
-252.00426063929646,-59.94895349711241,4.0,4.0
-251.7454423516914,-59.60723473083593,4.0,4.0
-251.4866240617377,-59.26551215657901,4.0,4.0
-251.35720727637607,-59.094656577005956,4.0,4.0
-251.22775992947027,-58.923835251794785,4.0,4.0
-250.96886523738434,-58.58224207958751,4.0,4.0
-250.7099552639672,-58.24075166505962,4.0,4.0
-250.45106057137755,-57.899303115207715,4.0,4.0
-250.19210475216732,-57.55789262215266,4.0,4.0
-250.0626268397447,-57.387177861220536,4.0,4.0
-249.93313364440223,-57.216466904536745,4.0,4.0
-249.67402499967625,-56.87503737905525,4.0,4.0
-249.41490107008755,-56.53362307497049,4.0,4.0
-249.28531618235996,-56.362915920297,4.0,4.0
-249.1557465752174,-56.192227796346764,4.0,4.0
-248.89656151545603,-55.85087438443917,4.0,4.0
-248.63733061074777,-55.50951336039443,4.0,4.0
-248.50768459618484,-55.33885187619799,4.0,4.0
-248.3780233002374,-55.168194199373545,4.0,4.0
-248.11863958186402,-54.82685981427067,4.0,4.0
-247.85919473821525,-54.48552923354574,4.0,4.0
-247.72947231725004,-54.314875359991305,4.0,4.0
-247.5997346159579,-54.14426335257677,4.0,4.0
-247.34025921501294,-53.80311545491355,4.0,4.0
-247.0819451906002,-53.461168314441075,4.0,4.0
-246.82815441970385,-53.11592904495991,4.0,4.0
-246.57852015217222,-52.767264441688454,4.0,4.0
-246.33015422549923,-52.4177739487128,4.0,4.0
-246.08328586236533,-52.06727107885968,4.0,4.0
-245.83730381443914,-51.71634194443156,4.0,4.0
-245.5917802044885,-51.36532527486115,4.0,4.0
-245.34650109496118,-51.01420584426175,4.0,4.0
-245.10117614124843,-50.66303693480033,4.0,4.0
-244.97848309507683,-50.48738206757286,4.0,4.0
-244.85575948248194,-50.31171958944314,4.0,4.0
-244.61029696822436,-49.96031089688809,4.0,4.0
-244.36469692033046,-49.60890601126454,4.0,4.0
-244.24186633477936,-49.433205471683586,4.0,4.0
-244.11905103080306,-49.25752015591078,4.0,4.0
-243.87338986127364,-48.90615332562001,4.0,4.0
-243.62774397459603,-48.55482455841933,4.0,4.0
-243.50488282962323,-48.379181105396796,4.0,4.0
-243.3820369668827,-48.203533847436276,4.0,4.0
-243.13625355571529,-47.85230403166365,4.0,4.0
-242.89054655085306,-47.501173170368034,4.0,4.0
-242.76768540771073,-47.325628670289134,4.0,4.0
-242.6448089835476,-47.15008036438747,4.0,4.0
-242.39894916807498,-46.799018008318654,4.0,4.0
-242.1530587894704,-46.44794423269092,4.0,4.0
-241.90710728103912,-46.09686284284993,4.0,4.0
-241.66112521051457,-45.745815707268804,4.0,4.0
-241.41508201923997,-45.394890357960634,4.0,4.0
-241.29206806538366,-45.219456227418256,4.0,4.0
-241.16905411212363,-45.04402971314259,4.0,4.0
-240.92302620621783,-44.69321092878854,4.0,4.0
-240.67699829768765,-44.34240356205821,4.0,4.0
-240.5539537797038,-44.16700749095742,4.0,4.0
-240.43086341715093,-43.991638059659564,4.0,4.0
-240.18471325290653,-43.640922032150236,4.0,4.0
-240.06162288889047,-43.46557543572346,4.0,4.0
-239.93854780612597,-43.29022884047686,4.0,4.0
-239.81545744188904,-43.114897468048994,4.0,4.0
-239.69233651442542,-42.93955848337352,4.0,4.0
-239.44598768645426,-42.58887289815592,4.0,4.0
-239.3228514736064,-42.413545330956296,4.0,4.0
-239.19969997874605,-42.23825582005746,4.0,4.0
-238.9533205821679,-41.887676799902195,4.0,4.0
-238.7068647797658,-41.53713583849356,4.0,4.0
-238.5836368784045,-41.36186916235504,4.0,4.0
-238.46039369380608,-41.186583456855665,4.0,4.0
-238.33711994454347,-41.01130155684353,4.0,4.0
-238.21387675639428,-40.83601584819266,4.0,4.0
-237.96729869237467,-40.48549010660051,4.0,4.0
-237.84397909850946,-40.310250070506356,4.0,4.0
-237.72064422367046,-40.13501764744625,4.0,4.0
-237.5973246304627,-39.95979283385572,4.0,4.0
-237.4740203184233,-39.78456421379048,4.0,4.0
-237.22732000381657,-39.43410697522286,4.0,4.0
-237.10393928372733,-39.25886313149394,4.0,4.0
-236.98049743883573,-39.08364973595319,4.0,4.0
-236.85705559364843,-38.90845156207803,4.0,4.0
-236.7336443103265,-38.73326861280706,4.0,4.0
-236.4868828672188,-38.38296360755945,4.0,4.0
-236.36350214599526,-38.20784155317117,4.0,4.0
-236.24013670695393,-38.03274233222187,4.0,4.0
-236.11672542365469,-37.85765453055155,4.0,4.0
-235.9932988576519,-37.68252486181798,4.0,4.0
-235.74630818964002,-37.332200822694055,4.0,4.0
-235.62280521368132,-37.15701406606137,4.0,4.0
-235.49927167455832,-36.98182350139966,4.0,4.0
-235.3757228541222,-36.80662151799326,4.0,4.0
-235.12851824874943,-36.456133823399654,4.0,4.0
-235.00489302871785,-36.280912811885564,4.0,4.0
-234.88126781160238,-36.10572605364038,4.0,4.0
-234.75764259689927,-35.930565935626575,4.0,4.0
-234.63400210263228,-35.75542484972378,4.0,4.0
-234.38682809071744,-35.4052682726536,4.0,4.0
-234.2633098545691,-35.23029464745755,4.0,4.0
-234.1397763385176,-35.05533243673253,4.0,4.0
-234.01622754249388,-34.88037403635968,4.0,4.0
-233.89244952860693,-34.70557167642431,4.0,4.0
-233.6444961897496,-34.3561991197716,4.0,4.0
-233.52051951466746,-34.18148429517303,4.0,4.0
-233.3964969903071,-34.00680372466023,4.0,4.0
-233.27245918354436,-33.8321497934274,4.0,4.0
-233.0241543567099,-33.482986557580375,4.0,4.0
-232.89997902342535,-33.30844680381762,4.0,4.0
-232.77577312831687,-33.133918467100685,4.0,4.0
-232.5272543577061,-32.78480851228207,4.0,4.0
-232.278720296978,-32.43572519437677,4.0,4.0
-232.0301251095441,-32.08670277168879,4.0,4.0
-231.78151463863577,-31.73772792153831,4.0,4.0
-231.5328736014033,-31.38875877788424,4.0,4.0
-231.4084843145108,-31.21425327413937,4.0,4.0
-231.2840797450523,-31.03974586561089,4.0,4.0
-231.0352553207447,-30.690729145200358,4.0,4.0
-230.78640033105077,-30.341712423857736,4.0,4.0
-230.66193463401518,-30.16719740142756,4.0,4.0
-230.53743837511146,-29.99268808855095,4.0,4.0
-230.4129573976967,-29.818176872784182,4.0,4.0
-230.16294103291375,-29.470121144891216,4.0,4.0
-230.0365040525917,-29.297360655918794,4.0,4.0
-229.90858479221225,-29.125882762373372,4.0,4.0
-229.77936662626797,-28.955314486674467,4.0,4.0
-229.5196925147369,-28.61456613783783,4.0,4.0
-229.38928240950162,-28.444580167838,4.0,4.0
-229.25847498878935,-28.274841583381672,4.0,4.0
-229.127377224237,-28.105331353702255,4.0,4.0
-228.73298368107353,-27.597645577400822,4.0,4.0
-228.46974901938432,-27.259688869525633,4.0,4.0
-228.33797887446394,-27.090751430366,4.0,4.0
-228.20616288466934,-26.921802572295356,4.0,4.0
-228.07434689401163,-26.752859422022045,4.0,4.0
-227.8106232187445,-26.41493125730756,4.0,4.0
-227.67866968466032,-26.245910085420594,4.0,4.0
-227.54670086862544,-26.07688320166563,4.0,4.0
-227.41464036832284,-25.907852514457876,4.0,4.0
-227.28257987080386,-25.738823729466834,4.0,4.0
-227.1505346562207,-25.5697816234472,4.0,4.0
-227.01847415969397,-25.40080231469733,4.0,4.0
-226.88642894265763,-25.231866775504365,4.0,4.0
-226.62233851800738,-24.89406991160106,4.0,4.0
-226.49026275033114,-24.725212393667313,4.0,4.0
-226.35818698617084,-24.556381515535456,4.0,4.0
-226.22618762938052,-24.387537319530573,4.0,4.0
-226.09409658094438,-24.21870263603597,4.0,4.0
-225.96202080940395,-24.04988888527929,4.0,4.0
-225.8299144760503,-23.88112080377887,4.0,4.0
-225.6978234252927,-23.712371752612356,4.0,4.0
-225.5657323754647,-23.54364553834385,4.0,4.0
-225.43368716973563,-23.374938353071904,4.0,4.0
-225.16953562837125,-23.037579164692673,4.0,4.0
-225.0374598535535,-22.86892906762234,4.0,4.0
-224.90535351318044,-22.700296094831813,4.0,4.0
-224.77324717041174,-22.531666929450914,4.0,4.0
-224.64114082533817,-22.36303395525497,4.0,4.0
-224.50904975885513,-22.194406690762936,4.0,4.0
-224.37694340787675,-22.025792745161098,4.0,4.0
-224.24477592709243,-21.85719783067301,4.0,4.0
-224.11260844113323,-21.688621943995287,4.0,4.0
-223.98044095096674,-21.52005366830125,4.0,4.0
-223.84824289507725,-21.35148919898044,4.0,4.0
-223.71604483657615,-21.182913311337522,4.0,4.0
-223.5838620569388,-21.01430126694202,4.0,4.0
-223.31943536156214,-20.67706195169854,4.0,4.0
-223.18716088116142,-20.508427070126064,4.0,4.0
-223.05484055312476,-20.33976744865965,4.0,4.0
-222.9225355037896,-20.171107827439684,4.0,4.0
-222.79021517216788,-20.002461527783822,4.0,4.0
-222.657894840647,-19.833815226525097,4.0,4.0
-222.52554394578394,-19.665159407704277,4.0,4.0
-222.39319304988717,-19.496503593690875,4.0,4.0
-222.12745213012607,-19.160143441323523,4.0,4.0
-221.99320635533306,-18.993274507485605,4.0,4.0
-221.8580131410378,-18.82725429578894,4.0,4.0
-221.7226059889874,-18.661194119924158,4.0,4.0
-221.58700018156296,-18.495183422389335,4.0,4.0
-221.4511193127751,-18.32940107960166,4.0,4.0
-221.17876160330945,-17.998270270885737,4.0,4.0
-221.04225419702428,-17.833062621879957,4.0,4.0
-220.9056092589708,-17.66798627931598,4.0,4.0
-220.76891848084188,-17.502879487781485,4.0,4.0
-220.4953535599657,-17.17264307082237,4.0,4.0
-220.3586322251135,-17.007488705351516,4.0,4.0
-220.2218344786912,-16.8423609819771,4.0,4.0
-220.08485334981452,-16.677366463489566,4.0,4.0
-219.81078413503536,-16.34746306308624,4.0,4.0
-219.67380302228787,-16.18248377131384,4.0,4.0
-219.5366691017279,-16.0177119000478,4.0,4.0
-219.39893921226735,-15.853528046990125,4.0,4.0
-219.11993417653258,-15.528674160576362,4.0,4.0
-218.97824644087677,-15.368352369896684,4.0,4.0
-218.83489305015777,-15.209430210613688,4.0,4.0
-218.69017962868153,-15.051684081526805,4.0,4.0
-218.39894960046732,-14.737422091312911,4.0,4.0
-218.25255524419026,-14.580969977886811,4.0,4.0
-218.10568717052288,-14.424872765618602,4.0,4.0
-217.95845234785938,-14.269064806442417,4.0,4.0
-217.66344785846297,-13.957970296970796,4.0,4.0
-217.51569347008558,-13.802695164893453,4.0,4.0
-217.367832110712,-13.647607475811775,4.0,4.0
-217.2198943454625,-13.492577825630399,4.0,4.0
-217.0719718632742,-13.337551982909247,4.0,4.0
-216.77598937141366,-13.02754882181577,4.0,4.0
-216.62802104373594,-12.8724887247098,4.0,4.0
-216.4799304605623,-12.71744385008633,4.0,4.0
-216.18255734422834,-12.40851490880626,4.0,4.0
-215.8818987549353,-12.103235850869769,4.0,4.0
-215.73093528578667,-11.95101687548261,4.0,4.0
-215.57977315890463,-11.798954896954706,4.0,4.0
-215.27673068298958,-11.495618762576179,4.0,4.0
-214.97290886132373,-11.19295056778752,4.0,4.0
-214.66859803690613,-10.890592557043945,4.0,4.0
-214.36396629726173,-10.588280214880623,4.0,4.0
-214.2115969407219,-10.437179230886308,4.0,4.0
-214.05919702084734,-10.286092517643418,4.0,4.0
-213.75341918233258,-9.98509512344743,4.0,4.0
-213.44411138222821,-9.68845741684961,4.0,4.0
-213.28773834213854,-9.541946380664548,4.0,4.0
-213.13084573928586,-9.395628492213866,4.0,4.0
-212.81623534683249,-9.103771984040792,4.0,4.0
-212.50031077142782,-8.813351258699694,4.0,4.0
-212.34208870657784,-8.668489139348598,4.0,4.0
-212.18372911369795,-8.523769741595071,4.0,4.0
-211.86684184066385,-8.234632567551532,4.0,4.0
-211.54975591164165,-7.9457299311387946,4.0,4.0
-211.23160029403596,-7.658097523929578,4.0,4.0
-210.9103884259777,-7.374431366911281,4.0,4.0
-210.58777067968617,-7.091841809603202,4.0,4.0
-210.26422077599088,-6.810208495457264,4.0,4.0
-209.9400137835937,-6.529322566222228,4.0,4.0
-209.61548588743028,-6.248858618557392,4.0,4.0
-209.29072876900602,-5.968625881531282,4.0,4.0
-208.96514645692713,-5.689773744007426,4.0,4.0
-208.63624810713057,-5.415699945539022,4.0,4.0
-208.3022763751428,-5.1478469362860455,4.0,4.0
-207.96245190117637,-4.8872332755660945,4.0,4.0
-207.79026274921253,-4.759963097784392,4.0,4.0
-207.61642321756588,-4.634838988996402,4.0,4.0
-207.26409865265526,-4.391360562930235,4.0,4.0
-206.90509617610408,-4.158171459271447,4.0,4.0
-206.72283666667926,-4.0460640964061305,4.0,4.0
-206.53911015385611,-3.9356848616866196,4.0,4.0
-206.16936493549179,-3.7176428714390353,4.0,4.0
-205.7974497834315,-3.5028549498540045,4.0,4.0
-205.61088096132784,-3.3963332612762573,4.0,4.0
-205.4240829223974,-3.2901933531619223,4.0,4.0
-205.050058971721,-3.0786173958997862,4.0,4.0
-204.67589748997244,-2.8677162751524796,4.0,4.0
-204.30175129679313,-2.657199080071073,4.0,4.0
-203.92758982677387,-2.4468771746203557,4.0,4.0
-203.5532296930074,-2.236524820945167,4.0,4.0
-203.17871673227125,-2.0261662831006775,4.0,4.0
-202.80408151137215,-1.8157954935563754,4.0,4.0
-202.4294462922473,-1.6054923763857796,4.0,4.0
-202.05474995451277,-1.3951771290277375,4.0,4.0
-201.6795187749782,-1.1861635106828263,4.0,4.0
-201.30207180969134,-0.9823610360616035,4.0,4.0
-200.92101846802194,-0.7859888610880814,4.0,4.0
-200.53576278530602,-0.5979227059034851,4.0,4.0
-200.14624362952634,-0.4191655806836194,4.0,4.0
-199.94980310652335,-0.3334470866952539,4.0,4.0
-199.75235402027673,-0.25030029847181856,4.0,4.0
-199.35479691120173,-0.08921847731278731,4.0,4.0
-199.1553918263703,-0.00989236311641517,4.0,4.0
-198.95563527307286,0.06862446104845543,4.0,4.0
-198.7555730906472,0.1464972066670195,4.0,4.0
-198.5552816867332,0.22392556066802038,4.0,4.0
-198.15425572489244,0.37767677953811984,4.0,4.0
-197.95361285473766,0.45424270429224034,4.0,4.0
-197.7529088602797,0.5306819619397793,4.0,4.0
-197.55220486521497,0.6070571444770757,4.0,4.0
-197.3514397416787,0.6833965864896332,4.0,4.0
-196.94990949556654,0.8358722117806978,4.0,4.0
-196.74908324983323,0.9120441334222011,4.0,4.0
-196.54825700530895,0.9881973219564872,4.0,4.0
-196.3474613241776,1.064335408566302,4.0,4.0
-196.146558673307,1.1404794994741003,4.0,4.0
-195.74475336535426,1.292814898876113,4.0,4.0
-195.54382015177234,1.3689173652351043,4.0,4.0
-195.34285637786903,1.444998777522823,4.0,4.0
-195.14193844873597,1.5210935115266369,4.0,4.0
-194.94105108275463,1.597112008224341,4.0,4.0
-194.53923051507246,1.7491554240422191,4.0,4.0
-194.33831259448328,1.8251894992840605,4.0,4.0
-194.1373793945302,1.901213588046352,4.0,4.0
-193.9364156334096,1.9772396967825054,4.0,4.0
-193.735497715003,2.053328127309619,4.0,4.0
-193.5344575441259,2.1290577305714224,4.0,4.0
-193.13167427309415,2.277287371445209,4.0,4.0
-192.92965610970472,2.3488371154267944,4.0,4.0
-192.72699613446554,2.4184320396163996,4.0,4.0
-192.52367906500416,2.4859972165752184,4.0,4.0
-192.3196284926775,2.551406810832799,4.0,4.0
-192.11482913420033,2.6149217685005293,4.0,4.0
-191.9096477416609,2.6776001344719096,4.0,4.0
-191.70425241027908,2.739657658411015,4.0,4.0
-191.49858201519478,2.8009770700550947,4.0,4.0
-191.2927129627038,2.8616849178698276,4.0,4.0
-190.88050113626366,2.9818244378286907,4.0,4.0
-190.67425005035705,3.041490650655402,4.0,4.0
-190.46793783634206,3.100998680879595,4.0,4.0
-190.26157977527004,3.160388487344927,4.0,4.0
-190.05520643043172,3.219700986291702,4.0,4.0
-189.8487719584301,3.278958538729399,4.0,4.0
-189.64230692211046,3.3381766036499387,4.0,4.0
-189.4358571661532,3.397338770371477,4.0,4.0
-189.0227742757215,3.5156795142719686,4.0,4.0
-188.81624810804644,3.5748316882868827,4.0,4.0
-188.60967609478152,3.633969354411538,4.0,4.0
-188.4031193610193,3.693095363129059,4.0,4.0
-188.19651678207163,3.751959716235524,4.0,4.0
-187.98970026532186,3.8099113588334883,4.0,4.0
-187.78270037375142,3.866473362594272,4.0,4.0
-187.57533372865728,3.9211875892016885,4.0,4.0
-187.15913342538218,4.024542969940292,4.0,4.0
-186.95020808036102,4.072932460577803,4.0,4.0
-186.7407784506125,4.118923738923549,4.0,4.0
-186.53085981786447,4.162879798713321,4.0,4.0
-186.32052858999884,4.205907210954388,4.0,4.0
-185.8992701578971,4.289854981157784,4.0,4.0
-185.68831239088777,4.330787231402656,4.0,4.0
-185.47724765308445,4.371221857632408,4.0,4.0
-185.26604538254398,4.411295870675227,4.0,4.0
-184.84357971479236,4.490722673832675,4.0,4.0
-184.63228575682987,4.530240071304475,4.0,4.0
-184.42094595586863,4.569680398863812,4.0,4.0
-184.209560311866,4.609059353787449,4.0,4.0
-183.99818994976468,4.648390736524429,4.0,4.0
-183.78678902577457,4.687687389739452,4.0,4.0
-183.36397189833392,4.766215519697604,4.0,4.0
-183.1526321018089,4.805444142551343,4.0,4.0
-182.9413228703751,4.8446389883396925,4.0,4.0
-182.73001364119997,4.883813851521625,4.0,4.0
-182.51873497635682,4.922972064443102,4.0,4.0
-182.0961929320145,5.001239014289539,4.0,4.0
-181.88494483266822,5.040362023257533,4.0,4.0
-181.67368145150115,5.079461720220375,4.0,4.0
-181.4623875082518,5.118552377844615,4.0,4.0
-181.25112412821426,5.15763019215799,4.0,4.0
-180.82862793194363,5.235743952804951,4.0,4.0
-180.61739511545986,5.274779901117129,4.0,4.0
-180.40617758049603,5.31379824781288,4.0,4.0
-180.1949753283983,5.352759027909668,4.0,4.0
-179.98375779638926,5.391758820600924,4.0,4.0
-179.772524982777,5.43077716546697,4.0,4.0
-179.35015104235978,5.508781507857087,4.0,4.0
-179.13893350931042,5.5477656005542455,4.0,4.0
-178.9277159760554,5.586739703029715,4.0,4.0
-178.7164984435206,5.625687163546415,4.0,4.0
-178.50531147453748,5.664642712312772,4.0,4.0
-178.2941092246986,5.703310438436375,4.0,4.0
-178.08283056839366,5.741095187836166,4.0,4.0
-177.65990650342212,5.811892056519099,4.0,4.0
-177.44810828134794,5.844308070614495,4.0,4.0
-177.2359585884288,5.874614173828562,4.0,4.0
-177.02345742371008,5.902643381948181,4.0,4.0
-176.810620067899,5.92870111751312,4.0,4.0
-176.59749236690467,5.953877306578781,4.0,4.0
-176.1707785233269,6.0021920866108385,4.0,4.0
-175.95728406843935,6.0253420974603,4.0,4.0
-175.74372848750804,6.048005420781116,4.0,4.0
-175.5300964999903,6.070303378624837,4.0,4.0
-175.31644923149648,6.092350144069103,4.0,4.0
-175.10275611962743,6.114226118090544,4.0,4.0
-174.8890324446623,6.135976972692221,4.0,4.0
-174.46155452787815,6.179308843498814,4.0,4.0
-174.2478002867088,6.2009008002491735,4.0,4.0
-174.03396963833737,6.222459931088439,4.0,4.0
-173.82010842699646,6.243992420181728,4.0,4.0
-173.60621665266729,6.265503977364374,4.0,4.0
-173.39234015907024,6.287006971574151,4.0,4.0
-173.178448384427,6.308484275133452,4.0,4.0
-172.96457189148322,6.32994350021316,4.0,4.0
-172.75069539882278,6.351389405471318,4.0,4.0
-172.32300353900462,6.394246487227754,4.0,4.0
-172.10912704690398,6.415659089538849,4.0,4.0
-171.89528111764542,6.437051235225331,4.0,4.0
-171.68140462654512,6.458416740696197,4.0,4.0
-171.46752813554266,6.479781294027432,4.0,4.0
-171.03979043328386,6.522550363301466,4.0,4.0
-170.82591394093785,6.543917771457187,4.0,4.0
-170.6120527296235,6.565272334429997,4.0,4.0
-170.3981762368176,6.5866116745430485,4.0,4.0
-170.18436087083657,6.607930080232295,4.0,4.0
-169.75662317352518,6.650525980360211,4.0,4.0
-169.54276196520533,6.671848669958684,4.0,4.0
-169.32887019410646,6.693159463795784,4.0,4.0
-169.11497842280525,6.714458841885778,4.0,4.0
-168.68721016158054,6.7567593076558286,4.0,4.0
-168.47331839300156,6.77684839927268,4.0,4.0
-168.2594113449848,6.795497424802459,4.0,4.0
-168.0454737347672,6.812269176503564,4.0,4.0
-167.83142915560614,6.827490964489563,4.0,4.0
-167.40285099672423,6.856711884439723,4.0,4.0
-167.1885007926415,6.870636803464258,4.0,4.0
-166.97412002732392,6.884082173997259,4.0,4.0
-166.75967814128097,6.897130302196862,4.0,4.0
-166.54514457002554,6.909864442470511,4.0,4.0
-166.1161996777112,6.935027294810467,4.0,4.0
-165.90169666885927,6.947453153519579,4.0,4.0
-165.68722422229044,6.959803846499827,4.0,4.0
-165.47273649425208,6.972098875948572,4.0,4.0
-165.04388329724685,6.996486747135089,4.0,4.0
-164.8294261367808,7.008699951974354,4.0,4.0
-164.61498425664996,7.02091458267314,4.0,4.0
-164.40054237572556,7.033113037144309,4.0,4.0
-164.18606993155913,7.045293414811099,4.0,4.0
-163.75714032281297,7.069604690502752,4.0,4.0
-163.54268315912603,7.081747960928272,4.0,4.0
-163.32822599520136,7.093863637979019,4.0,4.0
-163.1137535494491,7.1059755064165095,4.0,4.0
-162.89929638442442,7.118075008850636,4.0,4.0
-162.47032092809647,7.142240709327028,4.0,4.0
-162.25584848061013,7.154306909650643,4.0,4.0
-162.0413607515027,7.166107645894062,4.0,4.0
-161.8268730208476,7.177023028026863,4.0,4.0
-161.61246169513137,7.186513091910394,4.0,4.0
-161.18376128945016,7.199583562671614,4.0,4.0
-160.96933467804467,7.202954646143349,4.0,4.0
-160.75478581493522,7.204497456317258,4.0,4.0
-160.54008413813102,7.2052595750623,4.0,4.0
-160.32530605421147,7.205450806495211,4.0,4.0
-159.89565819633015,7.203781397391856,4.0,4.0
-159.68075786038924,7.202168143268533,4.0,4.0
-159.46585752409908,7.200214258004722,4.0,4.0
-159.2509419062934,7.198020123144472,4.0,4.0
-159.03602628845144,7.1956566262577315,4.0,4.0
-158.82111067039628,7.193174668481655,4.0,4.0
-158.6061797709557,7.190608980467334,4.0,4.0
-158.17633325306525,7.185345350705568,4.0,4.0
-157.96140235399528,7.1826397941879305,4.0,4.0
-157.74647145533834,7.179898082276246,4.0,4.0
-157.53154055696848,7.177135914392014,4.0,4.0
-157.316594377592,7.1743585226470215,4.0,4.0
-157.10164819849734,7.171567332536011,4.0,4.0
-156.88673258135788,7.168766630000141,4.0,4.0
-156.45684022183423,7.163152853577846,4.0,4.0
-156.24190932428778,7.160300295313512,4.0,4.0
-156.02699370860893,7.157434890847849,4.0,4.0
-155.81207809333935,7.1545599715830335,4.0,4.0
-155.59714719720444,7.151674110932998,4.0,4.0
-155.38224686387713,7.148779686071931,4.0,4.0
-154.95241563498303,7.14297942113999,4.0,4.0
-154.73748474028415,7.140058831158985,4.0,4.0
-154.5225691274865,7.1371125526900405,4.0,4.0
-154.3076687965391,7.133898904700432,4.0,4.0
-154.09286015338344,7.129800382896189,4.0,4.0
-153.66330399221076,7.120331678897209,4.0,4.0
-153.44846478809006,7.115529534446011,4.0,4.0
-153.23359502302003,7.1105294810241135,4.0,4.0
-153.0187711029429,7.105376239747744,4.0,4.0
-152.58910798447252,7.094749107537129,4.0,4.0
-152.37431462930306,7.089321839959704,4.0,4.0
-152.15950599307277,7.083841764690506,4.0,4.0
-151.94475848376752,7.078323630190992,4.0,4.0
-151.73001097638482,7.072756495131539,4.0,4.0
-151.30048540121163,7.061593679999953,4.0,4.0
-151.08575317641584,7.055997999487332,4.0,4.0
-150.8709903891074,7.050386620736392,4.0,4.0
-150.6562581643965,7.0447595435002315,4.0,4.0
-150.22676315378743,7.033463520053036,4.0,4.0
-150.01200036892436,7.027791723884803,4.0,4.0
-149.7972223035847,7.022107555931189,4.0,4.0
-149.58245952002966,7.016413873865544,4.0,4.0
-149.15290339156087,7.0049913042134655,4.0,4.0
-148.93811004637888,6.999260990118308,4.0,4.0
-148.7233625460115,6.9935192592580675,4.0,4.0
-148.5085997660274,6.98776468357773,4.0,4.0
-148.0791047711462,6.976203198915938,4.0,4.0
-147.864387836619,6.970421029590581,4.0,4.0
-147.64968618355132,6.964628393267462,4.0,4.0
-147.4349539679348,6.958821486303956,4.0,4.0
-147.22023703366096,6.953002209008947,4.0,4.0
-146.79077260496706,6.941277546584551,4.0,4.0
-146.5759945462076,6.935406412937514,4.0,4.0
-146.3612623301452,6.929563826037814,4.0,4.0
-146.1465453943174,6.923711721962938,4.0,4.0
-145.71708095792013,6.911965175563372,4.0,4.0
-145.50237930257077,6.906061693728599,4.0,4.0
-145.2876165236462,6.900126809530928,4.0,4.0
-145.0728384629229,6.894179558424593,4.0,4.0
-144.85802983834728,6.888267036627711,4.0,4.0
-144.4283667424007,6.8764220120702895,4.0,4.0
-144.2135275525115,6.870477139061952,4.0,4.0
-143.99867308136456,6.864517517806155,4.0,4.0
-143.78386445628917,6.858541722930014,4.0,4.0
-143.569025270096,6.852521683074379,4.0,4.0
-143.35420136518974,6.846531140221257,4.0,4.0
-142.9246146800715,6.834537209306845,4.0,4.0
-142.70983661859208,6.828520024627322,4.0,4.0
-142.495043275689,6.822484285424772,4.0,4.0
-142.2802499339487,6.816432370827641,4.0,4.0
-142.06544131147766,6.810340973228262,4.0,4.0
-141.63579350293998,6.798211929523143,4.0,4.0
-141.42096959807813,6.792133374080392,4.0,4.0
-141.20616097402856,6.785785550117583,4.0,4.0
-140.99144403704582,6.778554275465097,4.0,4.0
-140.56259085134903,6.759979895052115,4.0,4.0
-140.3480878516169,6.749903213204238,4.0,4.0
-140.13355428863358,6.739647653121823,4.0,4.0
-139.91905128747655,6.7290348107497255,4.0,4.0
-139.4900300036869,6.706849558841374,4.0,4.0
-139.27546587675806,6.695477434898141,4.0,4.0
-139.06088646705552,6.683971151528231,4.0,4.0
-138.846307056188,6.672364012463161,4.0,4.0
-138.63169708176457,6.660684559156045,4.0,4.0
-138.20249241250468,6.637162473451042,4.0,4.0
-137.98791300030763,6.625341249588167,4.0,4.0
-137.77333358906702,6.613527638518857,4.0,4.0
-137.558769459473,6.601699754558785,4.0,4.0
-137.34422061136763,6.589853793401906,4.0,4.0
-136.91510763436128,6.5661090618384765,4.0,4.0
-136.70055878659264,6.554212195174117,4.0,4.0
-136.48599465751022,6.542298201823748,4.0,4.0
-136.2714305282318,6.530376598445954,4.0,4.0
-135.84231755052744,6.5065005626532795,4.0,4.0
-135.62778398323815,6.49454422831001,4.0,4.0
-135.4132656969821,6.482576475890479,4.0,4.0
-135.19877797318043,6.470342311615245,4.0,4.0
-134.98442778069804,6.457223743294973,4.0,4.0
-134.77032208833086,6.442686990600919,4.0,4.0
-134.55649145798512,6.426247748971816,4.0,4.0
-134.1287079450578,6.389759823525609,4.0,4.0
-133.91469393798502,6.370957100687749,4.0,4.0
-133.7007410560209,6.351604424359084,4.0,4.0
-133.48677289318564,6.331752695088223,4.0,4.0
-133.2727436059614,6.311578887692368,4.0,4.0
-133.05876016358314,6.2911377157146156,4.0,4.0
-132.84485312859331,6.270505295919994,4.0,4.0
-132.63099193810697,6.249734910060983,4.0,4.0
-132.20330012155094,6.207900608225275,4.0,4.0
-131.9895000602901,6.18685143942781,4.0,4.0
-131.77566943887774,6.165848416517717,4.0,4.0
-131.56182353519063,6.144832549456823,4.0,4.0
-131.34799291241612,6.123790517034417,4.0,4.0
-130.9203316652728,6.081635089515423,4.0,4.0
-130.70651632258097,6.060504093598875,4.0,4.0
-130.49270098167827,6.039343123659767,4.0,4.0
-130.2788703608939,6.018219265508526,4.0,4.0
-130.06502445872525,5.997098735261398,4.0,4.0
-129.8512091189069,5.975967262723483,4.0,4.0
-129.6374090601473,5.9548191389471175,4.0,4.0
-129.20977837957773,5.912481029055512,4.0,4.0
-128.99600888327,5.891288186359963,4.0,4.0
-128.7822393870419,5.870090111408542,4.0,4.0
-128.5685157341038,5.848882044640906,4.0,4.0
-128.1410684267864,5.806431659491441,4.0,4.0
-127.92735241302833,5.785188387323192,4.0,4.0
-127.71362111770797,5.763903727382482,4.0,4.0
-127.49985925935869,5.7426219214279275,4.0,4.0
-127.2860362748991,5.721341542145838,4.0,4.0
-126.85836738118637,5.6787441515568,4.0,4.0
-126.64452911287603,5.657426189303998,4.0,4.0
-126.43068320331513,5.6360920520134155,4.0,4.0
-126.21683729351862,5.614760293291555,4.0,4.0
-126.00305250971213,5.5934023682381655,4.0,4.0
-125.78929064869754,5.5720453951555395,4.0,4.0
-125.57552878744349,5.550689374311435,4.0,4.0
-125.36178220720984,5.529323360654022,4.0,4.0
-125.14805090813232,5.507944503823516,4.0,4.0
-124.93431960883159,5.486552802149262,4.0,4.0
-124.72058066832358,5.465157293480772,4.0,4.0
-124.50680352304069,5.443749891579831,4.0,4.0
-124.29301873630426,5.422302528060651,4.0,4.0
-124.079203386859,5.400837086311995,4.0,4.0
-123.86536511543859,5.379358800746041,4.0,4.0
-123.65152684381856,5.357868618514956,4.0,4.0
-123.43768857217842,5.336367019826594,4.0,4.0
-123.22385794136443,5.314822605094395,4.0,4.0
-123.00998910791716,5.293283899923515,4.0,4.0
-122.79612027582614,5.27176184395697,4.0,4.0
-122.58223616353506,5.250228846563505,4.0,4.0
-122.36838261484982,5.22868157781024,4.0,4.0
-122.15450614513388,5.207120511350086,4.0,4.0
-121.94066023850384,5.185541367347075,4.0,4.0
-121.72682961379267,5.16397173826955,4.0,4.0
-121.51305247433817,5.142386884830437,4.0,4.0
-121.29931353998778,5.120779197983127,4.0,4.0
-121.08556696688473,5.099160091854438,4.0,4.0
-120.87180511388028,5.077528140961956,4.0,4.0
-120.65803562148946,5.05588334529869,4.0,4.0
-120.4442814111506,5.034224753420201,4.0,4.0
-120.23051956031735,5.012568064083384,4.0,4.0
-120.01671186427617,4.990893297199542,4.0,4.0
-119.80295765236653,4.9691752366535695,4.0,4.0
-119.58929512886313,4.947455750696106,4.0,4.0
-119.37570137161168,4.9257315068335785,4.0,4.0
-119.1621381771464,4.904000125287405,4.0,4.0
-118.94862082650127,4.882261133402965,4.0,4.0
-118.7351340390945,4.860436983154319,4.0,4.0
-118.52160140933488,4.838592852832454,4.0,4.0
-118.30795416791692,4.8168605206028765,4.0,4.0
-118.09427636045015,4.795113441376935,4.0,4.0
-117.88060619082202,4.773349709324834,4.0,4.0
-117.66693601883057,4.751566948427655,4.0,4.0
-117.45321236048666,4.729766586242623,4.0,4.0
-117.23951926407885,4.7078967648653425,4.0,4.0
-117.02589493669221,4.685971280729133,4.0,4.0
-116.81217892300053,4.664197560693265,4.0,4.0
-116.5984247038728,4.642410518170264,4.0,4.0
-116.38473160810008,4.620611105030735,4.0,4.0
-116.17101558889098,4.5987917145740465,4.0,4.0
-115.95726136538168,4.576952815754137,4.0,4.0
-115.74351478191173,4.555071099632702,4.0,4.0
-115.31602161899485,4.510986545369706,4.0,4.0
-115.10242020928834,4.488021092640547,4.0,4.0
-114.8889486895217,4.464375805699253,4.0,4.0
-114.67537784088049,4.440809491872566,4.0,4.0
-114.46178406985318,4.417112350812191,4.0,4.0
-114.24819793932502,4.3932220579643015,4.0,4.0
-113.82123197775972,4.34502044056498,4.0,4.0
-113.60780630199051,4.32078761291479,4.0,4.0
-113.39438062605018,4.296488185400171,4.0,4.0
-113.18095495002142,4.272134520842146,4.0,4.0
-112.96753691444063,4.247738038712986,4.0,4.0
-112.54067791952703,4.198893696878762,4.0,4.0
-112.32719875574543,4.174412532920604,4.0,4.0
-112.11371959197604,4.149879038943935,4.0,4.0
-111.90019458460928,4.125323183819943,4.0,4.0
-111.6866772180946,4.1007540084497816,4.0,4.0
-111.25959664131646,4.051582832000868,4.0,4.0
-111.04604871253193,4.026976548501207,4.0,4.0
-110.83250842458169,4.002359799345776,4.0,4.0
-110.61901398177248,3.977742573856848,4.0,4.0
-110.40555010246699,3.953117261625059,4.0,4.0
-110.1921167863903,3.928482672112871,4.0,4.0
-109.76533420257608,3.879180666784725,4.0,4.0
-109.55195437227351,3.8544949357144134,4.0,4.0
-109.3385745423537,3.8297835141725507,4.0,4.0
-108.91174611526003,3.7804068191474656,4.0,4.0
-108.6983662835469,3.7557027705118946,4.0,4.0
-108.48500173259991,3.7309849265693753,4.0,4.0
-108.2716295405355,3.70625399943244,4.0,4.0
-107.84492335923944,3.656789290171134,4.0,4.0
-107.63163521403885,3.63204218936378,4.0,4.0
-107.41833178663481,3.607265591809464,4.0,4.0
-107.2050130773398,3.582475196949426,4.0,4.0
-106.9916561643013,3.557672670741661,4.0,4.0
-106.5650951492486,3.5073033415333015,4.0,4.0
-106.35175351486681,3.4820735985993116,4.0,4.0
-106.13840423825286,3.456756796794336,4.0,4.0
-105.92505496183401,3.431368870838239,4.0,4.0
-105.71167512308323,3.4059355130372433,4.0,4.0
-105.2849918519737,3.354968889858278,4.0,4.0
-105.07168077884947,3.329447757383496,4.0,4.0
-104.85839262805858,3.3038857115810583,4.0,4.0
-104.64511211864239,3.278324615819389,4.0,4.0
-104.43183924995007,3.2527594779691213,4.0,4.0
-104.00527059011158,3.201588525282605,4.0,4.0
-103.79197479902716,3.1759791423734707,4.0,4.0
-103.57866372642502,3.150355248709726,4.0,4.0
-103.36535265366562,3.124717322581302,4.0,4.0
-102.93871522660655,3.073394132356345,4.0,4.0
-102.72539651345416,3.047691027008791,4.0,4.0
-102.5120854410343,3.0220050498634285,4.0,4.0
-102.29878964980975,2.996315030492802,4.0,4.0
-102.08550149918007,2.9706124018223674,4.0,4.0
-101.65894811947696,2.9191693245700776,4.0,4.0
-101.44572109371224,2.893430302960496,4.0,4.0
-101.23250934898218,2.867688426655269,4.0,4.0
-101.01931288494218,2.841937511385523,4.0,4.0
-100.59286647067792,2.790385964968271,4.0,4.0
-100.37968528637599,2.7643379493092017,4.0,4.0
-100.16653466397872,2.7380546797095326,4.0,4.0
-99.95335347838206,2.7118225513828245,4.0,4.0
-99.52688413527713,2.659165384118245,4.0,4.0
-99.3136800256735,2.632775785545991,4.0,4.0
-99.10048355608069,2.606348842131326,4.0,4.0
-98.887310008017,2.579888597855341,4.0,4.0
-98.46098583286937,2.5268936543509684,4.0,4.0
-98.2478581280231,2.5003734643717324,4.0,4.0
-98.0347227819699,2.4738528008653997,4.0,4.0
-97.82154923224498,2.4472969296794433,4.0,4.0
-97.6083298382528,2.420719652665335,4.0,4.0
-97.39508752180811,2.394126200176414,4.0,4.0
-96.96860288828364,2.3408986179651157,4.0,4.0
-96.75532236736798,2.3142770977516998,4.0,4.0
-96.54205712720818,2.2876439195832172,4.0,4.0
-96.32886065319983,2.2609722071762195,4.0,4.0
-96.1156947421379,2.2342850344765015,4.0,4.0
-95.90255939399486,2.2075904854005333,4.0,4.0
-95.68946224914976,2.180889040537326,4.0,4.0
-95.47638038562566,2.1541802200878104,4.0,4.0
-95.05017845537277,2.1006648150195475,4.0,4.0
-94.83698962205649,2.0739005706927562,4.0,4.0
-94.62380842824771,2.0471670124632,4.0,4.0
-94.4106195929894,2.0204258413380707,4.0,4.0
-93.98427248313641,1.9666420008965506,4.0,4.0
-93.77118297447787,1.9393831048339865,4.0,4.0
-93.55807818611325,1.9121293235934185,4.0,4.0
-93.34497339825415,1.8848292757858365,4.0,4.0
-93.13187625052564,1.8575435011560004,4.0,4.0
-92.70577364168574,1.8028538497393425,4.0,4.0
-92.4927223366576,1.7754497352637824,4.0,4.0
-92.27968631279715,1.7480163609782655,4.0,4.0
-92.06666557096739,1.7205426669822055,4.0,4.0
-91.6405858846797,1.6655100058706531,4.0,4.0
-91.42750401717466,1.6380339341065002,4.0,4.0
-91.2144221488851,1.6105418088002983,4.0,4.0
-91.00132499892585,1.5830301740454762,4.0,4.0
-90.78821256722391,1.5555008193921929,4.0,4.0
-90.36210231483734,1.5003386373057783,4.0,4.0
-90.14901280684411,1.472757190647174,4.0,4.0
-89.93594622039191,1.4452039297121917,4.0,4.0
-89.7229101963845,1.4176437714739212,4.0,4.0
-89.50987417219255,1.390067436458772,4.0,4.0
-89.08384796728188,1.3348729058788544,4.0,4.0
-88.87085014675763,1.3072095108577622,4.0,4.0
-88.65782940428909,1.2795407654326316,4.0,4.0
-88.44486978615565,1.2516676883183828,4.0,4.0
-88.23212410500437,1.222933875232559,4.0,4.0
-88.01950067322267,1.1935214218567802,4.0,4.0
-87.80677027206605,1.1641873430209804,4.0,4.0
-87.59404751103939,1.1347281451256823,4.0,4.0
-87.16864783411648,1.0752006833345298,4.0,4.0
-86.95590979209373,1.0452832283855136,4.0,4.0
-86.74318703076341,1.0152929862860505,4.0,4.0
-86.5304719095463,0.9852311435484228,4.0,4.0
-86.31775678793295,0.9551117361130131,4.0,4.0
-85.89232654390071,0.89475547343358,4.0,4.0
-85.67964962586684,0.8644920962900239,4.0,4.0
-85.46696506710165,0.8342430490775496,4.0,4.0
-85.25429578936541,0.8040108912570572,4.0,4.0
-84.82905656088177,0.7435091123263292,4.0,4.0
-84.6164331259646,0.7132337807650555,4.0,4.0
-84.40381733132024,0.6829469119646161,4.0,4.0
-84.19120917702476,0.6526225820713168,4.0,4.0
-83.97856281888856,0.6222876027265056,4.0,4.0
-83.55327009971616,0.561634657791395,4.0,4.0
-83.34060845778784,0.5312892134596829,4.0,4.0
-83.12793917477734,0.5009289038395489,4.0,4.0
-82.91526989127561,0.4705540836348453,4.0,4.0
-82.70257768546107,0.4401594306272968,4.0,4.0
-82.27727731908732,0.37935555551762146,4.0,4.0
-82.06464623663207,0.3489468978481448,4.0,4.0
-81.85203807553269,0.3185266742031357,4.0,4.0
-81.63942227343738,0.2880947336331249,4.0,4.0
-81.21420594916752,0.22719841566960697,4.0,4.0
-81.00154430161939,0.19667489715904773,4.0,4.0
-80.78882916885041,0.16615524387450842,4.0,4.0
-80.57611403528064,0.13566911308989132,4.0,4.0
-80.1507066879945,0.07467113806864961,4.0,4.0
-79.93799155262043,0.04414984735534383,4.0,4.0
-79.725291698619,0.013635133080694029,4.0,4.0
-79.51261476795773,-0.016975974527367266,4.0,4.0
-79.29991491573567,-0.04761909781802376,4.0,4.0
-78.8746298184836,-0.10866649496084879,4.0,4.0
-78.66201401124599,-0.1391967128278485,4.0,4.0
-78.4493982033899,-0.1697441383217695,4.0,4.0
-78.23679767645389,-0.20030396288221264,4.0,4.0
-78.02421243208228,-0.23089106718808017,4.0,4.0
-77.59892733466961,-0.2922382240011041,4.0,4.0
-77.38622747945261,-0.32279471813540994,4.0,4.0
-77.17354290462038,-0.35336054832395325,4.0,4.0
-76.9608430476805,-0.3839482639500441,4.0,4.0
-76.74814319007454,-0.4145566128682068,4.0,4.0
-76.32295741714856,-0.4759028331406716,4.0,4.0
-76.11031868811419,-0.5065725828337845,4.0,4.0
-75.89769523970783,-0.5371749271366199,4.0,4.0
-75.68510235325043,-0.5677768537239151,4.0,4.0
-75.25991657906172,-0.629040294336457,4.0,4.0
-75.04733133221795,-0.6596941377023983,4.0,4.0
-74.83476900797763,-0.6903816380235568,4.0,4.0
-74.62219904319635,-0.7210863257948136,4.0,4.0
-74.1970285493723,-0.7824678110642229,4.0,4.0
-73.98442802061524,-0.813177313025472,4.0,4.0
-73.77182749157512,-0.843901684102709,4.0,4.0
-73.55921932158171,-0.8746421719770371,4.0,4.0
-73.3465423863974,-0.9051366413167626,4.0,4.0
-72.92085232880322,-0.9638680102939277,4.0,4.0
-72.70796145588074,-0.9929443556685174,4.0,4.0
-72.4951087858227,-1.0219181777392785,4.0,4.0
-72.28226375608597,-1.0507370268447895,4.0,4.0
-72.0694187259792,-1.0794230277328938,4.0,4.0
-71.85661190025131,-1.1079994864404001,4.0,4.0
-71.64379743522952,-1.1366537313410303,4.0,4.0
-71.43087600079971,-1.16517108228071,4.0,4.0
-71.21793928398172,-1.193557601734557,4.0,4.0
-71.00501784739825,-1.2219147435221895,4.0,4.0
-70.79207348800169,-1.2502761690335822,4.0,4.0
-70.57911384665654,-1.2786485359447202,4.0,4.0
-70.1532404098699,-1.3354736715349145,4.0,4.0
-69.94026548946525,-1.3639806730759478,4.0,4.0
-69.72732877127181,-1.3923497102718172,4.0,4.0
-69.51443789598753,-1.4206982908899346,4.0,4.0
-69.30153173870522,-1.4490628082365244,4.0,4.0
-69.08862558095228,-1.4774468305233759,4.0,4.0
-68.87574998517177,-1.5058370378169528,4.0,4.0
-68.45005992036184,-1.562770404164121,4.0,4.0
-68.23718432413615,-1.5911908204627787,4.0,4.0
-68.02428580503562,-1.6195947040020489,4.0,4.0
-67.81136436312227,-1.6480133381863853,4.0,4.0
-67.59842763917695,-1.676490487557606,4.0,4.0
-67.17235553509519,-1.7334858177803367,4.0,4.0
-66.95928891982548,-1.7619520254407448,4.0,4.0
-66.7462757884955,-1.7904252492558779,4.0,4.0
-66.53327793800425,-1.8189122701989915,4.0,4.0
-66.10732808028187,-1.875980030586775,4.0,4.0
-65.89441427861405,-1.9046473583110355,4.0,4.0
-65.68138586908691,-1.9331698214676252,4.0,4.0
-65.46834217686764,-1.961630795631545,4.0,4.0
-65.042476367581,-2.018559284457898,4.0,4.0
-64.82953964132975,-2.0470559389830685,4.0,4.0
-64.61663347720037,-2.0755787580937612,4.0,4.0
-64.40379608031382,-2.1043368327177303,4.0,4.0
-63.97791499451489,-2.1613194372764126,4.0,4.0
-63.76491714459674,-2.1895149479810305,4.0,4.0
-63.551873449686255,-2.217517782815067,4.0,4.0
-63.33880683187834,-2.2456129108555443,4.0,4.0
-63.125740213124026,-2.2736904380836833,4.0,4.0
-62.69984001954674,-2.329924939862968,4.0,4.0
-62.486861272264335,-2.357884720310272,4.0,4.0
-62.27384050028967,-2.3857855092146716,4.0,4.0
-61.84795176670462,-2.441581140065848,4.0,4.0
-61.422032468339935,-2.497474059220486,4.0,4.0
-61.209072819703756,-2.525508294417569,4.0,4.0
-60.99602148396398,-2.553469263990946,4.0,4.0
-60.569968473380854,-2.609334352134473,4.0,4.0
-60.356978259902824,-2.637281287467554,4.0,4.0
-60.143980405180045,-2.6652467784639757,4.0,4.0
-59.931005472094796,-2.6932619812702647,4.0,4.0
-59.71809548591531,-2.7214134851078002,4.0,4.0
-59.50511673627447,-2.7494160831567633,4.0,4.0
-59.2920883215018,-2.777346604200032,4.0,4.0
-58.866092613696146,-2.8332262041203577,4.0,4.0
-58.653052735052796,-2.86120548979752,4.0,4.0
-58.4400166760309,-2.8892009510443666,4.0,4.0
-58.22698061766523,-2.917096031396576,4.0,4.0
-58.01384523305313,-2.9440163159283608,4.0,4.0
-57.80054557481996,-2.970208720118851,4.0,4.0
-57.3739882800736,-3.0226641726380308,4.0,4.0
-57.16074210474212,-3.048696488169287,4.0,4.0
-56.94747300695194,-3.074601544595056,4.0,4.0
-56.73423065147627,-3.1004568862358353,4.0,4.0
-56.52102649996687,-3.1262406261641975,4.0,4.0
-56.30776886452586,-3.151897820174562,4.0,4.0
-56.094480665799836,-3.177520523368425,4.0,4.0
-55.667911907431396,-3.2287354814110154,4.0,4.0
-55.45460842593829,-3.2543491455244036,4.0,4.0
-55.24129348316859,-3.2799723235420206,4.0,4.0
-55.027993821641964,-3.305594313648527,4.0,4.0
-54.60145180332025,-3.35684923391712,4.0,4.0
-54.388152141652505,-3.382496437211997,4.0,4.0
-54.174844839322276,-3.4081567239587804,4.0,4.0
-53.96152989615687,-3.433828189875863,4.0,4.0
-53.534865626349315,-3.4851789725903384,4.0,4.0
-53.32152776028555,-3.510883501229063,4.0,4.0
-53.10820135515395,-3.5366115803335125,4.0,4.0
-52.894840567432695,-3.5621025046251784,4.0,4.0
-52.467756062032606,-3.609963250617736,4.0,4.0
-52.25397503960513,-3.631296433873498,4.0,4.0
-52.03993805568951,-3.6506143804559166,4.0,4.0
-51.82564129006168,-3.667822177592744,4.0,4.0
-51.39654729767524,-3.697878317375669,4.0,4.0
-51.18203659478261,-3.7119904671617006,4.0,4.0
-50.96755263400013,-3.7253626009782126,4.0,4.0
-50.53853122751646,-3.7504705596773347,4.0,4.0
-50.324024344517696,-3.7625008650890104,4.0,4.0
-50.10952128195418,-3.7743175660911152,4.0,4.0
-49.894983837189244,-3.7860108110032913,4.0,4.0
-49.680438751747474,-3.797600344407156,4.0,4.0
-49.46591658768422,-3.8090678494672483,4.0,4.0
-49.03685315601944,-3.831890346259683,4.0,4.0
-48.82230806843209,-3.8432876816915176,4.0,4.0
-48.607759160356906,-3.854752570110317,4.0,4.0
-48.393198792541725,-3.866222216230434,4.0,4.0
-48.17857347893238,-3.8776321578125907,4.0,4.0
-47.749326669746466,-3.900362836536038,4.0,4.0
-47.534731916663176,-3.9117466121199413,4.0,4.0
-47.32011806157289,-3.9231465626456337,4.0,4.0
-47.1055347689466,-3.9346188247305296,4.0,4.0
-46.890989680966435,-3.9461127334203043,4.0,4.0
-46.4617314108797,-3.968959733378226,4.0,4.0
-46.247151938853335,-3.980335657635945,4.0,4.0
-46.032568645910686,-3.991729898801408,4.0,4.0
-45.81797389160835,-4.003146261593734,4.0,4.0
-45.388860789407,-4.026138360578152,4.0,4.0
-45.17427367713934,-4.037643211131803,4.0,4.0
-44.9596483611356,-4.049082886373987,4.0,4.0
-44.745065067932686,-4.060489733445717,4.0,4.0
-44.315879378385496,-4.083099337531485,4.0,4.0
-44.101219677312216,-4.093433866284022,4.0,4.0
-43.886544694853086,-4.102432037803136,4.0,4.0
-43.6718582525219,-4.1095362836297555,4.0,4.0
-43.24199636637877,-4.117813713874727,4.0,4.0
-43.0269622740957,-4.12048928760604,4.0,4.0
-42.81201986902354,-4.122738121049102,4.0,4.0
-42.59713094800939,-4.124377055733208,4.0,4.0
-42.382245847167624,-4.125510753876634,4.0,4.0
-41.95253295158276,-4.126686798567129,4.0,4.0
-41.73767459340043,-4.126862827154784,4.0,4.0
-41.52282387568818,-4.126906126371548,4.0,4.0
-41.3079616967783,-4.126868073310307,4.0,4.0
-40.87822587742873,-4.126658283335399,4.0,4.0
-40.6633713388256,-4.126543635838086,4.0,4.0
-40.44851680022431,-4.126396162939429,4.0,4.0
-40.23366226143445,-4.126233940067744,4.0,4.0
-40.01879626169152,-4.126076001105258,4.0,4.0
-39.589064261748824,-4.125782005813371,4.0,4.0
-39.3741944413045,-4.125648328864484,4.0,4.0
-39.15932462068625,-4.125526070508994,4.0,4.0
-38.72959261974258,-4.1253015323131805,4.0,4.0
-38.299841517059896,-4.125135985756142,4.0,4.0
-38.08496023515741,-4.125075095899874,4.0,4.0
-37.870078953127305,-4.125027528107935,4.0,4.0
-37.44031638883734,-4.12497045102688,4.0,4.0
-37.010569105501986,-4.125004240091261,4.0,4.0
-36.79569928422212,-4.125039450638766,4.0,4.0
-36.58083710350551,-4.125089409360251,4.0,4.0
-36.15112802308695,-4.125228337616519,4.0,4.0
-35.72141894226404,-4.125436247792495,4.0,4.0
-35.5065720423604,-4.125554713754598,4.0,4.0
-35.291717501653814,-4.1256598584759985,4.0,4.0
-34.86204280275466,-4.125891079208033,4.0,4.0
-34.64721118353541,-4.126023340478135,4.0,4.0
-34.432379564030704,-4.126165593298048,4.0,4.0
-34.21755558511705,-4.126337342046684,4.0,4.0
-34.00271632493426,-4.126535731592671,4.0,4.0
-33.78786942385087,-4.12669463367426,4.0,4.0
-33.57303398355152,-4.126853062405896,4.0,4.0
-33.14334782106287,-4.127205597770661,4.0,4.0
-32.928508559817416,-4.127400655351213,4.0,4.0
-32.71366929845024,-4.127611890923097,4.0,4.0
-32.498833857329295,-4.127854523687967,4.0,4.0
-32.283998416123424,-4.128078603339349,4.0,4.0
-31.854329443297747,-4.128540558887205,4.0,4.0
-31.639492091301,-4.1287884246795805,4.0,4.0
-31.424656649363598,-4.129048186349687,4.0,4.0
-31.209823117370846,-4.129319839740461,4.0,4.0
-30.99498194459009,-4.129604338060244,4.0,4.0
-30.56532443059228,-4.130195693519487,4.0,4.0
-30.35047752679669,-4.130509212514797,4.0,4.0
-30.135628712774697,-4.130833196957034,4.0,4.0
-29.920776078299188,-4.131167173713548,4.0,4.0
-29.705921533495996,-4.131511614343889,4.0,4.0
-29.4910612579248,-4.131865571506237,4.0,4.0
-29.276206712601844,-4.1321957402548755,4.0,4.0
-28.84650908270464,-4.132973113052178,4.0,4.0
-28.631664087965387,-4.133380826898499,4.0,4.0
-28.416819093053583,-4.133797105517462,4.0,4.0
-28.201966457327682,-4.13396599884669,4.0,4.0
-27.98711191117767,-4.133269518736762,4.0,4.0
-27.77226500524345,-4.13114438855184,4.0,4.0
-27.557462032679023,-4.1271405570381,4.0,4.0
-27.342603665285537,-4.121595801824247,4.0,4.0
-26.91283344563448,-4.109317886718614,4.0,4.0
-26.69808777709749,-4.102534302346278,4.0,4.0
-26.48335547934583,-4.095295907584905,4.0,4.0
-26.268632732255302,-4.087709745053312,4.0,4.0
-26.053900434183767,-4.07988143165905,4.0,4.0
-25.839158585218772,-4.071872814089273,4.0,4.0
-25.409671066563714,-4.055554905603538,4.0,4.0
-25.194921576477263,-4.047309842938807,4.0,4.0
-24.980168265995243,-4.0390343325328555,4.0,4.0
-24.765413045152695,-4.0307426484484346,4.0,4.0
-24.550676925902206,-4.022459049319572,4.0,4.0
-24.3359255255363,-4.014149761484456,4.0,4.0
-24.12113783220676,-4.005841902087515,4.0,4.0
-23.691568175788237,-3.989245922768892,4.0,4.0
-23.476782392363756,-3.9809599469304446,4.0,4.0
-23.261990878387543,-3.9726803937000135,4.0,4.0
-23.047205094788477,-3.964432238642974,4.0,4.0
-22.832470885557175,-3.9561771853571552,4.0,4.0
-22.403078873349752,-3.9396770689522036,4.0,4.0
-22.188413429671684,-3.9314427108959094,4.0,4.0
-21.973765177252023,-3.923220485289727,4.0,4.0
-21.75912456522031,-3.9150087222044054,4.0,4.0
-21.544483953129053,-3.906815515609524,4.0,4.0
-21.11515497399282,-3.8904231540506435,4.0,4.0
-20.9004417750856,-3.8822603958782107,4.0,4.0
-20.685709474284824,-3.8738512021598135,4.0,4.0
-20.470994364562152,-3.8645733046731183,4.0,4.0
-20.25634802030603,-3.853887453305064,4.0,4.0
-20.041724597582775,-3.841955634879117,4.0,4.0
-19.612475841617453,-3.8176355256983943,4.0,4.0
-19.397997590509863,-3.8051028463773653,4.0,4.0
-19.183570913561415,-3.792269259992362,4.0,4.0
-18.969176709172554,-3.7792049409618143,4.0,4.0
-18.75480733661805,-3.765975777309796,4.0,4.0
-18.326106793869588,-3.7391737268400442,4.0,4.0
-18.111743150840972,-3.7257121633328274,4.0,4.0
-17.89738332770549,-3.712243701846504,4.0,4.0
-17.683010133098463,-3.698761205500381,4.0,4.0
-17.254244641415045,-3.671774092596939,4.0,4.0
-17.039852344286977,-3.658280177084733,4.0,4.0
-16.825456226656176,-3.6447643784544725,4.0,4.0
-16.61104482729444,-3.6312776007284997,4.0,4.0
-16.39662578698983,-3.6175600870227074,4.0,4.0
-15.967917596230956,-3.5877299431716865,4.0,4.0
-15.753557770000148,-3.5725959113472574,4.0,4.0
-15.539218000130715,-3.5573655431680353,4.0,4.0
-15.324909747604341,-3.541972945277389,4.0,4.0
-14.896306612967125,-3.5108112010395356,4.0,4.0
-14.681990719111992,-3.4951210282462126,4.0,4.0
-14.467671959832034,-3.479383995273569,4.0,4.0
-14.253347469794488,-3.463617465843865,4.0,4.0
-14.039019159318826,-3.447833097022117,4.0,4.0
-13.61037686364996,-3.416264356528174,4.0,4.0
-13.396131644150497,-3.4004776068744675,4.0,4.0
-13.181943729288827,-3.3846979951114737,4.0,4.0
-12.967797837564895,-3.368673851423764,4.0,4.0
-12.75373217217171,-3.3517876641681106,4.0,4.0
-12.32577275516751,-3.313695802242833,4.0,4.0
-12.112158841432652,-3.2913982968797244,4.0,4.0
-11.89860414191301,-3.2669406908239447,4.0,4.0
-11.685167871675365,-3.2407078601307124,4.0,4.0
-11.471790815947443,-3.213743336612258,4.0,4.0
-11.045476039795862,-3.158101861401095,4.0,4.0
-10.832447586872751,-3.129355925500234,4.0,4.0
-10.619501270589703,-3.100185390582151,4.0,4.0
-10.40662467491396,-3.0706906390519535,4.0,4.0
-10.193709876495303,-3.041239418691022,4.0,4.0
-9.980983228527515,-3.0114720663129253,4.0,4.0
-9.768298603859328,-2.981458043894336,4.0,4.0
-9.555556674123293,-2.9513586255392252,4.0,4.0
-9.342790867195085,-2.9212342309183605,4.0,4.0
-8.917250656802324,-2.8610415782067267,4.0,4.0
-8.704521142190984,-2.830947866014495,4.0,4.0
-8.491805953613255,-2.8008658126288157,4.0,4.0
-8.279109866485006,-2.7707987448536238,4.0,4.0
-8.066429060437331,-2.7407471373205645,4.0,4.0
-7.853757327393361,-2.710710992574956,4.0,4.0
-7.641086549212175,-2.680697207185824,4.0,4.0
-7.4284047873837835,-2.6507138674976574,4.0,4.0
-7.003021683647216,-2.590644429969582,4.0,4.0
-6.790676108682349,-2.5605328788166606,4.0,4.0
-6.578410282662232,-2.530669426550027,4.0,4.0
-6.365783436568985,-2.500798364182214,4.0,4.0
-6.153109791291225,-2.470921590456067,4.0,4.0
-5.9404571577179945,-2.4410393478122936,4.0,4.0
-5.72778637730967,-2.411167807480279,4.0,4.0
-5.515146159295217,-2.3810281878612267,4.0,4.0
-5.302620550199551,-2.3497972165977172,4.0,4.0
-5.090341351222243,-2.3173573880961262,4.0,4.0
-4.878458032410337,-2.2831865779453264,4.0,4.0
-4.4550447735979315,-2.2090475729166577,4.0,4.0
-4.243489524113254,-2.170584625593789,4.0,4.0
-4.032077058769846,-2.131680428381851,4.0,4.0
-3.820826240367725,-2.0921632373200585,4.0,4.0
-3.609656126086132,-2.0521044159681416,4.0,4.0
-3.39854498776449,-2.011638361717724,4.0,4.0
-3.187484468538598,-1.9708843645290355,4.0,4.0
-2.9764970127229695,-1.9298846459642307,4.0,4.0
-2.5545743915831323,-1.847628072427696,4.0,4.0
-2.3436354057696636,-1.8064247347199707,4.0,4.0
-2.132714088825288,-1.7651836982131541,4.0,4.0
-1.9218001737508619,-1.723917802614599,4.0,4.0
-1.710892108345584,-1.68263870595537,4.0,4.0
-1.4999987271483288,-1.6413342756420697,4.0,4.0
-1.078257927467181,-1.5585316697533744,4.0,4.0
-0.8676146571950382,-1.5161583685088758,4.0,4.0
-0.6572945019161637,-1.472408270935567,4.0,4.0
-0.4472123701130857,-1.4274411124478366,4.0,4.0
-0.2371056000406033,-1.3823333681964707,4.0,4.0
-0.027093488910861406,-1.3370520992597532,4.0,4.0
0.18278466121660641,-1.2914739673337907,4.0,4.0
0.6024792961887996,-1.1994926507813473,4.0,4.0
0.812312541291448,-1.1532015022804254,4.0,4.0
1.0221395190526399,-1.1067941529276815,4.0,4.0
1.2319636913288488,-1.060310211067001,4.0,4.0
1.4417859537098348,-1.0137765536360774,4.0,4.0
1.861361832525556,-0.9206476894922284,4.0,4.0
2.07111437467154,-0.8740794217285399,4.0,4.0
2.280846860444121,-0.8275081797685542,4.0,4.0
2.4905600060896473,-0.7809412207253885,4.0,4.0
2.7002607359050916,-0.7343810391355383,4.0,4.0
2.9099550190940358,-0.6878284114354055,4.0,4.0
3.119636647848416,-0.6412748314743801,4.0,4.0
3.3293115911125586,-0.5947403994895624,4.0,4.0
3.7486383179249323,-0.5017218474779378,4.0,4.0
3.95829559299228,-0.4552292513883046,4.0,4.0
4.167951913204318,-0.4087472408049524,4.0,4.0
4.377608950020109,-0.36227578461591037,4.0,4.0
4.796935917709071,-0.2693246676904151,4.0,4.0
5.006607758934657,-0.22289216490870137,4.0,4.0
5.216277212491841,-0.17648152777888143,4.0,4.0
5.425905597949041,-0.12982819192635808,4.0,4.0
5.635353473644127,-0.08232500150906047,4.0,4.0
6.053129395299599,0.01726542319132965,4.0,4.0
6.26151617869872,0.0694869979778323,4.0,4.0
6.469898664418142,0.12218088735058386,4.0,4.0
6.6781359782678384,0.17514102786190672,4.0,4.0
7.0941325894271,0.28245065044820106,4.0,4.0
7.302000288195049,0.3366638704905237,4.0,4.0
7.509806862079623,0.3911174900182679,4.0,4.0
7.717571412778859,0.4457041349550752,4.0,4.0
7.925323069949278,0.5004420683602454,4.0,4.0
8.133068041833983,0.5552752091384437,4.0,4.0
8.340815879072125,0.6101564000594277,4.0,4.0
8.756328745708766,0.7199928193221132,4.0,4.0
8.964094730188533,0.7749253310810966,4.0,4.0
9.171854029242056,0.8298444013771762,4.0,4.0
9.37957799068773,0.8847618085887239,4.0,4.0
9.794979115362786,0.9945717650067571,4.0,4.0
10.002663919270876,1.0494603893317471,4.0,4.0
10.210343948028234,1.1043372401496092,4.0,4.0
10.418021111742988,1.1592030297985019,4.0,4.0
10.62571355702333,1.2140547854727262,4.0,4.0
10.833411732787528,1.2689199780546612,4.0,4.0
11.248481447757346,1.3799128674785868,4.0,4.0
11.455513933767264,1.4371750823067564,4.0,4.0
11.662006800280732,1.4962621224962336,4.0,4.0
11.868152018160838,1.5568514335845305,4.0,4.0
12.074260943212224,1.6178905588130987,4.0,4.0
12.485923893010167,1.7409795201442972,4.0,4.0
12.69156387463909,1.8031663691316624,4.0,4.0
12.897117899474992,1.8656896881680214,4.0,4.0
13.102601248494887,1.928451946916289,4.0,4.0
13.3080368437234,1.9913797626623044,4.0,4.0
13.71881348193499,2.117570796519881,4.0,4.0
13.924142108915394,2.1807049676105326,4.0,4.0
14.12947742178955,2.2438600686028165,4.0,4.0
14.33479076805856,2.30702539953019,4.0,4.0
14.540084057900716,2.3701945377886666,4.0,4.0
14.745369707356739,2.4333646256634696,4.0,4.0
14.950649626535947,2.49653090891864,4.0,4.0
15.361218061317581,2.6228798876117407,4.0,4.0
15.566554330842909,2.6860259527645227,4.0,4.0
15.771903016642062,2.749163452780457,4.0,4.0
15.977191532634663,2.8125431069626394,4.0,4.0
16.182234593436718,2.87675768497665,4.0,4.0
16.387091414152117,2.9416111846664643,4.0,4.0
16.796797415629438,3.0711797420160325,4.0,4.0
17.001531986982375,3.1361431376425584,4.0,4.0
17.20620161353168,3.2012309412938027,4.0,4.0
17.41082348632093,3.266410559312207,4.0,4.0
17.615410976533223,3.3316536907745107,4.0,4.0
17.81997554517114,3.3969382131076578,4.0,4.0
18.229066479784088,3.5275978855562578,4.0,4.0
18.433592845719875,3.5929164218119953,4.0,4.0
18.638107750877385,3.6582268695447935,4.0,4.0
18.842616925713973,3.7235323261613025,4.0,4.0
19.047122280304443,3.7888323071495513,4.0,4.0
19.45606040402545,3.9196563486210785,4.0,4.0
19.660252493120318,3.986044590779961,4.0,4.0
19.864035808372236,4.05375253740166,4.0,4.0
20.06749248650301,4.122646982094908,4.0,4.0
20.270993098554385,4.191692715385051,4.0,4.0
20.67769442815913,4.33039550460195,4.0,4.0
20.88087986443557,4.400191478293992,4.0,4.0
21.08396979304593,4.470209147528153,4.0,4.0
21.28697758541179,4.54037049293625,4.0,4.0
21.692838448003183,4.6809510336127325,4.0,4.0
21.895720170696073,4.7513155191638035,4.0,4.0
22.098580881932588,4.821706646751527,4.0,4.0
22.301441593353278,4.892111570082433,4.0,4.0
22.504290844178684,4.962528388169083,4.0,4.0
22.70715537627841,5.032975178702667,4.0,4.0
22.9100218186304,5.103386287421047,4.0,4.0
23.112811854733934,5.174030508502708,4.0,4.0
23.315533125261044,5.244883106280437,4.0,4.0
23.51827922793094,5.315667672496934,4.0,4.0
23.92373132034977,5.45732291489357,4.0,4.0
24.126431579813783,5.5282406869396485,4.0,4.0
24.32917195262252,5.599128013827702,4.0,4.0
24.53193333734832,5.670018670456214,4.0,4.0
24.734708093201473,5.740921221846634,4.0,4.0
24.937490489954865,5.811829955765061,4.0,4.0
25.140278617194248,5.8827396413196835,4.0,4.0
25.34307820558122,5.953650755361738,4.0,4.0
25.545849141921273,6.024568530663085,4.0,4.0
25.748633449895586,6.095448245835154,4.0,4.0
26.15425364121283,6.2371910256291425,4.0,4.0
26.357066602644874,6.308049331788393,4.0,4.0
26.55987956432713,6.378898601090205,4.0,4.0
26.762698256924008,6.4497378783531065,4.0,4.0
26.965511219291642,6.520567165629302,4.0,4.0
27.168215302966104,6.591618149612231,4.0,4.0
27.57248501714064,6.7366506799344075,4.0,4.0
27.77366670568543,6.811597031208395,4.0,4.0
27.97415691707661,6.8884472985429,4.0,4.0
28.173938459924546,6.967308045817067,4.0,4.0
28.372877623082836,7.048319145658144,4.0,4.0
28.57087698833135,7.131590489220404,4.0,4.0
28.768125661436915,7.216759564954994,4.0,4.0
29.16161062412731,7.389476897860094,4.0,4.0
29.357810620736203,7.476841041597529,4.0,4.0
29.553745105503396,7.56481223334112,4.0,4.0
29.749490484735635,7.653229192372674,4.0,4.0
29.945075410765078,7.741955383975304,4.0,4.0
30.140528536338874,7.830877104888823,4.0,4.0
30.531260964087952,8.009107801586682,4.0,4.0
30.72656318807113,8.09832543627212,4.0,4.0
30.921836759968283,8.187579223708767,4.0,4.0
31.117096960998087,8.276853947140076,4.0,4.0
31.312368623035972,8.366141989762585,4.0,4.0
31.507640285326104,8.455436693112965,4.0,4.0
31.702917678003043,8.544742815337095,4.0,4.0
31.898191250343363,8.634044179215394,4.0,4.0
32.28875558690531,8.812632634105471,4.0,4.0
32.4840463509955,8.901914967259636,4.0,4.0
32.67933329499503,8.991202060836375,4.0,4.0
32.87463934082401,9.08048154255856,4.0,4.0
33.06996830835509,9.169743895358298,4.0,4.0
33.26520940875161,9.259227944048245,4.0,4.0
33.46009903998766,9.349505529180835,4.0,4.0
33.84781533149205,9.534308117223906,4.0,4.0
34.040649632502124,9.628992967231952,4.0,4.0
34.233365503946075,9.72414975221993,4.0,4.0
34.42587889890823,9.819488273199475,4.0,4.0
34.61809812960462,9.91523117176066,4.0,4.0
34.81009196172708,10.011371789571285,4.0,4.0
35.1936364696035,10.204488431437946,4.0,4.0
35.38526737200162,10.301309358031581,4.0,4.0
35.576806587241066,10.398250173631554,4.0,4.0
35.768338161918905,10.495260449390294,4.0,4.0
36.15145479620371,10.689375193549836,4.0,4.0
36.343013113605465,10.786471102096046,4.0,4.0
36.53457525138351,10.883578427403101,4.0,4.0
36.726145029919344,10.980693365480256,4.0,4.0
36.91771098843645,11.077811157547867,4.0,4.0
37.300797062851046,11.271997264546378,4.0,4.0
37.492206389725744,11.36928822684876,4.0,4.0
37.683214583569324,11.467347036006888,4.0,4.0
37.873909511763955,11.565997666658298,4.0,4.0
38.25534521297296,11.76316667152685,4.0,4.0
38.44594081377961,11.861923869448606,4.0,4.0
38.63646764907501,11.960803808203144,4.0,4.0
38.8269715627466,12.059780797808102,4.0,4.0
39.01746401569578,12.158828196680492,4.0,4.0
39.39841071910188,12.357040981383037,4.0,4.0
39.58887643055183,12.456177820882834,4.0,4.0
39.77933832190945,12.555322271777534,4.0,4.0
39.96979257308233,12.654456255494727,4.0,4.0
40.16021244196091,12.753569309835648,4.0,4.0
40.54097195418529,12.951750696558644,4.0,4.0
40.731334519466415,13.050817127201485,4.0,4.0
40.92168562402835,13.149869287119284,4.0,4.0
41.112025267855884,13.248911930013893,4.0,4.0
41.49276186076687,13.446962014361972,4.0,4.0
41.68305184070046,13.546242529723205,4.0,4.0
41.87297889050659,13.64631658040835,4.0,4.0
42.062252666094864,13.74763707184712,4.0,4.0
42.25062102665379,13.850627416162824,4.0,4.0
42.62589838698279,14.059845047420717,4.0,4.0
42.81325054381853,14.16488202755928,4.0,4.0
43.000243591460574,14.27030150554572,4.0,4.0
43.186992139222404,14.37609301544272,4.0,4.0
43.373538210606085,14.482173773808878,4.0,4.0
43.55994675096216,14.58845624722067,4.0,4.0
43.74626360393915,14.694879540216895,4.0,4.0
44.1187177557042,14.907993492888753,4.0,4.0
44.30495056203294,15.014628015174862,4.0,4.0
44.49121011059239,15.121312965333672,4.0,4.0
44.67750404206951,15.228035024667273,4.0,4.0
44.86382471584782,15.334778968851301,4.0,4.0
45.05015303037969,15.441533376527286,4.0,4.0
45.236500446670966,15.548291592838929,4.0,4.0
45.609206740891075,15.761790896774428,4.0,4.0
45.79552359594738,15.868503441499673,4.0,4.0
45.98182135012827,15.975196006555713,4.0,4.0
46.1681000031877,16.081868588888568,4.0,4.0
46.35436719573388,16.188520240003086,4.0,4.0
46.540630568425016,16.29515857013463,4.0,4.0
46.726886300875755,16.40178548276409,4.0,4.0
47.09944360952539,16.61500886126501,4.0,4.0
47.28571844324757,16.72159771384436,4.0,4.0
47.4720047379247,16.82818085851107,4.0,4.0
47.84461935078345,17.04132431202533,4.0,4.0
48.0309400282952,17.147878912699973,4.0,4.0
48.217272166898134,17.25442970699813,4.0,4.0
48.40350497701469,17.361220275703204,4.0,4.0
48.58931755212814,17.468756804721608,4.0,4.0
48.77442718892106,17.577494105710656,4.0,4.0
49.14165133360138,17.79998111432098,4.0,4.0
49.32398742002411,17.913570975927517,4.0,4.0
49.50602934225957,18.027701276053687,4.0,4.0
49.68773125676926,18.142156985170214,4.0,4.0
49.869062600857674,18.257084628937136,4.0,4.0
50.050118882384254,18.372467081461505,4.0,4.0
50.41161255494914,18.604145409983023,4.0,4.0
50.59216455535139,18.72027002035794,4.0,4.0
50.77264779034841,18.83650880640647,4.0,4.0
50.95307372101566,18.95281990800936,4.0,4.0
51.133461449195245,19.069178582677644,4.0,4.0
51.494183422315274,19.301960633050815,4.0,4.0
51.67452530790381,19.41836307709177,4.0,4.0
51.85487483431751,19.534771228954305,4.0,4.0
52.03520907985097,19.65117557646347,4.0,4.0
52.39587375161278,19.883980463267,4.0,4.0
52.57620417777556,20.000360073058076,4.0,4.0
52.7565346042196,20.11672255514513,4.0,4.0
53.116450495882994,20.35059691130297,4.0,4.0
53.295386507033726,20.469064072903706,4.0,4.0
53.4732413684508,20.589101180458478,4.0,4.0
53.64998069735887,20.71084334245985,4.0,4.0
54.00144604839858,20.95768449845135,4.0,4.0
54.17668399302935,21.081647420387647,4.0,4.0
54.35150170288954,21.20607466650469,4.0,4.0
54.526009967122754,21.330947205755894,4.0,4.0
54.70028137178161,21.45614325085377,4.0,4.0
55.04833518096293,21.70716521855131,4.0,4.0
55.222255117065316,21.832871257223545,4.0,4.0
55.39614449086857,21.958664833037133,4.0,4.0
55.57001094296157,22.08451359297476,4.0,4.0
55.74386593431127,22.21039660804231,4.0,4.0
56.0915644569306,22.46221211817881,4.0,4.0
56.26527427695076,22.588342518618255,4.0,4.0
56.43843779209317,22.715167502307676,4.0,4.0
56.78399694021017,22.969761339508267,4.0,4.0
57.12930012860773,23.224482675285508,4.0,4.0
57.301798910473906,23.35199843538092,4.0,4.0
57.474232747333765,23.479588413815755,4.0,4.0
57.81904693583173,23.734975787368715,4.0,4.0
58.16385730345667,23.99052301145617,4.0,4.0
58.33628349898413,24.11832041132177,4.0,4.0
58.50870587424057,24.24612732507874,4.0,4.0
58.85356208598602,24.50173544572253,4.0,4.0
59.19839537769267,24.757307409521975,4.0,4.0
59.37080247351315,24.885062946147315,4.0,4.0
59.543201928791426,25.012803257058764,4.0,4.0
59.888004660844345,25.268247723921142,4.0,4.0
60.06040793728138,25.395951881960485,4.0,4.0
60.23281503419015,25.523657940313633,4.0,4.0
60.57768271271729,25.779011067014817,4.0,4.0
60.92173666389824,26.035469817128813,4.0,4.0
61.09263855596364,26.165160667447303,4.0,4.0
61.26237143079572,26.29635105467284,4.0,4.0
61.599858256638,26.56166239566994,4.0,4.0
61.93626775393523,26.828079358732857,4.0,4.0
62.104017885013,26.961833039715252,4.0,4.0
62.27156171913859,27.095875971111756,4.0,4.0
62.60622151243149,27.36448515205275,4.0,4.0
62.94061006392184,27.63348063328558,4.0,4.0
63.27488018708564,27.902552233087555,4.0,4.0
63.60903570316919,28.171741818462337,4.0,4.0
63.943221784240585,28.44096946733349,4.0,4.0
64.27742314843125,28.710176182060138,4.0,4.0
64.61174676292082,28.9793448388818,4.0,4.0
64.94595577111117,29.24849446596986,4.0,4.0
65.2801036564372,29.517562269707255,4.0,4.0
65.61423626197995,29.786546343405686,4.0,4.0
65.78129874483415,29.921019351079963,4.0,4.0
65.94838414978172,30.055475231171982,4.0,4.0
66.28257024041487,30.324430761796368,4.0,4.0
66.61683273670862,30.593350135553585,4.0,4.0
66.78397926602038,30.72779269490014,4.0,4.0
66.95114871710861,30.862227643852304,4.0,4.0
67.28548761941715,31.131084219939186,4.0,4.0
67.61983416299051,31.399912252549942,4.0,4.0
67.7870265363178,31.534320558653327,4.0,4.0
67.9542418318079,31.668732673122463,4.0,4.0
68.28877175165418,31.937526451939032,4.0,4.0
68.62333987551884,32.20630120468353,4.0,4.0
68.79063921904694,32.34068096784277,4.0,4.0
68.95778575018512,32.47526625266322,4.0,4.0
69.29005404576537,32.74684978154453,4.0,4.0
69.61984677773991,33.021527532111264,4.0,4.0
69.78454830821991,33.15902815955855,4.0,4.0
69.94897477607479,33.296753337252994,4.0,4.0
70.27726994590606,33.57281644618798,4.0,4.0
70.60512195948505,33.84937813307387,4.0,4.0
70.76897538025646,33.987750318472145,4.0,4.0
70.93279059747474,34.12617959260367,4.0,4.0
71.26042103160623,34.40308761973419,4.0,4.0
71.58801326243155,34.68009460088892,4.0,4.0
71.75182847954551,34.81861141194791,4.0,4.0
71.91565133751651,34.95713202930092,4.0,4.0
72.24333525684817,35.234158042483514,4.0,4.0
72.40721923997879,35.37263298883628,4.0,4.0
72.57108030178566,35.51111935338187,4.0,4.0
72.898779504703,35.78809589020208,4.0,4.0
73.22643286446254,36.06498489062986,4.0,4.0
73.39023280222912,36.203433196465504,4.0,4.0
73.55404038080549,36.34186247322483,4.0,4.0
73.88167081964565,36.61867535878726,4.0,4.0
74.20939294540631,36.89542734656571,4.0,4.0
74.37324636688689,37.03382998275026,4.0,4.0
74.53712271007919,37.17224403590469,4.0,4.0
74.86491359918999,37.44904930494077,4.0,4.0
75.19278853568004,37.725846966254636,4.0,4.0
75.35672600397268,37.864238183119895,4.0,4.0
75.5206787539637,38.00262178953837,4.0,4.0
75.84860717593575,38.27936616886454,4.0,4.0
76.17655088061811,38.55605345901438,4.0,4.0
76.34051891328139,38.69438758817812,4.0,4.0
76.5044869463579,38.832706496702336,4.0,4.0
76.83244593533732,39.10929102767233,4.0,4.0
77.16041256649213,39.38587556103201,4.0,4.0
77.48842504279486,39.662437259047316,4.0,4.0
77.81646044206703,39.93896851147476,4.0,4.0
78.14451876453698,40.215457899275464,4.0,4.0
78.47255416748882,40.49190922930276,4.0,4.0
78.80063541556831,40.76822354697667,4.0,4.0
78.96463401619916,40.90637880267487,4.0,4.0
79.12861733568184,41.04454167006446,4.0,4.0
79.45655341215651,41.32082554165513,4.0,4.0
79.78452769202215,41.59705993634038,4.0,4.0
79.94857977659123,41.73512385053391,4.0,4.0
80.11260893865953,41.87322582197457,4.0,4.0
80.27663810007478,42.01136204813604,4.0,4.0
80.44069782360783,42.14951349889939,4.0,4.0
80.76888603532262,42.42574789098843,4.0,4.0
80.9330145238669,42.56382702767202,4.0,4.0
81.09710480872891,42.70194422270541,4.0,4.0
81.26120273408068,42.8400500022696,4.0,4.0
81.42529301865198,42.978140555135475,4.0,4.0
81.75349650936037,43.25429121823901,4.0,4.0
81.91761735602945,43.392351324058026,4.0,4.0
82.08176112451105,43.5303847885216,4.0,4.0
82.2459048923157,43.6684563149976,4.0,4.0
82.41004101906799,43.80653925652146,4.0,4.0
82.73838967766592,44.08269752675984,4.0,4.0
82.90257164746689,44.22079569232033,4.0,4.0
83.06678417972604,44.35887483003978,4.0,4.0
83.23104255597804,44.49694254871572,4.0,4.0
83.39530093227155,44.63500646047456,4.0,4.0
83.559559308674,44.77306276170725,4.0,4.0
83.88808370246603,45.04915633272938,4.0,4.0
84.05231915772876,45.18720121674423,4.0,4.0
84.21658517608554,45.32521565266828,4.0,4.0
84.38086647615057,45.46322247766692,4.0,4.0
84.54514013589136,45.60121027381538,4.0,4.0
84.87370273759836,45.87715922395892,4.0,4.0
85.03798403888383,46.01511276702705,4.0,4.0
85.20226534027422,46.153066310467544,4.0,4.0
85.36653900131533,46.291012242071716,4.0,4.0
85.69509396479236,46.566881268883634,4.0,4.0
85.85939054848167,46.704800560411215,4.0,4.0
86.02368713228043,46.842716044863906,4.0,4.0
86.18800663818601,46.980616305524855,4.0,4.0
86.3523337849268,47.118516567273396,4.0,4.0
86.68097279787442,47.39427522484236,4.0,4.0
86.8452846640428,47.532141231732666,4.0,4.0
87.00959653050411,47.66999201763034,4.0,4.0
87.17393131901144,47.807838997999525,4.0,4.0
87.50247864619513,48.08369280581067,4.0,4.0
87.66610285558338,48.22238850707361,4.0,4.0
87.82929918917927,48.36159039627684,4.0,4.0
87.99257192924223,48.500697138594255,4.0,4.0
88.3188041435161,48.77913136702085,4.0,4.0
88.48177125815737,48.91850832897252,4.0,4.0
88.64466960705012,49.05794999424114,4.0,4.0
88.80753739270439,49.19747158193415,4.0,4.0
88.97038225611756,49.33703122911065,4.0,4.0
89.29606434112863,49.6162342527973,4.0,4.0
89.45891684432644,49.75584718229605,4.0,4.0
89.62176170680303,49.895471531301084,4.0,4.0
89.94746671313175,50.17473544874696,4.0,4.0
90.27318700112914,50.45398034049418,4.0,4.0
90.43605478592923,50.59360468857987,4.0,4.0
90.59893021151483,50.733221422919456,4.0,4.0
90.92473454778005,51.01243206306691,4.0,4.0
91.25053888544826,51.29159703122457,4.0,4.0
91.5763355837318,51.57072774630062,4.0,4.0
91.90220868885736,51.84977473194931,4.0,4.0
92.06508411640854,51.989307740112025,4.0,4.0
92.2279977474286,52.1288331366341,4.0,4.0
92.55384793210567,52.40787251104135,4.0,4.0
92.87977452364423,52.68687002072872,4.0,4.0
93.04278748280223,52.8263535528866,4.0,4.0
93.20576223850331,52.96589036750599,4.0,4.0
93.53174995487525,53.244895489359486,4.0,4.0
93.8577605952357,53.523828300429955,4.0,4.0
94.02077355662799,53.66324332704578,4.0,4.0
94.1838094398287,53.802624099176455,4.0,4.0
94.50973603423694,54.08143131647771,4.0,4.0
94.83564734733636,54.36020047445707,4.0,4.0
94.99863738688242,54.49956982892885,4.0,4.0
95.16164270735493,54.638904932185696,4.0,4.0
95.48771447121108,54.91759035726892,4.0,4.0
95.81377095169353,55.196351902143036,4.0,4.0
96.1399038373844,55.47509061075151,4.0,4.0
96.46605200410754,55.753821705796966,4.0,4.0
96.79226893590632,56.032472877777,4.0,4.0
96.95534301814132,56.17174708299191,4.0,4.0
97.1183865373545,56.31100225735613,4.0,4.0
97.28143769680898,56.45024601597578,4.0,4.0
97.44450413739816,56.58947454917392,4.0,4.0
97.77060645607058,56.86790878069027,4.0,4.0
97.93371873843358,57.00712208984301,4.0,4.0
98.09683865967129,57.14635062197171,4.0,4.0
98.25998914213247,57.28559057080332,4.0,4.0
98.42314726418648,57.42483813107713,4.0,4.0
98.7494940688907,57.70339033860891,4.0,4.0
98.9126903930005,57.842714016198464,4.0,4.0
99.07592491998554,57.98198060709524,4.0,4.0
99.23921293155611,58.12121294053864,4.0,4.0
99.40253150563782,58.260437665558285,4.0,4.0
99.72916865440875,58.53887569641013,4.0,4.0
99.8924261046971,58.67811183870548,4.0,4.0
100.05568355642308,58.817340371000995,4.0,4.0
100.21897157058571,58.95652703836706,4.0,4.0
100.38232071070806,59.095652810095444,4.0,4.0
100.54566221092458,59.2347443286278,4.0,4.0
100.87230700987999,59.512923562435304,4.0,4.0
101.03561794923371,59.65201127629713,4.0,4.0
101.19892124833144,59.791098991261265,4.0,4.0
101.36218634443023,59.93022095954607,4.0,4.0
101.52551256555809,60.069270614953076,4.0,4.0
101.85216500843701,60.34728619668036,4.0,4.0
102.01549122998732,60.486278764483004,4.0,4.0
102.17881745174458,60.625267525873944,4.0,4.0
102.34211311166942,60.764260094019235,4.0,4.0
102.50545461533478,60.903275496237285,4.0,4.0
102.8321758237251,61.18115406560567,4.0,4.0
102.99557081057695,61.320078125054685,4.0,4.0
103.15897343804242,61.45900599155503,4.0,4.0
103.32238370612222,61.59793005188136,4.0,4.0
103.64917368053399,61.875896158065416,4.0,4.0
103.8126679963053,62.01485827790353,4.0,4.0
103.97616231182299,62.153717638560245,4.0,4.0
104.13960314250784,62.29255796779038,4.0,4.0
104.30305925430638,62.43139829932407,4.0,4.0
104.46650772513172,62.57023862837266,4.0,4.0
104.79327477855986,62.847915483452695,4.0,4.0
104.95669268926872,62.98672536940824,4.0,4.0
105.12018700466824,63.1254933858698,4.0,4.0
105.44719855410774,63.403010391554346,4.0,4.0
105.61074635100515,63.54178982568086,4.0,4.0
105.77429414740922,63.68057687315886,4.0,4.0
105.93782666224938,63.81940958972456,4.0,4.0
106.26501394211357,64.09708263498464,4.0,4.0
106.42865342578774,64.23584684569059,4.0,4.0
106.59230819064082,64.37461866784386,4.0,4.0
106.75595531488585,64.51338287806374,4.0,4.0
106.91961007973313,64.65214708857326,4.0,4.0
107.24682028415607,64.9296907337893,4.0,4.0
107.41049033215972,65.06839405143162,4.0,4.0
107.57416802105081,65.20706692173994,4.0,4.0
107.73786099143754,65.34573217825857,4.0,4.0
107.90153868072385,65.48441265825464,4.0,4.0
108.22890934102716,65.76174317723019,4.0,4.0
108.39260231216078,65.90042365900528,4.0,4.0
108.55624943915679,66.03909652824336,4.0,4.0
108.7199653319349,66.1777085037404,4.0,4.0
109.04738183578155,66.45487917120536,4.0,4.0
109.21109772851558,66.59345308831638,4.0,4.0
109.37481362114633,66.73201939275006,4.0,4.0
109.53854479549719,66.87058569670292,4.0,4.0
109.70226832824834,67.00918244796546,4.0,4.0
110.02981472045005,67.28623893786326,4.0,4.0
110.19359937694563,67.42476718113338,4.0,4.0
110.35740695517617,67.56328020069625,4.0,4.0
110.5212221739161,67.70179322084965,4.0,4.0
110.84882968988477,67.97894866453431,4.0,4.0
111.0126678304223,68.11743884976894,4.0,4.0
111.17651361115607,68.25586813873996,4.0,4.0
111.34035175105396,68.39428981638511,4.0,4.0
111.50418224994655,68.53269626982237,4.0,4.0
111.83181268556274,68.80950917798901,4.0,4.0
111.99559734243145,68.94790802051362,4.0,4.0
112.15945076395698,69.08628402870309,4.0,4.0
112.48724929054016,69.36291424920556,4.0,4.0
112.6511867555828,69.5012445833244,4.0,4.0
112.8151242197952,69.63957491737884,4.0,4.0
112.97906168355405,69.77792808577388,4.0,4.0
113.1429991476367,69.916364986015,4.0,4.0
113.47104981025242,70.19310938283974,4.0,4.0
113.63510952417465,70.33140165579141,4.0,4.0
113.79916923807637,70.4697015419734,4.0,4.0
113.96322895199856,70.60800142892722,4.0,4.0
114.12726574417147,70.746293701491,4.0,4.0
114.45519416253809,71.02290108903392,4.0,4.0
114.61925388043359,71.16107918813131,4.0,4.0
114.78329067613471,71.29923445174431,4.0,4.0
114.94735039347499,71.43738971468758,4.0,4.0
115.11141775111186,71.57556020140419,4.0,4.0
115.43953718523552,71.85194684525244,4.0,4.0
115.60362746495667,71.99020867318858,4.0,4.0
115.7677253854711,72.12839438390674,4.0,4.0
115.93185386876931,72.2665344240047,4.0,4.0
116.09600527412293,72.40466685097817,4.0,4.0
116.42430044449128,72.68095454401868,4.0,4.0
116.58842892909026,72.81910219652504,4.0,4.0
116.75253449352063,72.9572422378735,4.0,4.0
116.91667062075409,73.0953366073093,4.0,4.0
117.08085259210645,73.23335486128352,4.0,4.0
117.40923181671977,73.5094218135078,4.0,4.0
117.57342907002081,73.64745529091138,4.0,4.0
117.73761868283755,73.78548115385662,4.0,4.0
118.0659749875845,74.06162422800278,4.0,4.0
118.39448410546858,74.33756939366421,4.0,4.0
118.55875012542641,74.47553436439662,4.0,4.0
118.72302378598333,74.61349172114234,4.0,4.0
119.05148706229103,74.8894292775974,4.0,4.0
119.21573780252297,75.02738663681667,4.0,4.0
119.38003438613099,75.16527548951166,4.0,4.0
119.54434625074161,75.30314150747046,4.0,4.0
119.70868867796148,75.44101513777716,4.0,4.0
120.03736589150267,75.71678523084947,4.0,4.0
120.20170831895308,75.85471214406036,4.0,4.0
120.36608130882793,75.99264666788771,4.0,4.0
120.5304390168415,76.130474625783,4.0,4.0
120.69478144303937,76.26827213583582,4.0,4.0
121.02350449747487,76.54383670760747,4.0,4.0
121.1878469225451,76.68160377012906,4.0,4.0
121.35216642701633,76.81937083385787,4.0,4.0
121.68082835643105,77.09487451082568,4.0,4.0
122.00971949742238,77.37026400781939,4.0,4.0
122.1741918082746,77.50798539614658,4.0,4.0
122.33867175878414,77.64571439439803,4.0,4.0
122.66770042487651,77.92130940750025,4.0,4.0
122.99687426255888,78.1967521808566,4.0,4.0
123.16148410316829,78.3344735691202,4.0,4.0
123.3260939438525,78.47220256878356,4.0,4.0
123.6552754233746,78.74764534290458,4.0,4.0
123.98442634526688,79.02300439152617,4.0,4.0
124.31364603460715,79.2982112044507,4.0,4.0
124.64285044412169,79.5734256298831,4.0,4.0
124.80746029031738,79.71108612711585,4.0,4.0
124.97203957385095,79.84873139982155,4.0,4.0
125.30134331341151,80.12380119935943,4.0,4.0
125.63065469397107,80.39884055559716,4.0,4.0
125.79530274403692,80.53635642710401,4.0,4.0
125.95991259247782,80.67386468798583,4.0,4.0
126.2892239768879,80.94884315069739,4.0,4.0
126.61864232876438,81.22365415023327,4.0,4.0
126.78335914510536,81.36106345623314,4.0,4.0
126.94806068012088,81.49849559866729,4.0,4.0
127.27753251673184,81.77342839001952,4.0,4.0
127.60711132242852,82.04817088425816,4.0,4.0
127.77190454562982,82.18556496733159,4.0,4.0
127.93670540939485,82.32292860361706,4.0,4.0
128.2662154524047,82.5976330415426,4.0,4.0
128.59581718547153,82.87224613849719,4.0,4.0
128.76064097367237,83.00946515025001,4.0,4.0
128.92548004313937,83.14670699788653,4.0,4.0
129.25514290091783,83.42127442382106,4.0,4.0
129.58486688390298,83.69582662759325,4.0,4.0
129.7497670787903,83.8330532501291,4.0,4.0
129.91466727387134,83.97028748750037,4.0,4.0
130.24452878956558,84.244748349047,4.0,4.0
130.574329183688,84.51920160191396,4.0,4.0
130.73929050642167,84.65635210911779,4.0,4.0
130.90423654818585,84.79348739261368,4.0,4.0
131.23420503865492,85.06774273779429,4.0,4.0
131.39916636269257,85.2049084712726,4.0,4.0
131.56417353104626,85.34211987531882,4.0,4.0
131.72921126229957,85.47922471495599,4.0,4.0
131.89427955633354,85.61631432784415,4.0,4.0
132.05931728814906,85.75339633093296,4.0,4.0
132.38946915847626,86.02756033903299,4.0,4.0
132.55447632968446,86.16464995499348,4.0,4.0
132.71946822111627,86.30176240788018,4.0,4.0
132.88455180029763,86.43875307137688,4.0,4.0
133.2147495221727,86.71267350317254,4.0,4.0
133.3798636646593,86.84964133323453,4.0,4.0
133.54494724507288,86.98663199665177,4.0,4.0
133.87522137486482,87.26055243071868,4.0,4.0
134.20548022304732,87.53436629784964,4.0,4.0
134.3706249283286,87.67126561934899,4.0,4.0
134.53578491478888,87.80815733102006,4.0,4.0
134.86602848380193,88.08196358830747,4.0,4.0
135.19639430087443,88.35564805627268,4.0,4.0
135.3616154116384,88.49247887145421,4.0,4.0
135.52682124071632,88.62933252095594,4.0,4.0
135.85724817871014,88.90307026778618,4.0,4.0
136.18775152191398,89.17664816707664,4.0,4.0
136.51831598970068,89.45021845189179,4.0,4.0
136.8488651773118,89.7237811265591,4.0,4.0
137.1794449265288,89.99728290581456,4.0,4.0
137.3447882850225,90.13399954219176,4.0,4.0
137.51013164343303,90.27073901468873,4.0,4.0
137.67547500193686,90.40750132043081,4.0,4.0
137.84081836013405,90.5442560176107,4.0,4.0
138.0062075617907,90.68093459352586,4.0,4.0
138.1715814818528,90.81758272206105,4.0,4.0
138.33697068291895,90.95423084974001,4.0,4.0
138.66774908442054,91.22748904864773,4.0,4.0
138.83309244218017,91.36412956555506,4.0,4.0
138.9984510797651,91.50079291799746,4.0,4.0
139.1639014041025,91.63737253924718,4.0,4.0
139.32935172779827,91.77392171210676,4.0,4.0
139.49480205103808,91.91048610720486,4.0,4.0
139.66025237397227,92.04711139886794,4.0,4.0
139.82573325884937,92.18366818322778,4.0,4.0
139.9912141435893,92.32018690846957,4.0,4.0
140.1567103092399,92.45669802236617,4.0,4.0
140.32219119354298,92.59320913394832,4.0,4.0
140.48767207767898,92.72972024715787,4.0,4.0
140.6531682431513,92.86622374775865,4.0,4.0
140.818633847176,93.00272725079542,4.0,4.0
140.98413001351648,93.13920791660625,4.0,4.0
141.3151834695513,93.41207790439884,4.0,4.0
141.48069491621047,93.54858901557293,4.0,4.0
141.64622164394328,93.68507729468072,4.0,4.0
141.81182477767587,93.82149706464239,4.0,4.0
141.9774431926555,93.95787116509355,4.0,4.0
142.14304632598765,94.09424526263928,4.0,4.0
142.30866474055415,94.23062697352032,4.0,4.0
142.4742678737221,94.36698584896956,4.0,4.0
142.63982516454308,94.50335994892816,4.0,4.0
142.80538245666787,94.63974927293746,4.0,4.0
142.971016153929,94.77606247731171,4.0,4.0
143.13664985065463,94.91233762312541,4.0,4.0
143.30228354726788,95.0486736634762,4.0,4.0
143.6336273461455,95.32132291013906,4.0,4.0
143.79932216720113,95.45759805324835,4.0,4.0
143.9650322697393,95.59386558806769,4.0,4.0
144.13074237209017,95.73013312082448,4.0,4.0
144.2964677557417,95.86640065424506,4.0,4.0
144.46216257771079,96.00265296462322,4.0,4.0
144.627826838749,96.13892811250533,4.0,4.0
144.79356750613078,96.2751499759299,4.0,4.0
144.9593387361301,96.41131094388481,4.0,4.0
145.1250335601681,96.54757086954166,4.0,4.0
145.29080479048432,96.68374706281136,4.0,4.0
145.62242365846353,96.9560081075893,4.0,4.0
145.78825601475373,97.0921614657428,4.0,4.0
145.95410365248378,97.22830721224209,4.0,4.0
146.11995129025726,97.36441490008895,4.0,4.0
146.45150903940163,97.63669878644387,4.0,4.0
146.61735668040188,97.77274557898474,4.0,4.0
146.7832043220404,97.90881521156936,4.0,4.0
146.94903668233138,98.04490006558046,4.0,4.0
147.28074724595854,98.31687186578412,4.0,4.0
147.44662544942582,98.45282731898041,4.0,4.0
147.6125036527386,98.58877515794794,4.0,4.0
147.77839713702306,98.72472299884737,4.0,4.0
148.11007713520274,98.99673285780456,4.0,4.0
148.27604702290773,99.13265024902813,4.0,4.0
148.44181825342253,99.26881883005642,4.0,4.0
148.60748251476926,99.4051168133553,4.0,4.0
148.93900969399255,99.67758337917141,4.0,4.0
149.10473508049446,99.81387375199738,4.0,4.0
149.2704604670423,99.95020218297323,4.0,4.0
149.43617057234502,100.08654583789202,4.0,4.0
149.76749909893792,100.35926359843555,4.0,4.0
149.93317864477996,100.49557680746753,4.0,4.0
150.09885819125515,100.63191285426166,4.0,4.0
150.26458358202493,100.76821084189072,4.0,4.0
150.59600380253843,101.04076114342354,4.0,4.0
150.7617139134196,101.17704390802017,4.0,4.0
150.9274240245931,101.31329622552536,4.0,4.0
151.0931341362563,101.44955615423807,4.0,4.0
151.42458492392146,101.72205317835821,4.0,4.0
151.59029503686187,101.85832072086858,4.0,4.0
151.75608155609135,101.99451214435587,4.0,4.0
151.92186807526545,102.13068073098978,4.0,4.0
152.2533799883451,102.40300268396032,4.0,4.0
152.41916650738662,102.53915604821381,4.0,4.0
152.5849530265906,102.67528657705863,4.0,4.0
152.75051032789102,102.8116606852453,4.0,4.0
152.91559390915592,102.94868180346532,4.0,4.0
153.24267425546995,103.22619504365034,4.0,4.0
153.404686302977,103.36690030086737,4.0,4.0
153.56651497579608,103.50801659885045,4.0,4.0
153.8893165718718,103.79094187530663,4.0,4.0
154.2108192615188,104.07522967602044,4.0,4.0
154.37130318624048,104.21764760405108,4.0,4.0
154.53168014389317,104.36011881615192,4.0,4.0
154.85225068854285,104.64528198935201,4.0,4.0
155.17265314331004,104.93060501472172,4.0,4.0
155.49299447484734,105.21602699455985,4.0,4.0
155.81333580683702,105.50146419952034,4.0,4.0
156.13361601232924,105.7866349871151,4.0,4.0
156.2937331925085,105.92918993470127,4.0,4.0
156.45386565322752,106.07171443239872,4.0,4.0
156.77411529229877,106.35674820575059,4.0,4.0
156.93423246813992,106.49933359729872,4.0,4.0
157.09444132822526,106.64193420876205,4.0,4.0
157.2547265918717,106.78449676128795,4.0,4.0
157.41502713462324,106.92703647519343,4.0,4.0
157.73567405893672,107.21221485455453,4.0,4.0
157.89603572244485,107.35480023838296,4.0,4.0
158.0563668232764,107.49740084338129,4.0,4.0
158.21663680088741,107.64005473476712,4.0,4.0
158.37702902841244,107.78265534283081,4.0,4.0
158.69804270188155,108.0675140240095,4.0,4.0
158.85875583549932,108.20964269675142,4.0,4.0
159.01946896885622,108.3518398741961,4.0,4.0
159.1801821021905,108.49399899538767,4.0,4.0
159.34091051750923,108.63613527890186,4.0,4.0
159.6624590382679,108.92035456596008,4.0,4.0
159.82330970482457,109.06231577922944,4.0,4.0
159.98417565256364,109.2042465440465,4.0,4.0
160.3058769850653,109.48804717917105,4.0,4.0
160.62751719424844,109.7718249800177,4.0,4.0
160.78835258090552,109.91372529742873,4.0,4.0
160.94929493531373,110.05556472126834,4.0,4.0
161.27122548574374,110.33920550690519,4.0,4.0
161.5932171593126,110.62288434917247,4.0,4.0
161.91507130377923,110.90660125512538,4.0,4.0
162.2370782646189,111.19008980589886,4.0,4.0
162.55910050875764,111.47348701636389,4.0,4.0
162.88113803543436,111.75687661731696,4.0,4.0
163.2031450028844,112.04031189088045,4.0,4.0
163.3642096122071,112.18196863315288,4.0,4.0
163.5253047841331,112.32357970401723,4.0,4.0
163.8475104097318,112.6067942354286,4.0,4.0
164.1696854739108,112.89000115495938,4.0,4.0
164.33075008603114,113.03165028696623,4.0,4.0
164.49187582310657,113.17320807720651,4.0,4.0
164.81415785985988,113.45620186789037,4.0,4.0
165.13645517767424,113.73914237621685,4.0,4.0
165.2975809148908,113.88062404901913,4.0,4.0
165.45866081062744,114.02215139319338,4.0,4.0
165.7810498185814,114.30504623062214,4.0,4.0
166.10351522943594,114.58791823343034,4.0,4.0
166.26474793393376,114.72936184313416,4.0,4.0
166.42599591935604,114.87079784482276,4.0,4.0
166.74847661266472,115.15379163693933,4.0,4.0
167.0711101178659,115.4365266244618,4.0,4.0
167.39368249654464,115.71920071739544,4.0,4.0
167.71623959409987,116.00186719675094,4.0,4.0
168.0389800698123,116.2845641277501,4.0,4.0
168.36182750916993,116.56713926409381,4.0,4.0
168.6847819142872,116.8497296231112,4.0,4.0
169.0076293534252,117.13239610325348,4.0,4.0
169.33066017112657,117.41484184017128,4.0,4.0
169.65375211286366,117.6971886235996,4.0,4.0
169.81530572407073,117.83837343344847,4.0,4.0
169.9768287729858,117.97953540797488,4.0,4.0
170.29992072041875,118.26194309070529,4.0,4.0
170.6231654807924,118.54421375888833,4.0,4.0
170.78479550142188,118.68534528793873,4.0,4.0
170.94647136586758,118.8264768162453,4.0,4.0
171.26976197178465,119.10875509946408,4.0,4.0
171.59311371144526,119.39092682264794,4.0,4.0
171.75483542728267,119.53198223758608,4.0,4.0
171.91654186295105,119.6730148201311,4.0,4.0
172.23998529960286,119.95505714755367,4.0,4.0
172.56339817702712,120.2370309702699,4.0,4.0
172.7251351810125,120.37799504975962,4.0,4.0
172.88682634273417,120.51897435177392,4.0,4.0
173.21030035723476,120.80087967828285,4.0,4.0
173.53377437447165,121.08269366415796,4.0,4.0
173.69552666434558,121.22358162678822,4.0,4.0
173.85721783012522,121.36443914376142,4.0,4.0
174.1806307258353,121.6461389546916,4.0,4.0
174.50402834202487,121.92780070668272,4.0,4.0
174.82757876788236,122.20943201033774,4.0,4.0
175.1510833447291,122.49103286197327,4.0,4.0
175.31282035072343,122.63182948204714,4.0,4.0
175.47455735605536,122.77262610074511,4.0,4.0
175.79810777196607,123.05420411531637,4.0,4.0
176.12170402525078,123.33573645326913,4.0,4.0
176.2834868674905,123.47646456016935,4.0,4.0
176.44528498938905,123.61720027907649,4.0,4.0
176.76886594855273,123.89867171325912,4.0,4.0
177.09258443511865,124.18015075706833,4.0,4.0
177.25447423780554,124.32088647060957,4.0,4.0
177.4163640381359,124.46162218346296,4.0,4.0
177.57828439907803,124.60235028231824,4.0,4.0
177.74022003992707,124.74307837993157,4.0,4.0
178.06407604026944,125.0245497998382,4.0,4.0
178.22607280706626,125.16529312222282,4.0,4.0
178.38813069900255,125.30601360883102,4.0,4.0
178.55020387237565,125.44675693174821,4.0,4.0
178.71229232708419,125.58750025624869,4.0,4.0
179.03648451736575,125.86890317098178,4.0,4.0
179.19854241123045,126.00960082310911,4.0,4.0
179.36056974535873,126.15028325462455,4.0,4.0
179.52262764422082,126.29095046378626,4.0,4.0
179.6846855449054,126.43158722646311,4.0,4.0
180.00883191163794,126.71274657667807,4.0,4.0
180.17104262515062,126.85313214900907,4.0,4.0
180.3337576217241,126.9928402653241,4.0,4.0
180.497328370115,127.1313913810997,4.0,4.0
180.66164790087055,127.26894534430173,4.0,4.0
180.99089821357936,127.54381729866901,4.0,4.0
181.1558901190629,127.6809449960652,4.0,4.0
181.32103483885572,127.81786717319271,4.0,4.0
181.48639349787683,127.95460666818632,4.0,4.0
181.65182856458262,128.09119392587758,4.0,4.0
181.98300432564423,128.36403352264338,4.0,4.0
182.14862276815307,128.50034675488922,4.0,4.0
182.31425649285325,128.6366295389683,4.0,4.0
182.64553922619402,128.90905809659154,4.0,4.0
182.81117295281123,129.04520387141542,4.0,4.0
182.97683724193962,129.18134964359857,4.0,4.0
183.14253209290655,129.3174954167353,4.0,4.0
183.3082575047142,129.4536716349112,4.0,4.0
183.63975416850047,129.72594795071154,4.0,4.0
183.80551013892665,129.86206327151305,4.0,4.0
183.9712813887348,129.9981785923626,4.0,4.0
184.30276276112636,130.2704701258026,4.0,4.0
184.6342899771381,130.5427159872674,4.0,4.0
184.80012235082697,130.6788160840672,4.0,4.0
184.96603112920803,130.814946626206,4.0,4.0
185.29778755910644,131.08725337839758,4.0,4.0
185.62955926852868,131.35954490625517,4.0,4.0
185.7954680448354,131.49570589569385,4.0,4.0
185.96134626010357,131.6318212134629,4.0,4.0
186.29307213221736,131.9040214048653,4.0,4.0
186.62485913225282,132.17616070198983,4.0,4.0
186.7907679137078,132.31221513008546,4.0,4.0
186.95670725775196,132.44823910679565,4.0,4.0
187.288540101436,132.7202870653564,4.0,4.0
187.6203576638613,132.99225890054893,4.0,4.0
187.78625116348354,133.12823721003912,4.0,4.0
187.9521599441529,133.26420029046315,4.0,4.0
188.11806872366893,133.40014815030545,4.0,4.0
188.2839622206212,133.5361112319199,4.0,4.0
188.6157797734001,133.80797649715447,4.0,4.0
188.78168854779722,133.943878681638,4.0,4.0
188.94759732004135,134.0797808625856,4.0,4.0
189.27949126819803,134.35160044912953,4.0,4.0
189.44547644483063,134.48750263176936,4.0,4.0
189.61146162086266,134.62340481118918,4.0,4.0
189.77747735692913,134.75932221346076,4.0,4.0
189.94352365361314,134.89523961439033,4.0,4.0
190.27563152555447,135.1671200871161,4.0,4.0
190.44186119741582,135.30280913189637,4.0,4.0
190.60854930752564,135.4377217679369,4.0,4.0
190.77565001194486,135.572086351464,4.0,4.0
190.9427507165606,135.70658794792593,4.0,4.0
191.10989726579874,135.84102864907055,4.0,4.0
191.44460295944518,136.1094381174961,4.0,4.0
191.61211625897943,136.24345255516178,4.0,4.0
191.77964483927187,136.3774365441829,4.0,4.0
191.94724982569494,136.51139008658336,4.0,4.0
192.11490065587935,136.64534362795683,4.0,4.0
192.4502787246633,136.91315937181213,4.0,4.0
192.61800596222994,137.04702157164226,4.0,4.0
192.78576376229591,137.18088377221545,4.0,4.0
192.95349100093603,137.31470030340833,4.0,4.0
193.12121824175273,137.4485016104111,4.0,4.0
193.45667272840788,137.71605855962355,4.0,4.0
193.62439997342108,137.84979897459067,4.0,4.0
193.79212721898787,137.98355461644172,4.0,4.0
193.95988502773707,138.1172950348492,4.0,4.0
194.29556874068606,138.3845475132536,4.0,4.0
194.46398364541054,138.51732883837545,4.0,4.0
194.63323901984714,138.64893793628923,4.0,4.0
194.8035335197144,138.77893331866906,4.0,4.0
194.97479073818047,138.90771080250937,4.0,4.0
195.31842070613365,139.16453503173327,4.0,4.0
195.49061008301155,139.29239909397364,4.0,4.0
195.66313564983957,139.4198673408473,4.0,4.0
195.83587515638612,139.54709200851735,4.0,4.0
196.00879803915979,139.67408832289948,4.0,4.0
196.35497999021982,139.92766990752637,4.0,4.0
196.5281932149355,140.0543312981175,4.0,4.0
196.70143700153423,140.18097746342852,4.0,4.0
196.87468078736896,140.30751706390706,4.0,4.0
197.22110723070705,140.5604135753576,4.0,4.0
197.39432045171955,140.6868466074267,4.0,4.0
197.56759479869223,140.8132796400215,4.0,4.0
197.7408997089446,140.9397431209552,4.0,4.0
198.0877998694538,141.19242650078203,4.0,4.0
198.261838271285,141.31797655076082,4.0,4.0
198.43668657611826,141.44233914942387,4.0,4.0
198.61251288069312,141.56502713664597,4.0,4.0
198.7894088749978,141.68602529141288,4.0,4.0
199.1470058995652,141.92248016987162,4.0,4.0
199.327768054474,142.03764763989344,4.0,4.0
199.5098749607844,142.15063811834696,4.0,4.0
199.69315852420445,142.26184742131994,4.0,4.0
199.87716030644043,142.3722194181645,4.0,4.0
200.24640165382203,142.5910300033985,4.0,4.0
200.43165649956498,142.69949903451126,4.0,4.0
200.61715584532172,142.80751135695257,4.0,4.0
200.80288441054174,142.91520397884398,4.0,4.0
200.98875050683526,143.02269869459678,4.0,4.0
201.36069663540812,143.23726185725488,4.0,4.0
201.54679194989689,143.344436874036,4.0,4.0
201.73300951431705,143.4515966653064,4.0,4.0
202.10550576892285,143.66573356671597,4.0,4.0
202.47807843223467,143.87988569016065,4.0,4.0
202.66437240561942,143.98696936625927,4.0,4.0
202.85068166432785,144.09399214879625,4.0,4.0
203.22331547148482,144.30799205253223,4.0,4.0
203.4096094567361,144.41493872219243,4.0,4.0
203.59579647574486,144.52185494679048,4.0,4.0
203.9687664870274,144.73436293718086,4.0,4.0
204.34408981794962,144.94163396846247,4.0,4.0
204.53311915748142,145.04259772265283,4.0,4.0
204.72318762244416,145.14167373588407,4.0,4.0
204.91432577157698,145.23877065875837,4.0,4.0
205.10661001325877,145.33361447165998,4.0,4.0
205.49366933836478,145.5188110980105,4.0,4.0
205.68781789477853,145.61033613971364,4.0,4.0
205.88230264097837,145.7011304455027,4.0,4.0
206.07706245126113,145.79133102512975,4.0,4.0
206.2720820439782,145.88104444762808,4.0,4.0
206.467208605418,145.97043817017584,4.0,4.0
206.8578131970421,146.148601446224,4.0,4.0
207.05321481949196,146.23749278726513,4.0,4.0
207.24869284711676,146.32632323029054,4.0,4.0
207.44423199876636,146.4151080036217,4.0,4.0
207.63980171213962,146.5038623277177,4.0,4.0
208.03094113621108,146.68129485477195,4.0,4.0
208.2265566912308,146.76998828368534,4.0,4.0
208.42223337197254,146.85843813232273,4.0,4.0
208.61826152298957,146.94602023046954,4.0,4.0
208.81470226813914,147.03226264180705,4.0,4.0
209.2096620079462,147.19917557774852,4.0,4.0
209.408379658342,147.27970908991304,4.0,4.0
209.60796833891723,147.35809605716602,4.0,4.0
209.80841276847963,147.43419946547,4.0,4.0
210.21189943898733,147.57958605012342,4.0,4.0
210.4146207748712,147.65034592871402,4.0,4.0
210.61761717402015,147.72040551911584,4.0,4.0
210.8209497616163,147.7896734752444,4.0,4.0
211.02448100586636,147.85827158803022,4.0,4.0
211.22824146894862,147.92641298851078,4.0,4.0
211.43213946385885,147.99418902096588,4.0,4.0
211.84010354864364,148.12905601737765,4.0,4.0
212.04410851335138,148.1962687726829,4.0,4.0
212.2481593228399,148.26340540871715,4.0,4.0
212.45227125818565,148.330450704051,4.0,4.0
212.6563984746445,148.39749599881165,4.0,4.0
213.06466818759702,148.53149524759374,4.0,4.0
213.26893293349912,148.59823606729486,4.0,4.0
213.47344217857867,148.66409390981806,4.0,4.0
213.67818064305283,148.7285663921099,4.0,4.0
213.88342339112114,148.7911054677578,4.0,4.0
214.29560510512988,148.9102615857483,4.0,4.0
214.5026051972914,148.96657415560333,4.0,4.0
214.71027766514456,149.02051182626,4.0,4.0
214.9186072263322,149.0719680286987,4.0,4.0
215.12753275685344,149.1208361995068,4.0,4.0
215.54711060641526,149.21100635666372,4.0,4.0
215.75759482943215,149.25396772508304,4.0,4.0
215.96824714839317,149.29615268685092,4.0,4.0
216.1790522832237,149.33750034617316,4.0,4.0
216.39008663925694,149.37810204362256,4.0,4.0
216.81244570188048,149.45790486237343,4.0,4.0
217.02369400199694,149.49734956282214,4.0,4.0
217.23497286580667,149.53662680154451,4.0,4.0
217.44629757380628,149.5757518056556,4.0,4.0
217.65760700049157,149.61483113529326,4.0,4.0
217.8689317096344,149.6537886782348,4.0,4.0
218.29152000656381,149.73156675200877,4.0,4.0
218.50284471987368,149.77043295695404,4.0,4.0
218.7141694337253,149.8092382646263,4.0,4.0
218.92552471013758,149.8480740207939,4.0,4.0
219.13683414093074,149.8868793272395,4.0,4.0
219.34814357131435,149.92566941307308,4.0,4.0
219.77089996448356,150.0029603288791,4.0,4.0
219.9823774914061,150.04056296422672,4.0,4.0
220.19397726892478,150.07676501646648,4.0,4.0
220.40576042054963,150.11104888053853,4.0,4.0
220.61784919331114,150.1433079859111,4.0,4.0
221.04297417633518,150.2012343267346,4.0,4.0
221.25604094867168,150.22659708459966,4.0,4.0
221.4693827837185,150.24943270564677,4.0,4.0
221.6829385573112,150.26960417839314,4.0,4.0
222.110722477523,150.30175675780498,4.0,4.0
222.32487421741766,150.31346383857988,4.0,4.0
222.53898011290246,150.32154767443245,4.0,4.0
222.7529331941079,150.32552110209474,4.0,4.0
223.1803809115657,150.31952302935576,4.0,4.0
223.39413532688235,150.3097798807612,4.0,4.0
223.60813424010047,150.29664184082213,4.0,4.0
223.82222484038775,150.2810223344837,4.0,4.0
224.03626959669464,150.2638804545545,4.0,4.0
224.2502532278798,150.24533799441548,4.0,4.0
224.46422157753145,150.22557763486776,4.0,4.0
224.67818992931942,150.20482773552908,4.0,4.0
224.89212772107422,150.18334709831544,4.0,4.0
225.10603495337136,150.16136408310643,4.0,4.0
225.3199727510251,150.1390461449405,4.0,4.0
225.53397167597248,150.11646940666122,4.0,4.0
225.96190840564017,150.07090489204867,4.0,4.0
226.17587677529946,150.04799323693055,4.0,4.0
226.38986043005144,150.02499024110472,4.0,4.0
226.60379824569435,150.00172844421712,4.0,4.0
226.8174610044611,149.97753800664654,4.0,4.0
227.24377796528026,149.92442255611593,4.0,4.0
227.45638632153307,149.89490381914942,4.0,4.0
227.66870433513017,149.86325376108272,4.0,4.0
227.88060975530072,149.82928969978082,4.0,4.0
228.09207201891203,149.79288984016722,4.0,4.0
228.51356010171412,149.71244781508858,4.0,4.0
228.72341782576044,149.6682686312173,4.0,4.0
228.93258788964718,149.62119693899305,4.0,4.0
229.14074938598606,149.5706846827377,4.0,4.0
229.3476272513864,149.51627515193107,4.0,4.0
229.55346599483178,149.4581967077873,4.0,4.0
230.16914844293177,149.269833741201,4.0,4.0
230.3738105121304,149.204508795201,4.0,4.0
230.5782892050625,149.13813341028794,4.0,4.0
230.782599802982,149.0709663925786,4.0,4.0
230.98674231138273,149.00326654799065,4.0,4.0
231.19077785750724,148.93512521727945,4.0,4.0
231.39470643740052,148.8667403108326,4.0,4.0
231.80231910302305,148.72952901250278,4.0,4.0
232.00604903499467,148.66076351803167,4.0,4.0
232.20973312673493,148.59195235503427,4.0,4.0
232.41334081860106,148.5231107480464,4.0,4.0
232.6168721092536,148.45420824964475,4.0,4.0
232.8203575577598,148.38506217259817,4.0,4.0
233.02341513103337,148.3151092388776,4.0,4.0
233.42748258791434,148.17078849084783,4.0,4.0
233.62837022178266,148.09584217596466,4.0,4.0
233.82860075721945,148.018886329134,4.0,4.0
234.02791441444347,147.93973826359607,4.0,4.0
234.2262195069359,147.85832186292785,4.0,4.0
234.61984984045958,147.6882730170117,4.0,4.0
234.81500698938802,147.59956445277462,4.0,4.0
235.00898748042172,147.50834397456788,4.0,4.0
235.2016232196691,147.4144441210866,4.0,4.0
235.39242520293612,147.31740817981776,4.0,4.0
235.58111836641217,147.21680988395397,4.0,4.0
235.76741236690907,147.11228386571503,4.0,4.0
236.13265009594764,146.8914334565133,4.0,4.0
236.31165494017893,146.77489592825816,4.0,4.0
236.4890246816347,146.6551005197171,4.0,4.0
236.665156634575,146.5329910999704,4.0,4.0
236.8404939591192,146.40951154586656,4.0,4.0
237.18893753923254,146.15902052945304,4.0,4.0
237.3622730123333,146.03240488545515,4.0,4.0
237.53516533269385,145.90522596442062,4.0,4.0
237.70778259159016,145.77765122808714,4.0,4.0
238.05245170555426,145.5216796784219,4.0,4.0
238.22467165514232,145.3934655486021,4.0,4.0
238.39692216467134,145.2650991779482,4.0,4.0
238.74128564869034,145.00812285974814,4.0,4.0
239.08473225489075,144.74992864124067,4.0,4.0
239.25513372865026,144.61940050292628,4.0,4.0
239.42423629724115,144.48744133472573,4.0,4.0
239.75849887279406,144.21866663701655,4.0,4.0
240.08689344866525,143.9427520181582,4.0,4.0
240.24853876511307,143.8018869779643,4.0,4.0
240.4083961738587,143.6590124089172,4.0,4.0
240.7225486155784,143.36732601744404,4.0,4.0
240.87644633494597,143.21831628929624,4.0,4.0
241.02768511634233,143.06693166368146,4.0,4.0
241.3204590968373,142.7562308647984,4.0,4.0
241.59867003484754,142.43290960335315,4.0,4.0
241.73247289506773,142.2666514050436,4.0,4.0
241.86366265200996,142.09783561608916,4.0,4.0
242.1212591208171,141.7555303543849,4.0,4.0
242.37431705038165,141.40957139457095,4.0,4.0
242.49963879784966,141.23554909228244,4.0,4.0
242.6244409804704,141.06105485271092,4.0,4.0
242.87285341472239,140.71122907418572,4.0,4.0
243.1206393233951,140.36076390265941,4.0,4.0
243.24432598366997,140.18541714087795,4.0,4.0
243.3679820860145,140.01005515751282,4.0,4.0
243.61398010587644,139.6585547823421,4.0,4.0
243.85467553205584,139.30429891842076,4.0,4.0
244.08844854265882,138.94578041141006,4.0,4.0
244.31430585242197,138.58228374306927,4.0,4.0
244.53137641839749,138.21350443629592,4.0,4.0
244.7389267471706,137.83936637591341,4.0,4.0
244.93541342202136,137.45970209211686,4.0,4.0
245.11660353279842,137.07367428432923,4.0,4.0
245.28309305496023,136.68061311555905,4.0,4.0
245.44117786914364,136.2828630303127,4.0,4.0
245.59449491787873,135.88282938226993,4.0,4.0
245.74443479901035,135.48131902851068,4.0,4.0
245.89252565326657,135.07915406068634,4.0,4.0
245.9662272546155,134.87791172760404,4.0,4.0
246.03974548347645,134.67663894896634,4.0,4.0
246.1864915973428,134.27395637928814,4.0,4.0
246.33311545737442,133.8710302279029,4.0,4.0
246.40640446897913,133.66958998904832,4.0,4.0
246.4796782009293,133.46816497440807,4.0,4.0
246.62616454104003,133.06525405245839,4.0,4.0
246.77257448303325,132.6623735821971,4.0,4.0
246.84574125621808,132.46102469113418,4.0,4.0
246.91889274780166,132.2596605774493,4.0,4.0
247.06518045480254,131.85690190342748,4.0,4.0
247.21142233072715,131.45417368523982,4.0,4.0
247.2845585485609,131.25282479797852,4.0,4.0
247.3576489212636,131.0514911333291,4.0,4.0
247.5038143896974,130.64871724227578,4.0,4.0
247.64999515462358,130.24614126522906,4.0,4.0
247.72302441129597,130.04488372345213,4.0,4.0
247.7960078249262,129.84359573664568,4.0,4.0
247.9419593811843,129.44100454055283,4.0,4.0
248.08801790899034,129.03858080716978,4.0,4.0
248.16103188927417,128.8373689400232,4.0,4.0
248.2339389007924,128.6361418469028,4.0,4.0
248.3797987799929,128.2336724456217,4.0,4.0
248.5257350643313,127.83137050463063,4.0,4.0
248.59871848314594,127.63019669595975,4.0,4.0
248.67161021293606,127.42897721466352,4.0,4.0
248.74450194543076,127.22775773617315,4.0,4.0
248.8173936858648,127.02656870780501,4.0,4.0
248.96331468929765,126.62411452691455,4.0,4.0
249.03625226507899,126.42287221144926,4.0,4.0
249.1091592766692,126.22157661169474,4.0,4.0
249.18203572777705,126.02022772923443,4.0,4.0
249.32783448489945,125.61772026721927,4.0,4.0
249.40071093950306,125.4165236244828,4.0,4.0
249.473602673582,125.21535742788569,4.0,4.0
249.54647912508915,125.01417600656359,4.0,4.0
249.61921804721354,124.81293368918384,4.0,4.0
249.69201810129243,124.61169137813141,4.0,4.0
249.83780156880067,124.20922197050925,4.0,4.0
249.91067801245458,124.00799487294802,4.0,4.0
249.98353917032256,123.80675255013904,4.0,4.0
250.05640032517522,123.60545694189233,4.0,4.0
250.12910867216684,123.40408521815911,4.0,4.0
250.27493796126709,123.00134176849619,4.0,4.0
250.3478143953396,122.80001571344319,4.0,4.0
250.42069082563737,122.59864398234754,4.0,4.0
250.49359781556,122.39724941606573,4.0,4.0
250.6391214633793,121.99436133432573,4.0,4.0
250.71202846376698,121.7929210997469,4.0,4.0
250.78498130511204,121.59148848019089,4.0,4.0
250.85785773780785,121.39010152638824,4.0,4.0
250.93076473107524,121.18867651219449,4.0,4.0
251.07630365763063,120.7857808177383,4.0,4.0
251.1491342613704,120.58439387088632,4.0,4.0
251.2220259875401,120.38299931280886,4.0,4.0
251.29491771071164,120.18163519851151,4.0,4.0
251.36779415001178,119.98023302401609,4.0,4.0
251.44064002488108,119.77880040296932,4.0,4.0
251.58608727705396,119.37584381661655,4.0,4.0
251.6589178799349,119.17432746793507,4.0,4.0
251.73180960614647,118.97280350659679,4.0,4.0
251.80464020640412,118.77138611074503,4.0,4.0
251.9502861228113,118.36851325881042,4.0,4.0
252.02305559617926,118.16706541423821,4.0,4.0
252.0956569831883,117.96558712643834,4.0,4.0
252.24130292540562,117.56259249561593,4.0,4.0
252.3141182528889,117.36120554853409,4.0,4.0
252.38693357881468,117.15981860330152,4.0,4.0
252.45967249717992,116.95839359855944,4.0,4.0
252.60490583937266,116.55552075292624,4.0,4.0
252.6776753333729,116.3540576925412,4.0,4.0
252.75047538694616,116.15262508074291,4.0,4.0
252.89598380011023,115.74994253400804,4.0,4.0
253.04143108162557,115.3472067016216,4.0,4.0
253.1138949456224,115.14578169855743,4.0,4.0
253.18658803348856,114.94435669698692,4.0,4.0
253.33205060559243,114.54161325520043,4.0,4.0
253.47743676185254,114.13889264627453,4.0,4.0
253.62253257375139,113.73611875351018,4.0,4.0
253.7678270577939,113.33344381967632,4.0,4.0
253.91318265360218,112.93069276289086,4.0,4.0
254.05849239709244,112.52785796950153,4.0,4.0
254.20351180536883,112.12493944951937,4.0,4.0
254.2761743254448,111.9235068322887,4.0,4.0
254.34888268698265,111.72213511013913,4.0,4.0
254.49414659167337,111.31935360141303,4.0,4.0
254.63928824287765,110.9165416437738,4.0,4.0
254.71167570284223,110.71506335582512,4.0,4.0
254.7843076613075,110.51357745526127,4.0,4.0
254.92963269219118,110.11069699245616,4.0,4.0
255.07485074375882,109.70785458034331,4.0,4.0
255.14739100103867,109.5064143450777,4.0,4.0
255.21971732867104,109.30494366638005,4.0,4.0
255.3648895564045,108.90199469908457,4.0,4.0
255.5101993012347,108.49909139472332,4.0,4.0
255.5828465296744,108.29757504217072,4.0,4.0
255.65544791277998,108.09602823918488,4.0,4.0
255.8004367562387,107.69294986508467,4.0,4.0
255.94568538966772,107.2899856705937,4.0,4.0
256.09090345949414,106.88706714851904,4.0,4.0
256.2359992787166,106.48415623592946,4.0,4.0
256.3808506116394,106.08116921121905,4.0,4.0
256.52605340543687,105.6782583012561,4.0,4.0
256.6711950671074,105.27536261009664,4.0,4.0
256.8162144787335,104.87242124964837,4.0,4.0
256.96126446330794,104.46947988984039,4.0,4.0
257.1063450000665,104.06662986896627,4.0,4.0
257.25145609279036,103.663741786685,4.0,4.0
257.39623100471647,103.26080803559003,4.0,4.0
257.54131153883947,102.85794279005553,4.0,4.0
257.61383651968845,102.65654061113578,4.0,4.0
257.6863614979124,102.4551079844577,4.0,4.0
257.8313197612542,102.05219705792484,4.0,4.0
257.9760029704297,101.64927852244239,4.0,4.0
258.0485279461195,101.44779261201145,4.0,4.0
258.12105291849184,101.2463371463313,4.0,4.0
258.2660417309616,100.84335009398784,4.0,4.0
258.4109388510153,100.440294532614,4.0,4.0
258.48324988428243,100.23866399580537,4.0,4.0
258.5557137288668,100.03707151504673,4.0,4.0
258.7007025396466,99.6340387904248,4.0,4.0
258.8455385345613,99.23097561744206,4.0,4.0
258.9900994732781,98.82790483661424,4.0,4.0
259.13487435373025,98.42474271010022,4.0,4.0
259.2798020426984,98.02163386745598,4.0,4.0
259.35223532372737,97.82005661083795,4.0,4.0
259.4246380418708,97.61845651686154,4.0,4.0
259.5691684255973,97.21519543887676,4.0,4.0
259.71403500535155,96.81207898917529,4.0,4.0
259.8588404631825,96.409053882239,4.0,4.0
260.00349311003083,96.00605922417908,4.0,4.0
260.14787070390014,95.60297322485846,4.0,4.0
260.29264560600944,95.19992528582247,4.0,4.0
260.4373288176935,94.79689256699682,4.0,4.0
260.5096398599749,94.59534575744422,4.0,4.0
260.58192034073494,94.39381417479176,4.0,4.0
260.726481309304,93.99065966945459,4.0,4.0
260.8710728373714,93.58765739862126,4.0,4.0
260.9433533187843,93.38614865017055,4.0,4.0
261.015633798962,93.18463228931091,4.0,4.0
261.1600725123378,92.78155389940486,4.0,4.0
261.3046946047265,92.37843745004722,4.0,4.0
261.3770056462584,92.17689825289412,4.0,4.0
261.44934724846047,91.97536666603631,4.0,4.0
261.5940304503506,91.57225021194292,4.0,4.0
261.73834691407797,91.16909570019277,4.0,4.0
261.8830606882786,90.76600969475412,4.0,4.0
262.02771333043455,90.36298458077982,4.0,4.0
262.1722437179759,89.95989857260602,4.0,4.0
262.3164990564176,89.55676689442168,4.0,4.0
262.4611822597073,89.15368088541166,4.0,4.0
262.6058043317334,88.75049591697532,4.0,4.0
262.7502430291075,88.34728811663052,4.0,4.0
262.8946511743973,87.94398897490149,4.0,4.0
263.0392732541211,87.54087251609187,4.0,4.0
263.1838036453225,87.13770277480683,4.0,4.0
263.3281201053293,86.73451019936462,4.0,4.0
263.4003700237352,86.53291010621939,4.0,4.0
263.47265050368424,86.33135568261893,4.0,4.0
263.6171808997304,85.92817071852681,4.0,4.0
263.761619607015,85.524970529055,4.0,4.0
263.8337167147423,85.32332476353082,4.0,4.0
263.9058443841016,85.12166377436114,4.0,4.0
264.050313657198,84.71848642062677,4.0,4.0
264.19475236563204,84.31538518584526,4.0,4.0
264.2669105940986,84.11384598433693,4.0,4.0
264.3390382616754,83.9122915611959,4.0,4.0
264.48320191370703,83.50907614901209,4.0,4.0
264.62761005656444,83.10592923908877,4.0,4.0
264.6998294074784,82.9043139180454,4.0,4.0
264.7720181949306,82.70267576252704,4.0,4.0
264.91618183792093,82.29935377947876,4.0,4.0
265.0604677373722,81.89618403664025,4.0,4.0
265.204845326554,81.49295339687151,4.0,4.0
265.34916179263627,81.08971514891891,4.0,4.0
265.49329488668343,80.68640078025459,4.0,4.0
265.63758079544925,80.28311686001592,4.0,4.0
265.7818361455058,79.87986338918381,4.0,4.0
265.85393325907484,79.67822523526742,4.0,4.0
265.9259998110796,79.47660991721419,4.0,4.0
266.0700717915565,79.07334122182655,4.0,4.0
266.2142048950607,78.67021715220935,4.0,4.0
266.2862408838982,78.46864750422085,4.0,4.0
266.3583074350997,78.26708546904243,4.0,4.0
266.5022877266671,77.86395378518557,4.0,4.0
266.6463597004764,77.46069269779439,4.0,4.0
266.71839568521466,77.25900887116676,4.0,4.0
266.79043166914914,77.057294596877,4.0,4.0
266.93447307294986,76.65381276264566,4.0,4.0
267.0784839161473,76.2503537655422,4.0,4.0
267.15048934157653,76.04865471479857,4.0,4.0
267.22243364400333,75.84697849959382,4.0,4.0
267.36626112749116,75.44365652050263,4.0,4.0
267.5100580520832,75.04037259984796,4.0,4.0
267.6538244101286,74.6371039018207,4.0,4.0
267.7975296371567,74.23375146848315,4.0,4.0
267.94120429776956,73.83035336653388,4.0,4.0
268.0848483913408,73.42690958870163,4.0,4.0
268.22852304181737,73.02345819923666,4.0,4.0
268.37207544154273,72.61998397400177,4.0,4.0
268.5156278410304,72.21647929861892,4.0,4.0
268.6590885485294,71.81295178659012,4.0,4.0
268.73081890092055,71.61120706100579,4.0,4.0
268.80257981565615,71.40943949756978,4.0,4.0
268.9460099571751,71.0059043733442,4.0,4.0
269.08940953635164,70.60236163725833,4.0,4.0
269.16104819939574,70.40056362668983,4.0,4.0
269.23271742444234,70.19876561526141,4.0,4.0
269.3760864363771,69.79517720500255,4.0,4.0
269.5193943225812,69.39157357129005,4.0,4.0
269.5910329843804,69.18977556109871,4.0,4.0
269.66267164626197,68.98799277037816,4.0,4.0
269.8058572805899,68.5844119712165,4.0,4.0
269.94904291254676,68.18085400654898,4.0,4.0
270.0205898841055,67.97907883085337,4.0,4.0
270.0921062928761,67.7773036549061,4.0,4.0
270.23516966988456,67.37371523868785,4.0,4.0
270.3781719135357,66.97011921046398,4.0,4.0
270.52117415101384,66.56650795592608,4.0,4.0
270.6641152605235,66.162896702174,4.0,4.0
270.80699523800155,65.75927022148609,4.0,4.0
270.94987520567753,65.35562090273747,4.0,4.0
271.0927246045831,64.95195635893194,4.0,4.0
271.2355740011074,64.54829942814543,4.0,4.0
271.3783317018443,64.14457398425554,4.0,4.0
271.5210588311383,63.74083331745249,4.0,4.0
271.5924223935321,63.538947759383724,4.0,4.0
271.66372482981535,63.33706981190386,4.0,4.0
271.8063602661771,62.93325683197155,4.0,4.0
271.94896513636945,62.52934489487032,4.0,4.0
272.02029813319075,62.32736038166374,4.0,4.0
272.0915700046015,62.12537206294914,4.0,4.0
272.2341748741559,61.72138020041036,4.0,4.0
272.3767491901848,61.31743020802519,4.0,4.0
272.4480516326354,61.115453308586034,4.0,4.0
272.5192929516688,60.91349543713163,4.0,4.0
272.66174503108977,60.5095720875134,4.0,4.0
272.80419711610256,60.10567157529017,4.0,4.0
272.8754078789286,59.903747960381565,4.0,4.0
272.9466186426699,59.701843375365016,4.0,4.0
273.0889484841193,59.29806465323154,4.0,4.0
273.23118663923475,58.89430496017486,4.0,4.0
273.3734859199821,58.490484373146344,4.0,4.0
273.51578519785255,58.08652296602952,4.0,4.0
273.6579927866529,57.6824816338825,4.0,4.0
273.80013925184636,57.27842507781459,4.0,4.0
273.94231629231683,56.874372329509725,4.0,4.0
274.0844627801165,56.470338613657404,4.0,4.0
274.2266092743307,56.066304896958826,4.0,4.0
274.369947710232,55.662750731261696,4.0,4.0
274.5185429005231,55.261187065876996,4.0,4.0
274.6747481566527,54.86235225017416,4.0,4.0
274.8371270391862,54.465728680043256,4.0,4.0
274.91909582139414,54.26785838166722,4.0,4.0
275.0017369766462,54.07031919897696,4.0,4.0
275.1684862826121,53.67583075429786,4.0,4.0
275.33642752145545,53.281833271231704,4.0,4.0
275.42065791964694,53.08493728917128,4.0,4.0
275.5049800028129,52.88806414203146,4.0,4.0
275.67377697494635,52.494333071144325,4.0,4.0
275.84266562816197,52.10060961035748,4.0,4.0
275.9271405155596,51.903744073937254,4.0,4.0
276.0116154012537,51.706874731770974,4.0,4.0
276.18053460480274,51.31307515032831,4.0,4.0
276.349453803389,50.91924131486164,4.0,4.0
276.4338675575974,50.722295851094216,4.0,4.0
276.51834243621335,50.52535800097165,4.0,4.0
276.68710881484844,50.13148229927192,4.0,4.0
276.85581406592786,49.737648461102495,4.0,4.0
277.02448875292674,49.34383365311052,4.0,4.0
277.1931634349887,48.94999981508441,4.0,4.0
277.3617464220825,48.55612030403711,4.0,4.0
277.5303294044829,48.16221034509341,4.0,4.0
277.6988512579627,47.76833083301226,4.0,4.0
277.78311218353406,47.571404397463255,4.0,4.0
277.8673119837812,47.37448557310261,4.0,4.0
278.03571158342476,46.98067076228733,4.0,4.0
278.2040806176119,46.58685975602002,4.0,4.0
278.28824985098385,46.3899409333632,4.0,4.0
278.3724496457966,46.193033525259004,4.0,4.0
278.54072698319976,45.799188264742675,4.0,4.0
278.7089737569757,45.405301138840954,4.0,4.0
278.79335692525143,45.208420374200976,4.0,4.0
278.87856528156783,45.011882142719415,4.0,4.0
279.05326074596604,44.62071625740222,4.0,4.0
279.23532177432344,44.232747353153286,4.0,4.0
279.32945438477753,44.040178707443474,4.0,4.0
279.42578749781035,43.84870616967985,4.0,4.0
279.62536085457793,43.46933105940519,4.0,4.0
279.8343780269799,43.09509014640639,4.0,4.0
280.0506996359976,42.72487971579338,4.0,4.0
280.2699858083075,42.3566597847378,4.0,4.0
280.4916864167872,41.989859467422,4.0,4.0
280.7146706480964,41.62382794451047,4.0,4.0
280.93829669275397,41.258085675262556,4.0,4.0
281.16219780512677,40.892484228391055,4.0,4.0
281.3862822974224,40.52687516714551,4.0,4.0
281.6103973609282,40.16119379775095,4.0,4.0
281.83457356213194,39.79552384571851,4.0,4.0
282.05871921063897,39.42987292644613,4.0,4.0
282.2827426268563,39.06430574068125,4.0,4.0
282.3949682778612,38.88165535348327,4.0,4.0
282.50792743123515,38.6994540714978,4.0,4.0
282.7378188702828,38.33763953437328,4.0,4.0
282.9745563123367,37.98006480540252,4.0,4.0
283.0957673470606,37.80309667591558,4.0,4.0
283.21899550910337,37.62752151664647,4.0,4.0
283.4717782752256,37.28086219485817,4.0,4.0
283.73321023326343,36.94057400355936,4.0,4.0
283.867318650689,36.77313211827298,4.0,4.0
284.0042388192484,36.608038491299986,4.0,4.0
284.28752297040813,36.286403162934626,4.0,4.0
284.5847741907136,35.97738830092855,4.0,4.0
284.73874824073044,35.82799413695147,4.0,4.0
284.8962369791464,35.68228411394722,4.0,4.0
285.22145291048173,35.40240745489287,4.0,4.0
285.56020804981006,35.13913227020349,4.0,4.0
285.9120745146273,34.89431203886804,4.0,4.0
286.27778580079485,34.67204194634752,4.0,4.0
286.6580142772656,34.47455987886579,4.0,4.0
287.05080390021,34.301275911559785,4.0,4.0
287.4494920703244,34.14860105363017,4.0,4.0
287.8532841752794,34.00697481168216,4.0,4.0
288.2590017215883,33.87176536921922,4.0,4.0
288.666125150503,33.740422753696066,4.0,4.0
288.8699772134211,33.675501213161084,4.0,4.0
289.07389040603493,33.610960267922145,4.0,4.0
289.4819001795893,33.48248732751923,4.0,4.0
289.88994053152845,33.354394980895535,4.0,4.0
290.09394543069607,33.290443957809416,4.0,4.0
290.29788920704726,33.226485323790804,4.0,4.0
290.5018024235424,33.162560940714386,4.0,4.0
290.70571564277026,33.09867081344399,4.0,4.0
291.11341983557355,32.97089817019582,4.0,4.0
291.317180246585,32.90702326656462,4.0,4.0
291.5209712216553,32.84315597557054,4.0,4.0
291.7246705098776,32.77928868444957,4.0,4.0
291.92833923600773,32.71542139213978,4.0,4.0
292.3355544390129,32.58769442269272,4.0,4.0
292.53907035459173,32.52380810241458,4.0,4.0
292.7425862721852,32.459990289891216,4.0,4.0
292.9460716281586,32.39614963926098,4.0,4.0
293.14952642185926,32.3322899624061,4.0,4.0
293.55628319668193,32.204540158073314,4.0,4.0
293.75964630404485,32.14066525616156,4.0,4.0
293.9629788507572,32.07678654911208,4.0,4.0
294.1662502767593,32.01294209404966,4.0,4.0
294.36952170479935,31.94907861292203,4.0,4.0
294.77597287636956,31.82130026684934,4.0,4.0
294.9791220601285,31.757413948848257,4.0,4.0
295.18227124852075,31.693550467447274,4.0,4.0
295.3853898781293,31.629690791856273,4.0,4.0
295.588447385444,31.565817795824124,4.0,4.0
295.99456241064047,31.438075611463955,4.0,4.0
296.19761992593743,31.37419881128603,4.0,4.0
296.4006468777079,31.310301078976586,4.0,4.0
296.6037043953445,31.246660247091526,4.0,4.0
296.8070675402245,31.18384530051931,4.0,4.0
297.21501633486434,31.06272924312111,4.0,4.0
297.4199076072339,31.00495905858891,4.0,4.0
297.62547125436515,30.949204113681134,4.0,4.0
297.83164615226565,30.895610937860738,4.0,4.0
298.0384322989527,30.84432605982161,4.0,4.0
298.2458908189405,30.79547507131771,4.0,4.0
298.66254991833847,30.705392567689856,4.0,4.0
298.87171993843765,30.664516908949743,4.0,4.0
299.08144008304924,30.627114158369512,4.0,4.0
299.29174091540574,30.593709540173514,4.0,4.0
299.50265299594935,30.564776887621722,4.0,4.0
299.9264025865665,30.520782297000654,4.0,4.0
300.139026158999,30.505960133186907,4.0,4.0
300.3519553515762,30.495684148748623,4.0,4.0
300.565342978737,30.48892865004438,4.0,4.0
300.7788222912168,30.484673648982806,4.0,4.0
300.9922404770799,30.481975273060694,4.0,4.0
301.41898516392007,30.480656574537505,4.0,4.0
301.6324339151867,30.481543385928877,4.0,4.0
301.8459437906244,30.48310194222632,4.0,4.0
302.05951479235904,30.48514575541255,4.0,4.0
302.2730552362918,30.487475014226813,4.0,4.0
302.4866568104696,30.490000277836923,4.0,4.0
302.91395166022596,30.495410468060037,4.0,4.0
303.12761437245007,30.498491400487303,4.0,4.0
303.34130764888914,30.502462919619997,4.0,4.0
303.5549398015945,30.507842634553867,4.0,4.0
303.7684802694485,30.51518049886607,4.0,4.0
303.9819596174204,30.524537410291526,4.0,4.0
304.40870437989634,30.5497270249104,4.0,4.0
304.62175585218665,30.565885134942718,4.0,4.0
304.8346239493861,30.58456847833329,4.0,4.0
305.04721698195414,30.60585317394466,4.0,4.0
305.2595655092391,30.629754449719947,4.0,4.0
305.4714861591514,30.656546325524225,4.0,4.0
305.8937993246761,30.720486013793852,4.0,4.0
306.1046502791059,30.75628081861937,4.0,4.0
306.3152872933051,30.793230721722818,4.0,4.0
306.5255881182341,30.831073116002536,4.0,4.0
306.7356138829594,30.869846061247298,4.0,4.0
307.15529866895463,30.94948330891467,4.0,4.0
307.36498825510466,30.990012691182848,4.0,4.0
307.5745250351944,31.03075330275382,4.0,4.0
307.78406181887436,31.071665180518842,4.0,4.0
307.993568043368,31.11270836527023,4.0,4.0
308.2029520220288,31.15382957135111,4.0,4.0
308.62178111574775,31.236121462043755,4.0,4.0
308.8311039794902,31.277571882700034,4.0,4.0
309.04024347132355,31.31986721947277,4.0,4.0
309.24901621507496,31.363519371289517,4.0,4.0
309.45739164704474,31.409019301138983,4.0,4.0
309.66533920498756,31.45651734466901,4.0,4.0
309.8728588901389,31.506102942210777,4.0,4.0
310.28624789150246,31.611915484928943,4.0,4.0
310.49196439329,31.668418360152486,4.0,4.0
310.696947394895,31.727444568291737,4.0,4.0
310.9011052076253,31.789226267947793,4.0,4.0
311.10407107869673,31.854288680055742,4.0,4.0
311.30566163518165,31.92316273016243,4.0,4.0
311.5056018175881,31.996232820231835,4.0,4.0
311.9004393980234,32.155012494800914,4.0,4.0
312.0949394580292,32.24130819278324,4.0,4.0
312.28769744883635,32.33177138051509,4.0,4.0
312.479141247233,32.42553050636412,4.0,4.0
312.6695153511467,32.521592217662544,4.0,4.0
312.8590642638642,32.61896316950374,4.0,4.0
313.047879673352,32.71752537620552,4.0,4.0
313.23617551705365,32.81719891541385,4.0,4.0
313.6116363868187,33.018856191026984,4.0,4.0
313.7989847912004,33.120379412050895,4.0,4.0
313.98621094531865,33.22216904704051,4.0,4.0
314.17325372734047,33.32415278564194,4.0,4.0
314.36029651374594,33.42624308973757,4.0,4.0
314.54718649005355,33.528634064089935,4.0,4.0
314.9194383094264,33.73636560692411,4.0,4.0
315.1042805869962,33.84255489696059,4.0,4.0
315.2882059842812,33.95054058711597,4.0,4.0
315.47106169086834,34.06041782296322,4.0,4.0
315.6527865844915,34.1722322772642,4.0,4.0
316.01238549000175,34.40209149508031,4.0,4.0
316.1900455639971,34.520273270528705,4.0,4.0
316.3662080730879,34.64066248568614,4.0,4.0
316.5406285159569,34.7634342110508,4.0,4.0
316.7129401415804,34.88901471446507,4.0,4.0
317.0496171301016,35.150040689096166,4.0,4.0
317.2136463026414,35.28595809612047,4.0,4.0
317.3750470926518,35.42528942100796,4.0,4.0
317.53446132146235,35.567166915116616,4.0,4.0
317.6922251715304,35.71085983733309,4.0,4.0
318.00448267516765,36.00108109577343,4.0,4.0
318.1592513957619,36.14750287003751,4.0,4.0
318.3135311173323,36.294594486824565,4.0,4.0
318.6208069376932,36.59003748312374,4.0,4.0
318.9272575738705,36.8863862932529,4.0,4.0
319.08031479994906,37.034726254553526,4.0,4.0
319.2333109047563,37.183119501298485,4.0,4.0
319.5391503143447,37.47995547195026,4.0,4.0
319.6919019301674,37.628573269876725,4.0,4.0
319.8440117340989,37.77782285202974,4.0,4.0
320.14480834005286,38.079640787725225,4.0,4.0
320.4399508775436,38.387148588430605,4.0,4.0
320.5851229893882,38.54319936722534,4.0,4.0
320.7285224746472,38.70086005378744,4.0,4.0
321.0094534349213,39.02121667347933,4.0,4.0
321.2821936328579,39.34836687672329,4.0,4.0
321.41520185262993,39.51457568384012,4.0,4.0
321.5453677545754,39.682873942297476,4.0,4.0
321.7953082814354,40.02680829221484,4.0,4.0
322.0299675127684,40.3813954373972,4.0,4.0
322.1417653135097,40.56231796345976,4.0,4.0
322.2505985433423,40.74530330241089,4.0,4.0
322.4624581103907,41.11446715569474,4.0,4.0
322.66945822604913,41.486024936046505,4.0,4.0
322.7715982477798,41.67260687729833,4.0,4.0
322.8731881441098,41.85947426245096,4.0,4.0
323.07526768768264,42.23377611924546,4.0,4.0
323.27664430082444,42.60849282140578,4.0,4.0
323.37695057817797,42.79605288765944,4.0,4.0
323.4764316646466,42.9840886945817,4.0,4.0
323.67423245691054,43.36080731548797,4.0,4.0
323.8717276258648,43.7375031024779,4.0,4.0
323.97029183657764,43.925946145129174,4.0,4.0
324.0687032335559,44.114442470445965,4.0,4.0
324.2654343383068,44.49150362455748,4.0,4.0
324.363723482537,44.68008367887481,4.0,4.0
324.4620737483025,44.868690376217955,4.0,4.0
324.65868259001377,45.24586951242409,4.0,4.0
324.85532199159167,45.62302962268397,4.0,4.0
324.9536722542462,45.811567810215664,4.0,4.0
325.052022517651,46.000075552219315,4.0,4.0
325.24872304270326,46.37706439195281,4.0,4.0
325.4453624409667,46.75400375705448,4.0,4.0
325.54374326424863,46.94248105026663,4.0,4.0
325.64215464806273,47.13096976134166,4.0,4.0
325.8377243475222,47.508586581177845,4.0,4.0
326.028434592957,47.88872672761778,4.0,4.0
326.1211613344011,48.080130779913524,4.0,4.0
326.2119931983722,48.27248631218477,4.0,4.0
326.38726934878525,48.660093691578965,4.0,4.0
326.555730046187,49.05065066439818,4.0,4.0
326.6388907061411,49.24622981593747,4.0,4.0
326.7213178699317,49.44202591186193,4.0,4.0
326.8845218197867,49.834386895795696,4.0,4.0
327.0464421324266,50.22736063274749,4.0,4.0
327.12718834860885,50.42396738783418,4.0,4.0
327.20787344010165,50.62059697855906,4.0,4.0
327.3690908282379,51.01388280309718,4.0,4.0
327.5300942848352,51.407195270043516,4.0,4.0
327.69103661868587,51.80049251621673,4.0,4.0
327.8520706480291,52.193747896570834,4.0,4.0
327.93257238297696,52.39040413149321,4.0,4.0
328.0130435544561,52.58704133775468,4.0,4.0
328.17401645799924,52.9802738834271,4.0,4.0
328.33505048680433,53.37349500954574,4.0,4.0
328.415674476207,53.570109379529626,4.0,4.0
328.49620677782906,53.766799868201886,4.0,4.0
328.65730194328023,54.160215100614025,4.0,4.0
328.8186110462465,54.55366458666434,4.0,4.0
328.8992655996042,54.750362688296576,4.0,4.0
328.9799507233677,54.9469808670935,4.0,4.0
329.13982341525286,55.3407500545884,4.0,4.0
329.2978929239536,55.735314684420786,4.0,4.0
329.4556262503637,56.12987550775732,4.0,4.0
329.61280944277115,56.52463423779903,4.0,4.0
329.77002320192105,56.919469087836035,4.0,4.0
329.9271452769947,57.314361027437045,4.0,4.0
330.08417566047143,57.70931005684183,4.0,4.0
330.24108378525113,58.104133488076194,4.0,4.0
330.39811416584183,58.49889983249699,4.0,4.0
330.5551751126065,58.89364714723658,4.0,4.0
330.7123277300674,59.2885238616814,4.0,4.0
330.8696331516495,59.683271171390686,4.0,4.0
331.0258077568781,60.07860078936702,4.0,4.0
331.1022446792641,60.27695447236262,4.0,4.0
331.17675615711454,60.47599321845988,4.0,4.0
331.3228145282826,60.87558166534993,4.0,4.0
331.46755871888,61.275368020521306,4.0,4.0
331.5392584400714,61.475472427011084,4.0,4.0
331.61065253679527,61.67568720568977,4.0,4.0
331.752768351953,62.076367956711195,4.0,4.0
331.89448685682896,62.47714004975198,4.0,4.0
331.9653613950675,62.67755273826913,4.0,4.0
332.03611368518017,62.87796542707983,4.0,4.0
332.17761827028147,63.278783196027256,4.0,4.0
332.31912285756056,63.67963521740142,4.0,4.0
332.38990571634514,63.88003268331425,4.0,4.0
332.46074970215443,64.08043015069553,4.0,4.0
332.6024071156528,64.48121747178914,4.0,4.0
332.7440645332465,64.88197435045832,4.0,4.0
332.8856608299447,65.28271600404976,4.0,4.0
333.0274099484077,65.68341960062827,4.0,4.0
333.1692201981807,66.08409275173803,4.0,4.0
333.31115270198103,66.48474306842357,4.0,4.0
333.4530852098276,66.88530204288136,4.0,4.0
333.59498715851345,67.28575445203033,4.0,4.0
333.73685854595493,67.68613074403402,4.0,4.0
333.8787604941823,68.08649181182699,4.0,4.0
333.9497573090527,68.28672182249949,4.0,4.0
334.0207846846959,68.48695944446062,4.0,4.0
334.1629922448308,68.88750319449386,4.0,4.0
334.30532205340774,69.28806978043959,4.0,4.0
334.3764716786268,69.48834546202528,4.0,4.0
334.4475907434652,69.68859830831656,4.0,4.0
334.58982887766933,70.08902027091108,4.0,4.0
334.73203645298827,70.48936611758917,4.0,4.0
334.8031555247787,70.68951239999168,4.0,4.0
334.87427459449356,70.88965107074102,4.0,4.0
335.0165432873677,71.28995885514291,4.0,4.0
335.1589647847239,71.69023619173751,4.0,4.0
335.30147796624027,72.09048307947837,4.0,4.0
335.4441133964898,72.4908136983226,4.0,4.0
335.5866876929193,72.89125088155234,4.0,4.0
335.72929254739057,73.29173373556924,4.0,4.0
335.8719890943129,73.69217091778954,4.0,4.0
336.01462453013056,74.09259288009811,4.0,4.0
336.1573822259478,74.4929767879021,4.0,4.0
336.30020105342464,74.8933150250709,4.0,4.0
336.4430810117217,75.29357714344448,4.0,4.0
336.5858692841789,75.6937631464794,4.0,4.0
336.7286575570837,76.09387302866855,4.0,4.0
336.8001128183835,76.29392035912656,4.0,4.0
336.8715375168026,76.49395246501172,4.0,4.0
337.01457028496196,76.89410040617274,4.0,4.0
337.15778642510196,77.294370138404,4.0,4.0
337.2293944945713,77.49452403391219,4.0,4.0
337.30100256393973,77.69467792921793,4.0,4.0
337.4428739502789,78.09546526712361,4.0,4.0
337.57951915137534,78.49798049733641,4.0,4.0
337.6455954074356,78.70009825392174,4.0,4.0
337.71115210308795,78.9024063077383,4.0,4.0
337.84128749766137,79.3070224152642,4.0,4.0
337.9698030740673,79.71205717523911,4.0,4.0
338.0336788313266,79.91467731496374,4.0,4.0
338.0973712136842,80.11735835098634,4.0,4.0
338.2245726038636,80.52278131654711,4.0,4.0
338.3514683628028,80.92829562277367,4.0,4.0
338.4149468027721,81.1310147165816,4.0,4.0
338.4784863671514,81.33374142221743,4.0,4.0
338.6055043691104,81.73917960888915,4.0,4.0
338.73252236863635,82.14462540688615,4.0,4.0
338.85950979212186,82.55011687368628,4.0,4.0
338.9867111457934,82.95559311578481,4.0,4.0
339.11388193183325,83.36106174293903,4.0,4.0
339.24108327173724,83.76656081749815,4.0,4.0
339.36849854074416,84.17201421746702,4.0,4.0
339.43228258132496,84.37474091777013,4.0,4.0
339.49600549666627,84.57747523018466,4.0,4.0
339.6235430152546,84.98295146605324,4.0,4.0
339.75098883669546,85.38845053623847,4.0,4.0
339.8148339972083,85.59112395233186,4.0,4.0
339.8786485957713,85.79378975844361,4.0,4.0
340.0062472314527,86.19911375465895,4.0,4.0
340.1338458667608,86.60442252878683,4.0,4.0
340.19769102411783,86.80709594370873,4.0,4.0
340.2615667429147,87.00975413659631,4.0,4.0
340.38937930623604,87.41507051998235,4.0,4.0
340.51722243320245,87.82040973835126,4.0,4.0
340.64506556241355,88.2257641830303,4.0,4.0
340.7729698318933,88.63111863079914,4.0,4.0
340.9010269282187,89.03649591920768,4.0,4.0
341.0290840342704,89.44185037396332,4.0,4.0
341.15714115411015,89.84712871415742,4.0,4.0
341.28382298229064,90.25278765121416,4.0,4.0
341.40524806147636,90.65996135406428,4.0,4.0
341.52147751225885,91.06886294610305,4.0,4.0
341.63630108704274,91.47783304763504,4.0,4.0
341.7493214702925,91.88713807020598,4.0,4.0
341.86148609958127,92.29663338750461,4.0,4.0
341.91741560101644,92.50143052517117,4.0,4.0
341.9733145372139,92.7063190026116,4.0,4.0
342.08483732956216,93.11615684773943,4.0,4.0
342.19629898108616,93.52608603291186,4.0,4.0
342.25204508432626,93.73107345906179,4.0,4.0
342.307882874389,93.93603805033652,4.0,4.0
342.4194973288255,94.34596723200792,4.0,4.0
342.53105065122406,94.75599536518718,4.0,4.0
342.58688843638816,94.96105890965923,4.0,4.0
342.6427873460377,95.16614529006013,4.0,4.0
342.7544934738273,95.57632565942319,4.0,4.0
342.8662301640719,95.98642991158268,4.0,4.0
342.9220679494965,96.19147823104137,4.0,4.0
342.97793629894284,96.39650371715967,4.0,4.0
343.0897646884244,96.80648618308692,4.0,4.0
343.20168476598184,97.21646864811564,4.0,4.0
343.25770592992995,97.42147129747485,4.0,4.0
343.31372709408936,97.62649678477013,4.0,4.0
343.42576942354316,98.03657059356402,4.0,4.0
343.53784231658415,98.44669768591501,4.0,4.0
343.6498540892615,98.85677149655912,4.0,4.0
343.7618964384458,99.2667159103423,4.0,4.0
343.8740304837265,99.67655376081345,4.0,4.0
343.986195097196,100.08635355370764,4.0,4.0
344.09854308248987,100.49608483928208,4.0,4.0
344.1547170737692,100.70098092978276,4.0,4.0
344.2109216268744,100.90588463108719,4.0,4.0
344.32320848157303,101.31563113849884,4.0,4.0
344.4343339582617,101.72576585108166,4.0,4.0
344.4888270052003,101.93114148760364,4.0,4.0
344.5434728646216,102.13644861624752,4.0,4.0
344.65230614280193,102.54703242605984,4.0,4.0
344.7606198546683,102.957699965594,4.0,4.0
344.86865849979796,103.36850451815701,4.0,4.0
344.97669713413865,103.77940802126633,4.0,4.0
345.0846135117892,104.19038002948642,4.0,4.0
345.1926215779848,104.60133681541109,4.0,4.0
345.3007213451027,105.01233927343722,4.0,4.0
345.4088822455449,105.42338740955115,4.0,4.0
345.51704315162436,105.8344127095179,4.0,4.0
345.6253874457197,106.2453695083575,4.0,4.0
345.7337011956411,106.6562501939715,4.0,4.0
345.841984394923,107.06709282307428,4.0,4.0
345.9502676011679,107.47790501036152,4.0,4.0
346.05867305819584,107.88868674875374,4.0,4.0
346.1128605078334,108.09407000680599,4.0,4.0
346.16707852118947,108.29946087715723,4.0,4.0
346.2742614833162,108.71060798590655,4.0,4.0
346.3267985556993,108.91648601674025,4.0,4.0
346.37936618974305,109.12235643427243,4.0,4.0
346.4319032622349,109.3282040157917,4.0,4.0
346.4843180852046,109.53405921127296,4.0,4.0
346.58881154419623,109.94585332980026,4.0,4.0
346.64101243024305,110.1517922550499,4.0,4.0
346.69312162874826,110.35775401605869,4.0,4.0
346.7452308275413,110.56370816422717,4.0,4.0
346.7972789005254,110.76967753785958,4.0,4.0
346.901436166477,111.18154777412275,4.0,4.0
346.95354536068527,111.38746386421279,4.0,4.0
347.0056545538791,111.59336472883214,4.0,4.0
347.1099951885933,112.00514362147055,4.0,4.0
347.2142746914847,112.41693012551792,4.0,4.0
347.3186153028299,112.82878512996115,4.0,4.0
347.4229864655982,113.24076192286506,4.0,4.0
347.5275104344434,113.65275393546875,4.0,4.0
347.6320344042959,114.06474594876622,4.0,4.0
347.73671119580996,114.47675319233095,4.0,4.0
347.84144911939615,114.8887908823971,4.0,4.0
347.9461259230147,115.30081335095383,4.0,4.0
348.0508638623624,115.71272164810304,4.0,4.0
348.1543181860404,116.12491919666145,4.0,4.0
348.2523935024487,116.53836509151107,4.0,4.0
348.3452731843743,116.95325723918901,4.0,4.0
348.3912087408408,117.16071853449421,4.0,4.0
348.43662473200095,117.36817982885856,4.0,4.0
348.52629533185785,117.783323162677,4.0,4.0
348.61501848761606,118.19865679112709,4.0,4.0
348.65921196930674,118.40637688971596,4.0,4.0
348.7033443230217,118.61415787729197,4.0,4.0
348.7915173346169,119.0298188113033,4.0,4.0
348.8796903394142,119.44559391793234,4.0,4.0
348.92379212141736,119.65350430887018,4.0,4.0
348.9678327788083,119.8613918613353,4.0,4.0
349.0560057894304,120.27712130085087,4.0,4.0
349.1441788080769,120.6927746256748,4.0,4.0
349.18834172571496,120.90058606384821,4.0,4.0
349.2324740818299,121.10838989200454,4.0,4.0
349.31936347862404,121.52430963321716,4.0,4.0
349.4008432967641,121.94135592679493,4.0,4.0
349.477096913675,122.35968862001442,4.0,4.0
349.5518835287551,122.778051763847,4.0,4.0
349.6250503316676,123.19662803799699,4.0,4.0
349.69711688488695,123.61537177347945,4.0,4.0
349.7688166885437,124.034153570878,4.0,4.0
349.84024142999897,124.45297342727856,4.0,4.0
349.8759690831254,124.6623757434007,4.0,4.0
349.9116356110756,124.87177806054936,4.0,4.0
349.98302979152135,125.29060553020506,4.0,4.0
350.0187268817171,125.50002307065527,4.0,4.0
350.0544239719687,125.70944822367215,4.0,4.0
350.09018218697224,125.91887337735871,4.0,4.0
350.12590983721606,126.12829091500122,4.0,4.0
350.16166804971465,126.33768562106536,4.0,4.0
350.2333372870116,126.75642935868859,4.0,4.0
350.26915662417645,126.96577078026749,4.0,4.0
350.305006523711,127.17511981371581,4.0,4.0
350.34082586060595,127.3844612341909,4.0,4.0
350.4124950898768,127.8031745205634,4.0,4.0
350.44834498052467,128.01253116405564,4.0,4.0
350.4841643057229,128.22188780473743,4.0,4.0
350.5200753164479,128.4312444463675,4.0,4.0
350.5559863253856,128.640585860644,4.0,4.0
350.6278694659504,129.0592991410693,4.0,4.0
350.6638416010064,129.26867100280032,4.0,4.0
350.69984429851047,129.47807331699863,4.0,4.0
350.7358775587614,129.6875060758758,4.0,4.0
350.771849694176,129.89695405705544,4.0,4.0
350.8438856537483,130.31592614194068,4.0,4.0
350.8799189160323,130.52540457467543,4.0,4.0
350.9159216212447,130.7348525597721,4.0,4.0
350.98814098950606,131.15362674976663,4.0,4.0
351.0604520650258,131.57234005173046,4.0,4.0
351.09657704517105,131.7816662582049,4.0,4.0
351.13273259032775,131.99097724127643,4.0,4.0
351.2049519943636,132.40956875925315,4.0,4.0
351.2772019674951,132.82809938671778,4.0,4.0
351.313326956052,133.03734947606026,4.0,4.0
351.3494519456451,133.24659956935912,4.0,4.0
351.4218241758187,133.6651302002164,4.0,4.0
351.45797972529846,133.87436506585044,4.0,4.0
351.494257524911,134.08358470992877,4.0,4.0
351.53050476200957,134.29281957580395,4.0,4.0
351.5668131242181,134.50206966625097,4.0,4.0
351.6393687236158,134.92058507268965,4.0,4.0
351.67564652309045,135.1298351625577,4.0,4.0
351.7119243176634,135.33908525287484,4.0,4.0
351.7846021541257,135.75758543042548,4.0,4.0
351.85737167748783,136.17603993705282,4.0,4.0
351.8937717201526,136.38524435590955,4.0,4.0
351.93020232546587,136.5944487731623,4.0,4.0
352.0030940914435,137.01293372472563,4.0,4.0
352.075955287228,137.43146434450682,4.0,4.0
352.1123858831322,137.64072965473622,4.0,4.0
352.1488470407231,137.85001018683346,4.0,4.0
352.221830479154,138.26857125272113,4.0,4.0
352.2949056070949,138.68711709322557,4.0,4.0
352.33148901547554,138.8963671812176,4.0,4.0
352.3681029863828,139.1056172671541,4.0,4.0
352.4412698031529,139.524117437894,4.0,4.0
352.51446718051807,139.94263283401196,4.0,4.0
352.55092833619153,140.15194381570637,4.0,4.0
352.5864726137921,140.36142225627145,4.0,4.0
352.65639979121477,140.78065316192837,4.0,4.0
352.72614359282295,141.19979272749663,4.0,4.0
352.7608321182478,141.40939295710814,4.0,4.0
352.79542895656124,141.61899318837717,4.0,4.0
352.86431700514936,142.03826976553347,4.0,4.0
352.89873046598774,142.2479004426866,4.0,4.0
352.9331744891706,142.4575463434265,4.0,4.0
353.00200140948306,142.87682292163998,4.0,4.0
353.0708588943668,143.2960386052828,4.0,4.0
353.139716379202,143.71529996141373,4.0,4.0
353.1741298403193,143.9249610865421,4.0,4.0
353.20857386412507,144.13460698603654,4.0,4.0
353.27752303852986,144.55391401360936,4.0,4.0
353.3119976281593,144.7635599188626,4.0,4.0
353.34650278218163,144.97316015011924,4.0,4.0
353.415604782037,145.3923453942228,4.0,4.0
353.48476791072204,145.81151541654344,4.0,4.0
353.519303632456,146.02111565013672,4.0,4.0
353.55386991746764,146.230715885775,4.0,4.0
353.62168829820126,146.65011426585,4.0,4.0
353.6873978635339,147.0699084629534,4.0,4.0
353.7203137722175,147.27976750115977,4.0,4.0
353.7529546182539,147.48964176519186,4.0,4.0
353.81811406198767,147.90942073984593,4.0,4.0
353.8829067573568,148.32921494079,4.0,4.0
353.91530310561467,148.5391348757709,4.0,4.0
353.9476383291416,148.74907003564337,4.0,4.0
354.0122170894304,149.1689403569198,4.0,4.0
354.0770097910412,149.58881067709424,4.0,4.0
354.1093755809229,149.79874583768037,4.0,4.0
354.1417719341231,150.0086657770464,4.0,4.0
354.2065952046706,150.42852087851134,4.0,4.0
354.2388081837992,150.63848649007616,4.0,4.0
354.2701042853754,150.84857388871706,4.0,4.0
354.328081539557,151.2694033060396,4.0,4.0
354.3781125240076,151.69142016823065,4.0,4.0
354.4002704157166,151.90284725018262,4.0,4.0
354.42172536756937,152.11435044837054,4.0,4.0
354.4629543252171,152.53726550465933,4.0,4.0
354.5019216527259,152.96036324430287,4.0,4.0
354.5209010342765,153.1719730073559,4.0,4.0
354.53969704066384,153.38362844397022,4.0,4.0
354.57695286600466,153.8069393129456,4.0,4.0
354.61396419334346,154.2302501868641,4.0,4.0
354.63245457665215,154.44185995292145,4.0,4.0
354.65097552304337,154.6534697181612,4.0,4.0
354.68798685386696,155.07667402654943,4.0,4.0
354.7249676189264,155.4999240051843,4.0,4.0
354.7619483763838,155.92323487523117,4.0,4.0
354.7989596905675,156.3465609674143,4.0,4.0
354.835940440096,156.76988705814142,4.0,4.0
354.8729823190035,157.19319792846466,4.0,4.0
354.9102075721894,157.61649357374353,4.0,4.0
354.9474939496758,158.0397587714977,4.0,4.0
354.9847803272978,158.462993522212,4.0,4.0
355.0207219503406,158.8863652851754,4.0,4.0
355.03685900586856,159.09821862610687,4.0,4.0
355.05110118090056,159.31017853227107,4.0,4.0
355.07613195982873,159.7345702769495,4.0,4.0
355.0997568657243,160.15884023217637,4.0,4.0
355.1109122230178,160.3709675983906,4.0,4.0
355.1216091413545,160.58312541118352,4.0,4.0
355.1424834134277,161.00742581316575,4.0,4.0
355.16289924872893,161.43177188599344,4.0,4.0
355.1729849196715,161.64389925329763,4.0,4.0
355.2033947523955,162.28038792517026,4.0,4.0
355.22359666580746,162.70476445264916,4.0,4.0
355.2337434672601,162.91695271807777,4.0,4.0
355.2438291453187,163.12915620722515,4.0,4.0
355.26403107504564,163.55354796829195,4.0,4.0
355.28432470396035,163.97792451054207,4.0,4.0
355.29453264605894,164.19011278308918,4.0,4.0
355.30477115205105,164.40227060911963,4.0,4.0
355.3252787349191,164.82657103997806,4.0,4.0
355.34578632585465,165.2508410301056,4.0,4.0
355.3560248420193,165.46298363605155,4.0,4.0
355.3662327950154,165.67512624353708,4.0,4.0
355.38683207049456,166.09930488991895,4.0,4.0
355.40758416087493,166.52348353750202,4.0,4.0
355.428366815696,166.94764696191965,4.0,4.0
355.4490883402679,167.37184083213137,4.0,4.0
355.46996266365977,167.79606514364775,4.0,4.0
355.49098979330637,168.22019811067003,4.0,4.0
355.5120780433513,168.64425495563373,4.0,4.0
355.52265273050267,168.85629099016336,4.0,4.0
355.533196853241,169.0683879190204,4.0,4.0
355.554285086329,169.49259699442948,4.0,4.0
355.5754038709128,169.91689740879104,4.0,4.0
355.585978541949,170.12907044856905,4.0,4.0
355.5966143373002,170.3412282646458,4.0,4.0
355.6178859321242,170.76558957227888,4.0,4.0
355.63931034940873,171.18996610855424,4.0,4.0
355.6607347734902,171.61431219958138,4.0,4.0
355.6821286390896,172.03868874096807,4.0,4.0
355.7033391370523,172.46300439250302,4.0,4.0
355.71296638559386,172.67520788813238,4.0,4.0
355.72118775648204,172.8874418337679,4.0,4.0
355.7323126106798,173.31218374482296,4.0,4.0
355.7408090826799,173.7370778909356,4.0,4.0
355.747594045109,174.1618045744703,4.0,4.0
355.75297312500373,174.58650080725073,4.0,4.0
355.7578020734114,175.0112427080382,4.0,4.0
355.76229483291416,175.4359998318285,4.0,4.0
355.7667264681257,175.86086352367562,4.0,4.0
355.76895756697894,176.07334103957726,4.0,4.0
355.77112754071464,176.285803335262,4.0,4.0
355.77555917711334,176.71066702686502,4.0,4.0
355.77971575213377,177.1354698249874,4.0,4.0
355.78078547430255,177.34787122278237,4.0,4.0
355.7804187524342,177.56024217047266,4.0,4.0
355.7740923511239,177.9849688386374,4.0,4.0
355.761928492261,178.40995430155442,4.0,4.0
355.7551741855346,178.62231001861414,4.0,4.0
355.7478697514854,178.8346352875131,4.0,4.0
355.7398623720486,179.04697577831098,4.0,4.0
355.7315799268669,179.25931626401507,4.0,4.0
355.7144037909641,179.6839972435422,4.0,4.0
355.7055712248895,179.89627683824824,4.0,4.0
355.696616409869,180.1085412098231,4.0,4.0
355.6786150993059,180.5330547350506,4.0,4.0
355.660430416679,180.95750736747624,4.0,4.0
355.6512616691746,181.1697260731235,4.0,4.0
355.64224573465265,181.38195999863723,4.0,4.0
355.6242749916743,181.80638218340752,4.0,4.0
355.60633481371303,182.2308043727171,4.0,4.0
355.59728831902385,182.44300785456488,4.0,4.0
355.5882723870345,182.65519611151137,4.0,4.0
355.57033220973585,183.07957262806366,4.0,4.0
355.55257540475696,183.50391869737666,4.0,4.0
355.5437428453704,183.71609172963747,4.0,4.0
355.5349408482352,183.92824953939112,4.0,4.0
355.51724516593487,184.35261082993463,4.0,4.0
355.4995189166379,184.77704823734587,4.0,4.0
355.49068635309476,184.98928216309275,4.0,4.0
355.48188435141765,185.20153131245038,4.0,4.0
355.4643414762935,185.62604483845587,4.0,4.0
355.4556311673042,185.83830921423208,4.0,4.0
355.4469514228787,186.05058881583824,4.0,4.0
355.438210554955,186.26283797141747,4.0,4.0
355.4295308147048,186.47511757479913,4.0,4.0
355.4121407801635,186.8996767857807,4.0,4.0
355.40346105005676,187.11195639455985,4.0,4.0
355.3947201970691,187.3242360044439,4.0,4.0
355.3860099101321,187.53646994710175,4.0,4.0
355.377360749956,187.7487191129656,4.0,4.0
355.3687421578598,187.9609530578163,4.0,4.0
355.35153555039204,188.38540572955253,4.0,4.0
355.3429780940146,188.59756356372063,4.0,4.0
355.33439007422504,188.80972139473346,4.0,4.0
355.3258326196914,189.02186400517593,4.0,4.0
355.31727516845933,189.23396094614316,4.0,4.0
355.3087482809005,189.44605788598503,4.0,4.0
355.30016026814604,189.65810915520575,4.0,4.0
355.29160281331764,189.87012997753246,4.0,4.0
355.28310647791443,190.08216601736612,4.0,4.0
355.2746712636609,190.29423250621198,4.0,4.0
355.2662666089511,190.50631421314523,4.0,4.0
355.2494572887681,190.9304928492416,4.0,4.0
355.2410526189169,191.1426506682477,4.0,4.0
355.23267850592765,191.35486937877607,4.0,4.0
355.22402932463285,191.567072864381,4.0,4.0
355.2145243885568,191.77926112364162,4.0,4.0
355.2036746983837,191.9914037087864,4.0,4.0
355.19083843980985,192.2034549494338,4.0,4.0
355.1399212531369,192.83904538746057,4.0,4.0
355.11840522053933,193.05053334418892,4.0,4.0
355.0947803708057,193.26185383941086,4.0,4.0
355.0702997705308,193.4731286615661,4.0,4.0
355.045146794346,193.6841903518595,4.0,4.0
355.01913806542785,193.8951454772671,4.0,4.0
354.99260977225356,194.10607015336728,4.0,4.0
354.93817787425957,194.52770637565658,4.0,4.0
354.91057989990674,194.73849404364688,4.0,4.0
354.8828291172886,194.94923604173877,4.0,4.0
354.8549560883398,195.16000848951592,4.0,4.0
354.8270830631504,195.3707657155612,4.0,4.0
354.7991489168293,195.58149249410775,4.0,4.0
354.771214773703,195.7922040558404,4.0,4.0
354.7153159315554,196.21359673022647,4.0,4.0
354.68744292151536,196.42424739949178,4.0,4.0
354.65953935141556,196.6348523982213,4.0,4.0
354.63163578302004,196.84545739837384,4.0,4.0
354.6037016526398,197.05604717635515,4.0,4.0
354.5757980849554,197.26662172879196,4.0,4.0
354.54789451692636,197.47722672826768,4.0,4.0
354.49205681660277,197.89843672997415,4.0,4.0
354.4642449328194,198.1090873997087,4.0,4.0
354.436402484873,198.31973806990817,4.0,4.0
354.40865172421144,198.5303887379983,4.0,4.0
354.38090096497376,198.74099373586625,4.0,4.0
354.352814017545,198.95158351193885,4.0,4.0
354.32393244257594,199.16208194375062,4.0,4.0
354.2614626570581,199.58233284219733,4.0,4.0
354.2273548814855,199.79210053093527,4.0,4.0
354.19107716350214,200.00156374463114,4.0,4.0
354.11427353157075,200.4198812202417,4.0,4.0
354.0750618061871,200.62872025878107,4.0,4.0
354.03517770366244,200.8373613892758,4.0,4.0
353.9946517883293,201.0458959531781,4.0,4.0
353.9538202482164,201.2543696219765,4.0,4.0
353.8713014187209,201.67113427660405,4.0,4.0
353.829766940586,201.87953182699948,4.0,4.0
353.78823246103553,202.08786848328938,4.0,4.0
353.7048578770495,202.50455701705715,4.0,4.0
353.62133048757573,202.92126078119537,4.0,4.0
353.57958207583954,203.12959743877087,4.0,4.0
353.53786422861833,203.33791887516583,4.0,4.0
353.4530532229912,203.75440951245088,4.0,4.0
353.3628020857356,204.16975836984602,4.0,4.0
353.2646658080646,204.58344783948985,4.0,4.0
353.15778864610155,204.99500598748864,4.0,4.0
353.0411314717901,205.40385431322778,4.0,4.0
352.9143580853713,205.809718779869,4.0,4.0
352.7760931691607,206.2116555183057,4.0,4.0
352.62600054254773,206.6097406501812,4.0,4.0
352.47074285032267,207.00595326473314,4.0,4.0
352.312184406229,207.40065873296015,4.0,4.0
352.2320188736704,207.5976689333659,4.0,4.0
352.15148659671854,207.7944964558235,4.0,4.0
351.9898413674641,208.18780135984167,4.0,4.0
351.82779883787805,208.58090836288125,4.0,4.0
351.74674701287705,208.77743141731864,4.0,4.0
351.6656951894488,208.9739240270792,4.0,4.0
351.50343873157925,209.36697014256168,4.0,4.0
351.3412128347792,209.76009237484573,4.0,4.0
351.26009988530757,209.95667632560009,4.0,4.0
351.178956372742,210.15330594923347,4.0,4.0
351.01547741084255,210.54603236613613,4.0,4.0
350.8469861932429,210.93659701346428,4.0,4.0
350.7599746756693,211.1306994984155,4.0,4.0
350.67097659510557,211.3239951282573,4.0,4.0
350.4867762403518,211.707587316381,4.0,4.0
350.29355993149363,212.08667327899943,4.0,4.0
350.19343708130555,212.27441224548377,4.0,4.0
350.09099147635914,212.46085719486723,4.0,4.0
349.8783984994071,212.82940832849593,4.0,4.0
349.6599069445034,213.1945797903425,4.0,4.0
349.438695315143,213.5577417161399,4.0,4.0
349.2154359873026,213.91962484420807,4.0,4.0
348.9910763971361,214.28086856902962,4.0,4.0
348.7662277850908,214.6419143728118,4.0,4.0
348.54119578460836,215.00280793354563,4.0,4.0
348.4286033761592,215.1832699343238,4.0,4.0
348.3161026536104,215.36374715841006,4.0,4.0
348.08984813893085,215.72392519490728,4.0,4.0
347.8589175467831,216.08119549387402,4.0,4.0
347.7408849952993,216.2582473748168,4.0,4.0
347.6209575670337,216.434248817594,4.0,4.0
347.3754180802881,216.7825066722105,4.0,4.0
347.12153503050814,217.1248729528985,4.0,4.0
346.9917664734032,217.2940237240544,4.0,4.0
346.8613255491088,217.4625046601372,4.0,4.0
346.59876279910924,217.7976853807146,4.0,4.0
346.3342746399004,218.1311153914597,4.0,4.0
346.2016332557741,218.2973889143388,4.0,4.0
346.0688696260964,218.4634949804131,4.0,4.0
345.80294505688266,218.79550920413038,4.0,4.0
345.53677599190075,219.12731029853327,4.0,4.0
345.4036456133657,219.29317278657126,4.0,4.0
345.2705763582805,219.45903527354582,4.0,4.0
345.00440727961745,219.79069934744575,4.0,4.0
344.73836044328664,220.1223634167967,4.0,4.0
344.6051383662118,220.28798231736033,4.0,4.0
344.47124390928786,220.4531140568864,4.0,4.0
344.20244641677044,220.78285992041748,4.0,4.0
343.9333432863826,221.11251443428029,4.0,4.0
343.7986541826344,221.27725034398242,4.0,4.0
343.66387338825024,221.44192535666474,4.0,4.0
343.3941895567276,221.77118404479955,4.0,4.0
343.1244446099456,222.10041229370955,4.0,4.0
342.85466910618686,222.42957965022086,4.0,4.0
342.5849547293309,222.7587165619346,4.0,4.0
342.45014338781255,222.9232545715492,4.0,4.0
342.3153320487726,223.08783825561866,4.0,4.0
342.04570937587175,223.4170665203244,4.0,4.0
341.77504757352887,223.74548792638504,4.0,4.0
341.63828022878175,223.9085187880832,4.0,4.0
341.5001070057635,224.07028607904527,4.0,4.0
341.21899280689075,224.38993861560317,4.0,4.0
340.93121597067227,224.70359300335198,4.0,4.0
340.78488254310764,224.85825081196407,4.0,4.0
340.6379072994804,225.01229966822405,4.0,4.0
340.34267317895905,225.31875321793035,4.0,4.0
340.0456358599687,225.6234864815628,4.0,4.0
339.89673516511345,225.77546490431888,4.0,4.0
339.7476205325429,225.92732153983042,4.0,4.0
339.44905508163856,226.23076078350306,4.0,4.0
339.15027568969793,226.53413913092425,4.0,4.0
338.85149629887997,226.8375022553343,4.0,4.0
338.5527474846286,227.14081971780917,4.0,4.0
338.2539986835861,227.44406106969404,4.0,4.0
337.9552804546841,227.74734810101705,4.0,4.0
337.6557064746874,228.0496912615698,4.0,4.0
337.3521287982794,228.34804580617254,4.0,4.0
337.04283592515776,228.64079801687816,4.0,4.0
336.7291420361651,228.9290744451014,4.0,4.0
336.57168383924875,229.07245147426232,4.0,4.0
336.4138588906597,229.21532611766662,4.0,4.0
336.0971087439797,229.499887957132,4.0,4.0
335.77962510060485,229.78359727143766,4.0,4.0
335.6206693422873,229.92529969258993,4.0,4.0
335.4616830220058,230.06688032454255,4.0,4.0
335.14367981987294,230.3499959165905,4.0,4.0
334.8256766227294,230.63306584188018,4.0,4.0
334.66672086981606,230.77458558184458,4.0,4.0
334.50782624283164,230.9161357702597,4.0,4.0
334.1899453030504,231.1992209254252,4.0,4.0
333.87200323378073,231.482245182069,4.0,4.0
333.5540917250527,231.7653912273476,4.0,4.0
333.2361802151055,232.04856772049186,4.0,4.0
332.9182992675612,232.33172898885098,4.0,4.0
332.60063225058406,232.61502726840212,4.0,4.0
332.28305691637206,232.89832554226865,4.0,4.0
331.96548157899093,233.18163903960078,4.0,4.0
331.6479062387747,233.46505910078548,4.0,4.0
331.330300329789,233.74855527721445,4.0,4.0
331.17155849768847,233.89031858533272,4.0,4.0
331.0128166634494,234.03203622449797,4.0,4.0
330.6953024272233,234.3154258226438,4.0,4.0
330.3778493110674,234.59883064375293,4.0,4.0
330.21916859399835,234.7406091718983,4.0,4.0
330.0604267479468,234.88241814146275,4.0,4.0
329.74309585481507,235.165959956748,4.0,4.0
329.42570382615014,235.44957788324217,4.0,4.0
329.2670842157362,235.59140206695568,4.0,4.0
329.10840347923823,235.7332871472339,4.0,4.0
328.7909808790535,236.0171029749861,4.0,4.0
328.47358884303435,236.30094925233786,4.0,4.0
328.3148775458425,236.4428495566657,4.0,4.0
328.15628849978003,236.58474986163287,4.0,4.0
327.8390187251518,236.8685809244022,4.0,4.0
327.5217795185684,237.15251855498684,4.0,4.0
327.36315991693607,237.2945406551886,4.0,4.0
327.20457087858,237.43653230806282,4.0,4.0
326.8874233693295,237.72056128985002,4.0,4.0
326.5694201195589,238.00352461841064,4.0,4.0
326.24994987513793,238.2850112506382,4.0,4.0
325.9304490763282,238.56628475899157,4.0,4.0
325.6106120943833,238.8472081233991,4.0,4.0
325.29056117827224,239.12790313497925,4.0,4.0
324.97047970680956,239.40847636401398,4.0,4.0
324.810454255747,239.54876298085074,4.0,4.0
324.65042880632706,239.68908004588064,4.0,4.0
324.33043903406264,239.96963806009057,4.0,4.0
324.0104492626032,240.25024174489434,4.0,4.0
323.69052061634096,240.53087587989722,4.0,4.0
323.37065309301113,240.81152523476453,4.0,4.0
323.05078556137215,241.09226592758765,4.0,4.0
322.89088235657516,241.23267433299281,4.0,4.0
322.73094858849936,241.37311318324623,4.0,4.0
322.41111160990897,241.65392998947505,4.0,4.0
322.09130518942857,241.93480768683884,4.0,4.0
321.9314019780749,242.07524653278682,4.0,4.0
321.77152932882007,242.21573105187923,4.0,4.0
321.45175346530266,242.4967153112342,4.0,4.0
321.13103014918704,242.77675568847013,4.0,4.0
320.9699961122031,242.91600707742174,4.0,4.0
320.8089620746839,243.05536503098853,4.0,4.0
320.48680231288824,243.33388303331242,4.0,4.0
320.16421467352666,243.6118834261262,4.0,4.0
319.8415047815115,243.88970113319215,4.0,4.0
319.51876432715034,244.167427497292,4.0,4.0
319.19614613524084,244.4451538719532,4.0,4.0
318.8733751247668,244.72277367584925,4.0,4.0
318.5506346720464,245.0004391473457,4.0,4.0
318.3892644454203,245.13930994402517,4.0,4.0
318.2279247811401,245.2782416318828,4.0,4.0
317.9052148898259,245.55607456506658,4.0,4.0
317.582566123672,245.83390749685682,4.0,4.0
317.42119589809994,245.97283918956776,4.0,4.0
317.2599479248956,246.11178610527696,4.0,4.0
316.9373908567707,246.3897408361746,4.0,4.0
316.61495604192055,246.66766512262848,4.0,4.0
316.45370807259894,246.80662726598672,4.0,4.0
316.29246010333014,246.94555896229394,4.0,4.0
315.9700864163459,247.22355936957172,4.0,4.0
315.64777385638143,247.50165112019437,4.0,4.0
315.48661757691286,247.64068938479957,4.0,4.0
315.32546129785067,247.77974287471076,4.0,4.0
315.00314873918074,248.0578346268632,4.0,4.0
314.6809278713954,248.33601772534905,4.0,4.0
314.519863282378,248.47510166267523,4.0,4.0
314.35879869363606,248.61424649617828,4.0,4.0
314.0366695192364,248.89256661484518,4.0,4.0
313.7145709089409,249.17085628438986,4.0,4.0
313.55350632258256,249.30998589592178,4.0,4.0
313.39247229878276,249.4491307325044,4.0,4.0
313.070434814867,249.72748129966513,4.0,4.0
312.7484584619674,250.0058623189394,4.0,4.0
312.5874855662451,250.1450680528715,4.0,4.0
312.4264821076644,250.28425856333757,4.0,4.0
312.10456687743203,250.56270047721569,4.0,4.0
311.7826822083589,250.84121850793463,4.0,4.0
311.4608281007397,251.119736539138,4.0,4.0
311.13900455495906,251.39831546533907,4.0,4.0
310.8171810071034,251.67698573129172,4.0,4.0
310.4953880194776,251.95568644357493,4.0,4.0
310.1736561556639,252.23440237873876,4.0,4.0
310.0127749424698,252.37380601755126,4.0,4.0
309.85192429144325,252.5132248806108,4.0,4.0
309.53025354829964,252.7920473793366,4.0,4.0
309.208613364079,253.07080898060758,4.0,4.0
309.0478238334362,253.21024306328903,4.0,4.0
308.8870648650675,253.34966192190439,4.0,4.0
308.5655163618622,253.6286062023421,4.0,4.0
308.2439984094781,253.90758092044626,4.0,4.0
308.0832088675843,254.04706066501623,4.0,4.0
307.9224498868975,254.18655563196722,4.0,4.0
307.6008707967728,254.4655912361912,4.0,4.0
307.279322267717,254.74474862928707,4.0,4.0
306.95786542717104,255.02395169219176,4.0,4.0
306.6363474624118,255.3031699819957,4.0,4.0
306.31489062263984,255.5824643894346,4.0,4.0
305.9934643527353,255.8617588043068,4.0,4.0
305.6721603389532,256.1411141174489,4.0,4.0
305.35088689085313,256.42040853834106,4.0,4.0
305.0297051319319,256.6997638588981,4.0,4.0
304.70855393917134,256.97918007506127,4.0,4.0
304.5479783438624,257.11890340629475,4.0,4.0
304.3873721864005,257.2586267405194,4.0,4.0
304.0662209923694,257.5381038520219,4.0,4.0
303.7451614912034,257.81770275747385,4.0,4.0
303.58464702458105,257.9574869876557,4.0,4.0
303.4241631218403,258.09727122068796,4.0,4.0
303.10319531883795,258.3768701356824,4.0,4.0
302.78228864231227,258.65646905235985,4.0,4.0
302.6218658664883,258.79628373438106,4.0,4.0
302.4614736530424,258.93612886420937,4.0,4.0
302.1407197880863,259.21578867429116,4.0,4.0
301.819935358104,259.4955093782886,4.0,4.0
301.65960426745335,259.63535450730876,4.0,4.0
301.4992426125966,259.775260527864,4.0,4.0
301.17861098660677,260.0551334622468,4.0,4.0
300.85797935731506,260.335067290082,4.0,4.0
300.53731716404224,260.61506200890085,4.0,4.0
300.21570753197443,260.89405196428356,4.0,4.0
299.892692024527,261.1716413396338,4.0,4.0
299.731168990681,261.3104208023446,4.0,4.0
299.569554269994,261.44904802996007,4.0,4.0
299.2460803324793,261.7259980138945,4.0,4.0
298.92248415605906,262.00276532468104,4.0,4.0
298.7606555085549,262.1410576413736,4.0,4.0
298.5988574251631,262.2793499601501,4.0,4.0
298.27520013495126,262.55590414924995,4.0,4.0
298.1134326147164,262.6941660190831,4.0,4.0
297.9516956561753,262.83245833687,4.0,4.0
297.62831342411556,263.1090125218356,4.0,4.0
297.3049311889964,263.3855362569964,4.0,4.0
297.14322478686927,263.5238590177516,4.0,4.0
296.9815489446024,263.6621513279167,4.0,4.0
296.6581666840476,263.9389186211774,4.0,4.0
296.33478441026597,264.21571634937885,4.0,4.0
296.17307798881893,264.35419133031337,4.0,4.0
296.0114021288391,264.4926967590884,4.0,4.0
295.6879587196379,264.76973805720735,4.0,4.0
295.3645458696979,265.04674890633066,4.0,4.0
295.04116358010543,265.3237902031509,4.0,4.0
294.71793410566175,265.6008619471101,4.0,4.0
294.3946740720671,265.87796414298134,4.0,4.0
294.0714445978654,266.1550967834387,4.0,4.0
293.7483068097721,266.4322903183229,4.0,4.0
293.42516902219677,266.70954474708435,4.0,4.0
293.1020617998102,266.98686007457445,4.0,4.0
292.77892401771464,267.2642667465183,4.0,4.0
292.45584736381727,267.54167342202254,4.0,4.0
292.13286240492005,267.8190801033401,4.0,4.0
291.8099080186035,268.0964867964135,4.0,4.0
291.64847667198933,268.23517492053145,4.0,4.0
291.48704532675833,268.3739239416261,4.0,4.0
291.1642437635324,268.6513610910172,4.0,4.0
290.84150332713347,268.9287982424323,4.0,4.0
290.68013310963266,269.06751681881997,4.0,4.0
290.5187934548037,269.2062962899045,4.0,4.0
290.1961141458922,269.4838552347925,4.0,4.0
289.8734653980356,269.76144462411366,4.0,4.0
289.7121563049935,269.90025454317913,4.0,4.0
289.55084721211557,270.03906446202035,4.0,4.0
289.22822902680474,270.31671474783707,4.0,4.0
288.9056414044497,270.59442592845664,4.0,4.0
288.58308434552214,270.8722589004827,4.0,4.0
288.2605884094973,271.15000052992093,4.0,4.0
287.93809247156315,271.4278334976829,4.0,4.0
287.6157493467549,271.70572736327324,4.0,4.0
287.29334509441526,271.9836212257719,4.0,4.0
286.97097139755044,272.2615455285721,4.0,4.0
286.6486282591016,272.53962206607457,4.0,4.0
286.3262851190887,272.81775949680434,4.0,4.0
286.0039114161482,273.09586648038965,4.0,4.0
285.681568276091,273.3740952544789,4.0,4.0
285.35922513725535,273.65238492425976,4.0,4.0
285.0369736897427,273.9306745982582,4.0,4.0
284.71475280868265,274.2089642748124,4.0,4.0
284.3925624931292,274.48731485099074,4.0,4.0
284.2314978983952,274.6264596917529,4.0,4.0
284.0704333035766,274.7656349806101,4.0,4.0
283.74839580158675,275.044046452566,4.0,4.0
283.42635830009743,275.32248837309373,4.0,4.0
283.26538539326634,275.46169411000534,4.0,4.0
283.1043819238087,275.6009607425692,4.0,4.0
282.7824055436015,275.879463553713,4.0,4.0
282.46049028736525,276.15805770789717,4.0,4.0
282.299547940711,276.29738523130777,4.0,4.0
282.1385750316572,276.4366823079232,4.0,4.0
281.8167209013799,276.71533735851403,4.0,4.0
281.4949278961484,276.99405330510314,4.0,4.0
281.33401611169904,277.13338083066094,4.0,4.0
281.1731654520297,277.27270835385434,4.0,4.0
280.851433569397,277.55145474509607,4.0,4.0
280.5297628112015,277.8302011349609,4.0,4.0
280.36891214999486,277.9695895529105,4.0,4.0
280.2080920500046,278.109008417276,4.0,4.0
279.8864824096005,278.38787659058244,4.0,4.0
279.56490332937864,278.66677521034785,4.0,4.0
279.40411378931594,278.8062854143025,4.0,4.0
279.2433548123876,278.94576517290034,4.0,4.0
278.9217451714509,279.2247855832876,4.0,4.0
278.7609250702151,279.3643262367429,4.0,4.0
278.60013553175554,279.50386688950005,4.0,4.0
278.27864814524537,279.78300909539746,4.0,4.0
277.9572218919025,280.062090415375,4.0,4.0
277.6357650806179,280.3412021876888,4.0,4.0
277.31439995984294,280.6203748550911,4.0,4.0
276.9931265289043,280.89957797610805,4.0,4.0
276.83245925150106,281.0391795352964,4.0,4.0
276.67182253717027,281.17881154463385,4.0,4.0
276.35054910929506,281.4581060114902,4.0,4.0
276.02930624488164,281.7374613741521,4.0,4.0
275.7081550702623,282.0168471850959,4.0,4.0
275.3870344608829,282.29626344674546,4.0,4.0
275.0659138531248,282.57574060649006,4.0,4.0
274.74488493408955,282.8552482152354,4.0,4.0
274.423856016383,283.1348471689149,4.0,4.0
274.1028270995035,283.4144461218534,4.0,4.0
273.7818593084952,283.69410597291477,4.0,4.0
273.46089151982335,283.973826720539,4.0,4.0
273.30040762643944,284.11367187108317,4.0,4.0
273.1399542962053,284.25354747121503,4.0,4.0
272.81907819973304,284.53329867182526,4.0,4.0
272.49826322936394,284.81308032251815,4.0,4.0
272.33784046257057,284.9529863695538,4.0,4.0
272.17744825807256,285.0928619717864,4.0,4.0
271.85672497387685,285.3727654106981,4.0,4.0
271.53609337654274,285.65266884804487,4.0,4.0
271.3757622961455,285.7926662392613,4.0,4.0
271.2154312143019,285.9326636277558,4.0,4.0
270.89476904835317,286.2126888516161,4.0,4.0
270.5741680052104,286.49277496758356,4.0,4.0
270.41389804576687,286.6328636966361,4.0,4.0
270.25359752327734,286.77295242472644,4.0,4.0
269.9330881642787,287.05316032750267,4.0,4.0
269.6126399278838,287.33336822866835,4.0,4.0
269.29222225173,287.6136065751268,4.0,4.0
268.9718962608099,287.8939058136484,4.0,4.0
268.65160082730745,288.174235494132,4.0,4.0
268.33130538721036,288.4547174065212,4.0,4.0
268.01100994263044,288.73519931395384,4.0,4.0
267.69080618150554,289.0156812164429,4.0,4.0
267.3706329792277,289.29622400935443,4.0,4.0
267.05052090064845,289.5767972504512,4.0,4.0
266.89049542360846,289.717129540277,4.0,4.0
266.73046994650144,289.85746183025196,4.0,4.0
266.41041898625366,290.13812640882173,4.0,4.0
266.0903680222227,290.4189127697869,4.0,4.0
265.93037310238276,290.55930595059135,4.0,4.0
265.77040874506235,290.6996991296443,4.0,4.0
265.45048003031405,290.98057683467164,4.0,4.0
265.13061244107234,291.26148498473947,4.0,4.0
264.9706480842941,291.40193906212335,4.0,4.0
264.8107142904647,291.54239313860035,4.0,4.0
264.4908161411545,291.8233621883847,4.0,4.0
264.17097911848543,292.1043921343455,4.0,4.0
264.01107588913794,292.2449071093055,4.0,4.0
263.8511726608337,292.38539163578747,4.0,4.0
263.5314273321109,292.66636069450163,4.0,4.0
263.2117125686727,292.9473297582911,4.0,4.0
262.89202837074515,293.22842061252214,4.0,4.0
262.57234417450405,293.50948102436575,4.0,4.0
262.2527516662906,293.7906023296744,4.0,4.0
261.9331897222614,294.07175408529355,4.0,4.0
261.6136583449324,294.35290584698294,4.0,4.0
261.2941269671002,294.6340880540354,4.0,4.0
260.9746261512529,294.9153311575793,4.0,4.0
260.65521702319165,295.1966047062448,4.0,4.0
260.33580789648624,295.477969601908,4.0,4.0
260.0163070851997,295.75939539505134,4.0,4.0
259.69683683927616,296.04091253493925,4.0,4.0
259.53711699912793,296.18170155373747,4.0,4.0
259.3773971600952,296.3224905742769,4.0,4.0
259.05804917757007,296.6040077295768,4.0,4.0
258.7387623286606,296.8855553421425,4.0,4.0
258.57913418761336,297.02634437527695,4.0,4.0
258.4195060473145,297.16713340942823,4.0,4.0
258.10031089367544,297.44871148069944,4.0,4.0
257.78114630695313,297.7303808972025,4.0,4.0
257.6215487337522,297.871261280943,4.0,4.0
257.4619511612819,298.0121721095893,4.0,4.0
257.1427560166428,298.29396332689043,4.0,4.0
256.82359143871884,298.5758154407561,4.0,4.0
256.6640549977136,298.71678717566135,4.0,4.0
256.50454912117686,298.8577589106206,4.0,4.0
256.1855832158184,299.13967194063684,4.0,4.0
255.86664787472984,299.42152407819617,4.0,4.0
255.5477736579339,299.7035284517977,4.0,4.0
255.22908281486167,299.9854719312628,4.0,4.0
254.91037668652226,300.2675067476853,4.0,4.0
254.59162470775598,300.5495720059895,4.0,4.0
254.27288800230198,300.83178949124056,4.0,4.0
253.954197135452,301.1140374191487,4.0,4.0
253.63556738901545,301.39631578856176,4.0,4.0
253.31698348325824,301.67868549735334,4.0,4.0
253.15766096751835,301.81987035323345,4.0,4.0
252.9983690140988,301.9610856537929,4.0,4.0
252.6797698251064,302.24360759995113,4.0,4.0
252.36026903581396,302.5251247725166,4.0,4.0
252.19978513896243,302.6651221716486,4.0,4.0
252.03937764968438,302.8052109147013,4.0,4.0
251.71847098502124,303.0850230336809,4.0,4.0
251.3972128522711,303.36446978638753,4.0,4.0
251.23653030168876,303.50413226721696,4.0,4.0
251.0758324698323,303.6437338547284,4.0,4.0
250.75439096130592,303.9228761322922,4.0,4.0
250.43298001426675,304.20201840792356,4.0,4.0
250.27229746231302,304.34158954700166,4.0,4.0
250.1115996288034,304.4811606852235,4.0,4.0
249.79024980335768,304.7603029592739,4.0,4.0
249.46886941043843,305.0394756745493,4.0,4.0
249.14756542116424,305.3187397300396,4.0,4.0
248.82623086922763,305.59806467990074,4.0,4.0
248.50495744150962,305.87742007750325,4.0,4.0
248.18368401167427,306.1567754732055,4.0,4.0
247.86256339589886,306.43613087029905,4.0,4.0
247.54147334671225,306.71545582634906,4.0,4.0
247.22036801167323,306.9948416695644,4.0,4.0
246.89929323511083,307.2743188528935,4.0,4.0
246.73874820497068,307.4140726664458,4.0,4.0
246.5782337367058,307.55382647946425,4.0,4.0
246.25728120558006,307.8333645518358,4.0,4.0
245.93626755054848,308.11302441620836,4.0,4.0
245.7757683640528,308.2528391249408,4.0,4.0
245.61526917717143,308.39268428027134,4.0,4.0
245.29431664656408,308.67246593523674,4.0,4.0
244.9734558077179,308.95224759566827,4.0,4.0
244.81303303134575,309.0921840986842,4.0,4.0
244.65261025607217,309.23205970966524,4.0,4.0
244.3318563958605,309.51190227678086,4.0,4.0
244.01111781895398,309.7917752959976,4.0,4.0
243.69051677100236,310.0716483111447,4.0,4.0
243.36999212651043,310.35152132290034,4.0,4.0
243.04948276129556,310.63139433406707,4.0,4.0
242.72903451626587,310.91138912828035,4.0,4.0
242.4086168201825,311.19138390668104,4.0,4.0
242.08818383436633,311.47156135708457,4.0,4.0
241.76772028210954,311.7517692523496,4.0,4.0
241.4472108833295,312.03206848443904,4.0,4.0
241.12670148236018,312.31233726749946,4.0,4.0
240.80632961372265,312.5927278442256,4.0,4.0
240.48597302907984,312.87305752676457,4.0,4.0
240.3257947362967,313.0132375933118,4.0,4.0
240.16561644295223,313.15344810273047,4.0,4.0
239.8453056994654,313.4338386808736,4.0,4.0
239.5250102361336,313.7143205957533,4.0,4.0
239.36490834804093,313.8545311068081,4.0,4.0
239.20480645984995,313.9947720647205,4.0,4.0
238.88461796589306,314.2753757727654,4.0,4.0
238.56346675094417,314.55491381885867,4.0,4.0
238.40218820401992,314.6939064313955,4.0,4.0
238.240955501013,314.8330208337844,4.0,4.0
237.9183678468337,315.11091471720715,4.0,4.0
237.59548985163173,315.3884127897769,4.0,4.0
237.27245904492761,315.665636837239,4.0,4.0
236.9493976756909,315.94276954339034,4.0,4.0
236.62635158877882,316.2199022505319,4.0,4.0
236.30327494008262,316.4970349582061,4.0,4.0
235.98018300801695,316.77422856136604,4.0,4.0
235.6571521995303,317.05160484516045,4.0,4.0
235.3341672376103,317.3288897896737,4.0,4.0
235.01124340255603,317.60623563463344,4.0,4.0
234.68833484918622,317.8836423729059,4.0,4.0
234.36553326396546,318.16107955716734,4.0,4.0
234.0427622401884,318.43848629632186,4.0,4.0
233.88139200883873,318.57720488724806,4.0,4.0
233.72003705817508,318.7160148199281,4.0,4.0
233.39731187290397,318.99354334087224,4.0,4.0
233.07466308898506,319.2711327492376,4.0,4.0
232.9133234143511,319.40994267656987,4.0,4.0
232.75199902031488,319.54881349528375,4.0,4.0
232.42933494866404,319.8265246863001,4.0,4.0
232.10676256204547,320.1042358722816,4.0,4.0
231.9454992893094,320.24313713497855,4.0,4.0
231.78422073463645,320.38203839709615,4.0,4.0
231.4617705919392,320.6598409177792,4.0,4.0
231.13930516349777,320.937673881598,4.0,4.0
230.97811829084546,321.0766055829538,4.0,4.0
230.81691613478233,321.2155981776874,4.0,4.0
230.49357965952447,321.4926090373135,4.0,4.0
230.1670035477291,321.7659053006205,4.0,4.0
230.0032035685122,321.9020358239479,4.0,4.0
229.8393271828967,322.0380445579039,4.0,4.0
229.5110090047631,322.30923994530895,4.0,4.0
229.18215598246147,322.5798263832211,4.0,4.0
228.85302789839224,322.8500170079728,4.0,4.0
228.52377756673775,323.12008584358216,4.0,4.0
228.3591676843702,323.25512026594606,4.0,4.0
228.19452724038229,323.3901242424,4.0,4.0
227.86529219900746,323.66016264620583,4.0,4.0
227.53613356668902,323.9302010523661,4.0,4.0
227.20694437445033,324.2002394624311,4.0,4.0
226.87772462238843,324.4703387724603,4.0,4.0
226.548565997985,324.7404989810017,4.0,4.0
226.38403253036387,324.875533415932,4.0,4.0
226.21949906374698,325.01062874538445,4.0,4.0
225.89044741649676,325.2808194130115,4.0,4.0
225.5614110545937,325.5510100871934,4.0,4.0
225.39693871832858,325.6861054262713,4.0,4.0
225.23249694469644,325.8212007641265,4.0,4.0
224.90362867946797,326.0914218916912,4.0,4.0
224.57576898254794,326.36276958004,4.0,4.0
224.24926932155788,326.6357309876306,4.0,4.0
223.92284606507928,326.90902731413195,4.0,4.0
223.59686596938863,327.1828717010515,4.0,4.0
223.27111510017178,327.4568987846503,4.0,4.0
222.94550176624693,327.7311694544835,4.0,4.0
222.62004124547406,328.00537922847036,4.0,4.0
222.29465713083977,328.2796194516486,4.0,4.0
221.9692882971809,328.55407280532495,4.0,4.0
221.80661915998118,328.69132992682205,4.0,4.0
221.64396530274792,328.82858704696184,4.0,4.0
221.31867286499443,329.1031621768126,4.0,4.0
220.99341098738822,329.37782864581413,4.0,4.0
220.83075712621476,329.5151466571058,4.0,4.0
220.66811854593706,329.65246466548393,4.0,4.0
220.3428566664916,329.9271006856635,4.0,4.0
220.01759478671812,330.20194983640346,4.0,4.0
219.85498676861178,330.33945053106856,4.0,4.0
219.69240931298833,330.4768903298032,4.0,4.0
219.36728496447518,330.7518917177862,4.0,4.0
219.0421758980824,331.02683221269615,4.0,4.0
218.87962900565353,331.164332908929,4.0,4.0
218.71706683189916,331.30180315691763,4.0,4.0
218.39201889081372,331.57674365244736,4.0,4.0
218.06706263756678,331.85171459770163,4.0,4.0
217.7420911033714,332.1266855422883,4.0,4.0
217.4170890085782,332.4018391761855,4.0,4.0
217.09216332171133,332.6771754981155,4.0,4.0
216.76728348037247,332.9525727145916,4.0,4.0
216.44241892417696,333.22787859791373,4.0,4.0
216.1175543735373,333.50312359560104,4.0,4.0
215.95519086529103,333.64083743818105,4.0,4.0
215.7928426383993,333.7784294921364,4.0,4.0
215.46816146605556,334.05361359838855,4.0,4.0
215.14363310660136,334.32907173450224,4.0,4.0
214.98136128619268,334.46684647380613,4.0,4.0
214.819120028439,334.60462121149317,4.0,4.0
214.65687877004945,334.7423655045859,4.0,4.0
214.49462222880987,334.88007934672623,4.0,4.0
214.1701244245353,335.1556288129291,4.0,4.0
214.00792900597136,335.2933730973573,4.0,4.0
213.8457183058576,335.43120872547655,4.0,4.0
213.68350760547577,335.5689530088557,4.0,4.0
213.52131218615435,335.70675818846325,4.0,4.0
213.35914732921907,335.8445329205843,4.0,4.0
213.03481761503005,336.1201432782842,4.0,4.0
212.87266803874516,336.25803979730983,4.0,4.0
212.71050318097582,336.39596676672176,4.0,4.0
212.5483383229357,336.5339241813948,4.0,4.0
212.3862040271264,336.67185114831295,4.0,4.0
212.2240544501076,336.80977811602395,4.0,4.0
211.89984698346805,337.08566249682633,4.0,4.0
211.73774324926174,337.22358946409986,4.0,4.0
211.57565479550394,337.3615164284186,4.0,4.0
211.41358162247226,337.4994433922908,4.0,4.0
211.251508448988,337.63740080316245,4.0,4.0
211.08941999376847,337.775327766778,4.0,4.0
210.76527364483763,338.0512425846907,4.0,4.0
210.6032310323654,338.1893217839995,4.0,4.0
210.44120370054858,338.3274618762466,4.0,4.0
210.2791916494105,338.4655410736352,4.0,4.0
210.11721016041412,338.6036202694407,4.0,4.0
209.79324718105056,338.8797482117192,4.0,4.0
209.6312809719802,339.01776651139346,4.0,4.0
209.46929948059955,339.1558457024721,4.0,4.0
209.30734855014683,339.2939248932839,4.0,4.0
209.14538233716752,339.43200408239034,4.0,4.0
208.98343140453136,339.5701137159907,4.0,4.0
208.65956009989492,339.84630253459204,4.0,4.0
208.49763972865875,339.98444261301654,4.0,4.0
208.33571935727736,340.1225826928878,4.0,4.0
208.1737378617936,340.2607227741811,4.0,4.0
208.0117716491085,340.3989237524222,4.0,4.0
207.8497901563377,340.537216074895,4.0,4.0
207.52579661190342,340.8139225172886,4.0,4.0
207.3638456859644,340.95230619056395,4.0,4.0
207.2018641989572,341.0907507605997,4.0,4.0
206.8779623633834,341.36736589682795,4.0,4.0
206.71605729591684,341.5056886983433,4.0,4.0
206.55421335653068,341.64398105836733,4.0,4.0
206.3924152634948,341.782273423372,4.0,4.0
206.06878851894692,342.0587363696186,4.0,4.0
205.90700571048805,342.1969678463023,4.0,4.0
205.74529930859296,342.33522976858376,4.0,4.0
205.58360818816536,342.4734612457938,4.0,4.0
205.26025650947196,342.7499546455439,4.0,4.0
205.09859595079428,342.88830791089003,4.0,4.0
204.93693539094883,343.02666117403226,4.0,4.0
204.77525954914037,343.1650144384738,4.0,4.0
204.6136295487934,343.3033676973464,4.0,4.0
204.29035426264332,343.5801959982367,4.0,4.0
204.1287089770957,343.71864059399275,4.0,4.0
203.96706369091487,343.8570242925273,4.0,4.0
203.6437731174759,344.13391347943013,4.0,4.0
203.3204825419229,344.41077221528917,4.0,4.0
202.9972836507898,344.6879354223472,4.0,4.0
202.67413060230956,344.9650072844264,4.0,4.0
202.35105396180612,345.2421095982289,4.0,4.0
202.0279467530818,345.51921190231735,4.0,4.0
201.70480897639519,345.79634464329087,4.0,4.0
201.54324008659677,345.93488056464196,4.0,4.0
201.38170175864582,346.07347738147587,4.0,4.0
201.05862510111496,346.3508536944819,4.0,4.0
200.73554844230344,346.6282909004775,4.0,4.0
200.57404067529913,346.76703995008336,4.0,4.0
200.4125634705004,346.9057585533107,4.0,4.0
200.08954793507974,347.18319575576066,4.0,4.0
199.7666088053422,347.460632959559,4.0,4.0
199.60516216250255,347.59938200932646,4.0,4.0
199.4436849571038,347.7380701634768,4.0,4.0
199.1208527970323,348.0155682615316,4.0,4.0
198.7980206376095,348.2931272596819,4.0,4.0
198.47520376170812,348.5708080485255,4.0,4.0
198.15237160657858,348.84861063339685,4.0,4.0
197.8296005792522,349.12647411858586,4.0,4.0
197.5068906807724,349.40436805808235,4.0,4.0
197.18424191434448,349.6822011148123,4.0,4.0
196.861669558735,349.96000373123445,4.0,4.0
196.53915833028609,350.23771501164174,4.0,4.0
196.2167235090351,350.51542629384704,4.0,4.0
195.89436509456172,350.7932898150933,4.0,4.0
195.5720066797463,351.0712751238564,4.0,4.0
195.249694106498,351.34929088027695,4.0,4.0
194.92739681304727,351.6273675265197,4.0,4.0
194.60519120641328,351.90544417329704,4.0,4.0
194.2829550362116,352.18345992188813,4.0,4.0
194.121844591302,352.32248302179966,4.0,4.0
193.96076470848706,352.46165835672247,4.0,4.0
193.63863550371752,352.7400090233948,4.0,4.0
193.31655214113772,353.0182987935018,4.0,4.0
193.1555333805793,353.15744367782804,4.0,4.0
192.99451461963406,353.29661900711403,4.0,4.0
192.67249237446168,353.57490876181487,4.0,4.0
192.35047012512996,353.85328985346644,4.0,4.0
192.1894819212458,353.9924651750773,4.0,4.0
192.0285089983431,354.131762285143,4.0,4.0
191.7065020270373,354.41041739726984,4.0,4.0
191.3845867409462,354.68910295571675,4.0,4.0
191.06274785844016,354.9677580611136,4.0,4.0
190.74098538189958,355.2463827176572,4.0,4.0
190.4192076243563,355.52500737394354,4.0,4.0
190.0974604214138,355.80366246564927,4.0,4.0
189.77571321315116,356.0823784410675,4.0,4.0
189.45399656485344,356.36127709886273,4.0,4.0
189.1322340721781,356.64014530654595,4.0,4.0
188.81047158089694,356.91919620223547,4.0,4.0
188.64962089829248,357.0587673217625,4.0,4.0
188.48877021645205,357.198368889641,4.0,4.0
188.16708413657187,357.4774806923931,4.0,4.0
187.84548975106392,357.75656205729206,4.0,4.0
187.68473076370915,357.8961027439352,4.0,4.0
187.52397177746076,358.03561298622094,4.0,4.0
187.202576059557,358.3148161657866,4.0,4.0
186.88108865942354,358.59404980061584,4.0,4.0
186.72034495942137,358.73365139537805,4.0,4.0
186.55961654058387,358.8731920961858,4.0,4.0
186.2382208279222,359.15227349642385,4.0,4.0
185.91705434207572,359.43135491012896,4.0,4.0
185.75643289801008,359.57086517548277,4.0,4.0
185.59578088924206,359.7103449890141,4.0,4.0
185.2745685557312,359.9893655022478,4.0,4.0
184.95332565683466,360.26856869644445,4.0,4.0
184.63209804017583,360.5479241297986,4.0,4.0
184.31076345348777,360.8273404563505,4.0,4.0
183.9895358335576,361.10675677965133,4.0,4.0
183.66844574948766,361.386173111336,4.0,4.0
183.34737095279465,361.665528561932,4.0,4.0
183.02629615217555,361.94485355730285,4.0,4.0
182.7051907853978,362.22420899276295,4.0,4.0
182.38410069776032,362.50368621452674,4.0,4.0
182.22355565333547,362.64353139054344,4.0,4.0
182.06301060814613,362.78331567111394,4.0,4.0
181.74202748482912,363.0629146748819,4.0,4.0
181.4211054849012,363.3424832292691,4.0,4.0
181.26066740634255,363.48229795207,4.0,4.0
181.10024460906192,363.62205178269926,4.0,4.0
180.77932260367623,363.9016812201976,4.0,4.0
180.4584158753636,364.1814324403812,4.0,4.0
180.29796251011808,364.3214298374294,4.0,4.0
180.13753970665755,364.4613358922613,4.0,4.0
179.81675522314782,364.74123934042336,4.0,4.0
179.49598601876198,365.021142782927,4.0,4.0
179.17523209400792,365.30104622487715,4.0,4.0
178.85455457296993,365.58094965993405,4.0,4.0
178.53392289238525,365.86100532587966,4.0,4.0
178.37360705088332,366.0010331557724,4.0,4.0
178.21329120893174,366.1410609854893,4.0,4.0
177.89264424239,366.42126887867755,4.0,4.0
177.5721195236789,366.70141587358273,4.0,4.0
177.25167121056097,366.9816237604215,4.0,4.0
176.93120761671523,367.2618316497741,4.0,4.0
176.77099874113443,367.40195081747754,4.0,4.0
176.6108051458748,367.5420395348363,4.0,4.0
176.2903873907444,367.82249099303726,4.0,4.0
175.97009188813576,368.1029120099629,4.0,4.0
175.6498116690827,368.38336347857273,4.0,4.0
175.32960785927924,368.6638758471057,4.0,4.0
175.00935820735307,368.9443882194002,4.0,4.0
174.84928686530083,369.0846900776413,4.0,4.0
174.6892002418046,369.22496148706125,4.0,4.0
174.36910340199893,369.50553475154027,4.0,4.0
174.04909825379636,369.7860471343066,4.0,4.0
173.72907782052394,370.06658995524765,4.0,4.0
173.40910322576778,370.3471023158062,4.0,4.0
173.08909806524792,370.6276755658463,4.0,4.0
172.92910312490238,370.7679774144451,4.0,4.0
172.769092903064,370.9083401562182,4.0,4.0
172.4491488651434,371.1891265331467,4.0,4.0
172.12926595193974,371.46994335662424,4.0,4.0
171.80938303929648,371.7508515249353,4.0,4.0
171.48953068995604,372.03179014160304,4.0,4.0
171.169678341168,372.31266786399306,4.0,4.0
170.8499023998338,372.5936064846174,4.0,4.0
170.53009589789298,372.8746060045911,4.0,4.0
170.37020792829787,373.01506009416346,4.0,4.0
170.21035052129952,373.1555750774995,4.0,4.0
169.89062042563802,373.4366659398497,4.0,4.0
169.5709667390791,373.7177568087946,4.0,4.0
169.2513436188335,373.9988476867915,4.0,4.0
168.93170521484183,374.2800298989474,4.0,4.0
168.61217377751896,374.56118166204453,4.0,4.0
168.45240805837523,374.70181843650516,4.0,4.0
168.29264233898397,374.8424247630767,4.0,4.0
167.97308033738616,375.1236069710433,4.0,4.0
167.65260145830146,375.403936643947,4.0,4.0
167.49117007840192,375.542716119931,4.0,4.0
167.3285161958428,375.68009501211384,4.0,4.0
167.0007481451771,375.9523561038377,4.0,4.0
166.6721701887632,376.22333840546605,4.0,4.0
166.50749917894703,376.3581901603789,4.0,4.0
166.34261423144537,376.4928592301427,4.0,4.0
166.0124164599592,376.7616797642492,4.0,4.0
165.68200474992867,377.0301044779982,4.0,4.0
165.35148607064048,377.2984682964525,4.0,4.0
165.02092154764458,377.5668930124252,4.0,4.0
164.69028061709426,377.8352872768667,4.0,4.0
164.35962440322825,378.1038033255253,4.0,4.0
164.02899875344212,378.3722584839179,4.0,4.0
163.8637470552173,378.50653173762043,4.0,4.0
163.69849535802032,378.64074409811934,4.0,4.0
163.36803780967384,378.9093515127219,4.0,4.0
163.03762610550837,379.17786758390866,4.0,4.0
162.87246609701404,379.3121712903479,4.0,4.0
162.7073060885126,379.4465054440517,4.0,4.0
162.37706247770998,379.71517375173977,4.0,4.0
162.04684942821027,379.9838116088323,4.0,4.0
161.88173526067655,380.1181457559458,4.0,4.0
161.7166210918357,380.2525407961192,4.0,4.0
161.38640803366516,380.5212395272512,4.0,4.0
161.05624081799053,380.79006004695725,4.0,4.0
160.89117249098956,380.9245159762373,4.0,4.0
160.7260888825655,381.0589110109863,4.0,4.0
160.39595222810652,381.3278837638066,4.0,4.0
160.06587669977813,381.59694786143325,4.0,4.0
159.9008389359743,381.7314342415166,4.0,4.0
159.73581645368304,381.86598151443,4.0,4.0
159.4057714893693,382.13504561676274,4.0,4.0
159.07577237145304,382.4041097229218,4.0,4.0
158.74588022578348,382.67317383936654,4.0,4.0
158.41603392610588,382.9422379604435,4.0,4.0
158.0862181907957,383.211332534481,4.0,4.0
157.75643301834504,383.48057934442556,4.0,4.0
157.4266936896429,383.7497652633632,4.0,4.0
157.0970154868484,384.01913386406136,4.0,4.0
156.76738312837824,384.28847202264615,4.0,4.0
156.43773548677794,384.5578101756692,4.0,4.0
156.27292694658357,384.6925096980859,4.0,4.0
156.10811840607795,384.82714832455065,4.0,4.0
155.77850132436194,385.0964864705394,4.0,4.0
155.44891480500226,385.36603775121034,4.0,4.0
155.2841521078513,385.5007981656647,4.0,4.0
155.11935884818263,385.635528132853,4.0,4.0
154.78983345402543,385.9052316504353,4.0,4.0
154.46032334145113,386.1748742732037,4.0,4.0
154.1308743554309,386.44454734745375,4.0,4.0
153.8014406517346,386.7142204224106,4.0,4.0
153.47208335486843,386.9839543956476,4.0,4.0
153.14274133849563,387.2536274711434,4.0,4.0
152.81347572615542,387.5233309898663,4.0,4.0
152.48427123730212,387.7931258455492,4.0,4.0
152.15515843286366,388.06307293062537,4.0,4.0
151.82593865398096,388.3329591058436,4.0,4.0
151.49667302503036,388.6028757140577,4.0,4.0
151.16743795523016,388.87282276073046,4.0,4.0
150.83821816547595,389.1428306979641,4.0,4.0
150.5090136563126,389.4129604235196,4.0,4.0
150.17982442792643,389.6831814896367,4.0,4.0
149.85077273259552,389.95352435145537,4.0,4.0
149.68626980811229,390.0886805598494,4.0,4.0
149.52176688377426,390.2238367700802,4.0,4.0
149.1928068791011,390.4940882948837,4.0,4.0
148.86389271871332,390.7643702700328,4.0,4.0
148.69943563937488,390.89958737747156,4.0,4.0
148.53497856084064,391.03477404104626,4.0,4.0
148.20603384295774,391.3052082633709,4.0,4.0
147.87710440791798,391.57576428215475,4.0,4.0
147.71264733146623,391.7110727395806,4.0,4.0
147.54822081955018,391.84638120400473,4.0,4.0
147.2194747711879,392.1169981463157,4.0,4.0
146.89077457112035,392.3876455496129,4.0,4.0
146.72645503460012,392.52295403218585,4.0,4.0
146.56212021730423,392.65823206601317,4.0,4.0
146.23354227120353,392.9288185837081,4.0,4.0
145.9049643261375,393.199405106447,4.0,4.0
145.5764322259726,393.4700220800627,4.0,4.0
145.24791540744886,393.7406390526659,4.0,4.0
144.9193985893618,394.01134737210856,4.0,4.0
144.59092761694245,394.28220793289654,4.0,4.0
144.26251777112907,394.55319028725296,4.0,4.0
143.934123207205,394.82408130197916,4.0,4.0
143.60578976822802,395.0950332109584,4.0,4.0
143.2774716093216,395.3658937758564,4.0,4.0
143.11335073268626,395.50132405698935,4.0,4.0
142.94922985577892,395.63675433722915,4.0,4.0
142.6210186630219,395.9077975799614,4.0,4.0
142.29276162308818,396.1788712605967,4.0,4.0
142.1286254611761,396.31445376756585,4.0,4.0
141.9645045798941,396.45003627295426,4.0,4.0
141.63626281603936,396.72123172914803,4.0,4.0
141.3080516122015,396.9923358359118,4.0,4.0
141.14396129103343,397.1279487849859,4.0,4.0
140.97990153236606,397.2636226264022,4.0,4.0
140.6517820146837,397.534970308334,4.0,4.0
140.32366249555272,397.8064093296741,4.0,4.0
139.995527691216,398.07784833887536,4.0,4.0
139.66748457539623,398.349378695029,4.0,4.0
139.33947202291913,398.6209394987869,4.0,4.0
139.0115358774773,398.89240896368005,4.0,4.0
138.6836150135065,399.1639697704957,4.0,4.0
138.35575527477732,399.4356219203969,4.0,4.0
138.02791081773051,399.707304519588,4.0,4.0
137.70014276695005,399.97913935625314,4.0,4.0
137.3724052783806,400.2509741909655,4.0,4.0
137.2085594559218,400.3868916082278,4.0,4.0
137.04471363345723,400.5228090238169,4.0,4.0
136.71702198877128,400.7946438605224,4.0,4.0
136.38936090804853,401.06650914739794,4.0,4.0
136.2255456493847,401.2024874624218,4.0,4.0
136.0617303909292,401.33843533355923,4.0,4.0
135.73406931231665,401.61036152172903,4.0,4.0
135.57029989900585,401.7463093954692,4.0,4.0
135.40653048689586,401.88225727110097,4.0,4.0
135.2427763570471,402.01826604597863,4.0,4.0
135.0790222279989,402.1542748237609,4.0,4.0
134.91531394346757,402.29034449814674,4.0,4.0
134.58791265687782,402.5624838511651,4.0,4.0
134.42425021711801,402.69861442219485,4.0,4.0
134.26058777745405,402.8347145489116,4.0,4.0
134.0969406189356,402.9707842256237,4.0,4.0
133.93329345995534,403.106853902685,4.0,4.0
133.606090828921,403.378932357639,4.0,4.0
133.44247423184206,403.5149411362414,4.0,4.0
133.2789034781466,403.6509803643478,4.0,4.0
133.11533272357337,403.7870500328513,4.0,4.0
132.95174668696703,403.92308925376557,4.0,4.0
132.78814536794624,404.05915891958114,4.0,4.0
132.2973414048609,404.4675505807373,4.0,4.0
131.97012347880712,404.73999436639843,4.0,4.0
131.80652215611485,404.8762467042659,4.0,4.0
131.64292083317943,405.0124685944902,4.0,4.0
131.31577931179868,405.2849428202537,4.0,4.0
131.1521932696481,405.42116471037855,4.0,4.0
130.98862250864192,405.5574170468834,4.0,4.0
130.82506702916223,405.6936693834716,4.0,4.0
130.49804775891025,405.9661131659242,4.0,4.0
130.3345228422051,406.102365501799,4.0,4.0
130.17099792542078,406.23864828820956,4.0,4.0
130.00747300850853,406.3750224156256,4.0,4.0
129.8439786541483,406.5113965407355,4.0,4.0
129.6804842995436,406.6478011155536,4.0,4.0
129.51700522649176,406.7842056889117,4.0,4.0
129.3535108722715,406.9206102639139,4.0,4.0
129.0265221643282,407.19341941552676,4.0,4.0
128.8630430918177,407.3298239904325,4.0,4.0
128.6995640193549,407.4662285672093,4.0,4.0
128.53608494693694,407.60266358983205,4.0,4.0
128.20924905414745,407.8754727506549,4.0,4.0
128.0458081866105,408.0118773325611,4.0,4.0
127.88238260076699,408.1482819147261,4.0,4.0
127.7189799370829,408.28468649902845,4.0,4.0
127.3922280947818,408.55749567022826,4.0,4.0
127.22884835365954,408.69393070478463,4.0,4.0
127.06546861235019,408.8304570788505,4.0,4.0
126.7388084586721,409.1035098338091,4.0,4.0
126.4121712275585,409.3766234854322,4.0,4.0
126.08553399717978,409.6497066891618,4.0,4.0
125.7588967660196,409.92275944661344,4.0,4.0
125.43240470872936,410.19584265693413,4.0,4.0
125.10594321552936,410.4689563191733,4.0,4.0
124.77952756674065,410.74222222146034,4.0,4.0
124.45311191853183,411.0155490196784,4.0,4.0
124.12674975497741,411.28893671590265,4.0,4.0
123.80039523212716,411.562324410241,4.0,4.0
123.6372217905059,411.6990639283124,4.0,4.0
123.47407127107442,411.8357729987441,4.0,4.0
123.1477778726616,412.10919113960585,4.0,4.0
122.82149211500635,412.38257883510755,4.0,4.0
122.65837215806076,412.5192574596032,4.0,4.0
122.49525984180428,412.65599697728203,4.0,4.0
122.1690886935905,412.92950646232975,4.0,4.0
121.84293282520399,413.20307683850206,4.0,4.0
121.67986635150018,413.33990769514674,4.0,4.0
121.51683808072295,413.4767081037973,4.0,4.0
121.19084266405522,413.7503698169586,4.0,4.0
120.86483196406223,414.02409241805947,4.0,4.0
120.53880597851993,414.2977541070516,4.0,4.0
120.21274178698972,414.57144623640016,4.0,4.0
119.8866546727059,414.84519925769166,4.0,4.0
119.56062104316652,415.1192263063528,4.0,4.0
119.23457977378361,415.39334470059214,4.0,4.0
118.9085690682938,415.66740220504175,4.0,4.0
118.58262713183697,415.9414292732355,4.0,4.0
118.25679216762083,416.215486801156,4.0,4.0
117.93102597151453,416.48954433714437,4.0,4.0
117.6053132608946,416.763601877262,4.0,4.0
117.27960819180771,417.0375680797606,4.0,4.0
117.11675565795584,417.17464252493403,4.0,4.0
116.95391076501801,417.3118387617568,4.0,4.0
116.62825918268733,417.5862312366189,4.0,4.0
116.30258467810894,417.86065415776534,4.0,4.0
116.13978562999073,417.99781995071856,4.0,4.0
115.97701714506132,418.135016193888,4.0,4.0
115.6514801771927,418.4093782404855,4.0,4.0
115.3260119764201,418.6837402918512,4.0,4.0
115.16331989970205,418.8209365437459,4.0,4.0
115.00062018240797,418.9580718981739,4.0,4.0
114.67524366935596,419.2324035053508,4.0,4.0
114.3499282810276,419.5068568996693,4.0,4.0
114.02465109489421,419.7814625288337,4.0,4.0
113.69936626626537,420.05609859925056,4.0,4.0
113.3740967170962,420.33070421658425,4.0,4.0
113.04884244814222,420.60534027683866,4.0,4.0
112.72362638108667,420.8799763316273,4.0,4.0
112.39843323543582,421.15461238619764,4.0,4.0
112.07325537068611,421.42946157297285,4.0,4.0
111.74811570873042,421.70440210136735,4.0,4.0
111.58554587701144,421.8419028090834,4.0,4.0
111.42298368614112,421.9794035178019,4.0,4.0
111.09787458578393,422.2543440424331,4.0,4.0
110.77281897026427,422.52934546257393,4.0,4.0
110.44776335509357,422.8042555440323,4.0,4.0
110.1227459440584,423.0793178654549,4.0,4.0
109.79782786147109,423.3546237677598,4.0,4.0
109.63535735913375,423.49224627082845,4.0,4.0
109.47291741945214,423.62989922365625,4.0,4.0
109.14804518259119,423.90505289712235,4.0,4.0
108.82329519652815,424.1802674681277,4.0,4.0
108.66093930481289,424.3178899763294,4.0,4.0
108.49858341285689,424.45554293268384,4.0,4.0
108.1738716285734,424.73075749867337,4.0,4.0
107.84920568741359,425.0060634057961,4.0,4.0
107.68689563868301,425.1438381496173,4.0,4.0
107.5246085116321,425.2815824433143,4.0,4.0
107.20004953861816,425.5571623744205,4.0,4.0
106.87549820550244,425.8327118574615,4.0,4.0
106.71322635913357,425.97048659720235,4.0,4.0
106.55098507498347,426.1082613381801,4.0,4.0
106.22655599073497,426.383810814521,4.0,4.0
105.902103983774,426.6593907370127,4.0,4.0
105.57769782003948,426.9349402102332,4.0,4.0
105.25335278115188,427.21055057550103,4.0,4.0
104.92903066417294,427.4864349702009,4.0,4.0
104.6047161874879,427.76231936448835,4.0,4.0
104.28044755385746,428.0382646495515,4.0,4.0
104.11833615919608,428.17622206865406,4.0,4.0
103.95622476464992,428.31417949033056,4.0,4.0
103.63201725732121,428.59006388530145,4.0,4.0
103.30785559447651,428.8660396261202,4.0,4.0
103.14577476353696,429.0039970528488,4.0,4.0
102.98367865143919,429.14201537345593,4.0,4.0
102.65953227187171,429.41796067755536,4.0,4.0
102.33540117440845,429.6940582226342,4.0,4.0
102.17336618926072,429.83213744524915,4.0,4.0
102.01133884534632,429.97021667297133,4.0,4.0
101.68730708119656,430.246375134117,4.0,4.0
101.36332880319208,430.522624946894,4.0,4.0
101.03939636996263,430.7988138686667,4.0,4.0
100.71549449975197,431.0749723460732,4.0,4.0
100.39165375522208,431.351161274201,4.0,4.0
100.06783593274173,431.62741109851845,4.0,4.0
99.74383473390401,431.90356957602773,4.0,4.0
99.4176788753032,432.1772313649811,4.0,4.0
99.08889463748307,432.4479397491489,4.0,4.0
98.75972836822757,432.71806963576785,4.0,4.0
98.42989736327586,432.9872556499769,4.0,4.0
98.09967668478379,433.2559545012791,4.0,4.0
97.76928791160174,433.5243793246615,4.0,4.0
97.60406678248549,433.65856128655616,4.0,4.0
97.43883037214562,433.79274324999267,4.0,4.0
97.10833462768471,434.0611376152716,4.0,4.0
96.77781595912613,434.32956242060925,4.0,4.0
96.61255662427627,434.46377481950606,4.0,4.0
96.44729728921727,434.59798721814775,4.0,4.0
96.11677861864965,434.8664729094637,4.0,4.0
95.78629051019425,435.1350499417481,4.0,4.0
95.6210617370758,435.2693232341293,4.0,4.0
95.45583296373793,435.40368786700293,4.0,4.0
95.12543654204308,435.67238668632194,4.0,4.0
94.79507068318073,435.9411159539611,4.0,4.0
94.46473538650898,436.20978432767924,4.0,4.0
94.13446885480467,436.47851359104425,4.0,4.0
93.80421760365485,436.74721240454824,4.0,4.0
93.47401983679129,437.0160634544823,4.0,4.0
93.14385263224057,437.2849754006453,4.0,4.0
92.81369306872948,437.5538873502364,4.0,4.0
92.48357170840114,437.8228601928635,4.0,4.0
92.1535267547428,438.09198527613427,4.0,4.0
91.82349708345764,438.36104946881665,4.0,4.0
91.49354381959155,438.6300832197421,4.0,4.0
91.16365932163758,438.899116971976,4.0,4.0
90.99878201805757,439.0336642967404,4.0,4.0
90.83386651123693,439.1682116213266,4.0,4.0
90.5040507792749,439.43724537674893,4.0,4.0
90.17425796983017,439.7063704783227,4.0,4.0
90.00938066624887,439.841009144629,4.0,4.0
89.84451864354423,439.975647811425,4.0,4.0
89.51478695763105,440.24495559149614,4.0,4.0
89.1850629136559,440.51432427422435,4.0,4.0
89.02023145456761,440.64902383998816,4.0,4.0
88.85539999564708,440.78366251165227,4.0,4.0
88.5267914861422,441.0540968643597,4.0,4.0
88.20224015615733,441.32842849595124,4.0,4.0
87.8811271131635,441.60708366838037,4.0,4.0
87.56080105502484,441.8870785272046,4.0,4.0
87.2415905284897,442.16853485780246,4.0,4.0
86.92302945556285,442.45081326462287,4.0,4.0
86.60482749224909,442.7335179385565,4.0,4.0
86.28677070059604,443.0164966353926,4.0,4.0
85.96881323725114,443.2995971239765,4.0,4.0
85.65091689886908,443.5827585068073,4.0,4.0
85.49197637038358,443.72443054196106,4.0,4.0
85.33304348225784,443.86610257579866,4.0,4.0
85.01523119069,444.1494466420262,4.0,4.0
84.69742654004307,444.43276026541014,4.0,4.0
84.53856241801202,444.57443230136505,4.0,4.0
84.37970593664734,444.71616523415474,4.0,4.0
84.06197005209745,444.99966154600094,4.0,4.0
83.74421888714033,445.2830665197738,4.0,4.0
83.58542353123585,445.42498213946436,4.0,4.0
83.4266358157453,445.56680641572814,4.0,4.0
83.10908330644786,445.8504245175158,4.0,4.0
82.79154607939161,446.133920838691,4.0,4.0
82.6327965682035,446.2757146736226,4.0,4.0
82.47412346273651,446.41756940102937,4.0,4.0
82.15678489085607,446.7013397429656,4.0,4.0
81.8394615987488,446.98514052284156,4.0,4.0
81.52213066518634,447.2689412997807,4.0,4.0
81.20486085598486,447.55274207547313,4.0,4.0
80.8876368901735,447.8366037419622,4.0,4.0
80.57044348650584,448.12055674987073,4.0,4.0
80.25331884865241,448.40457065369753,4.0,4.0
79.93624005391993,448.6885541066839,4.0,4.0
79.61919182123037,448.97253755845963,4.0,4.0
79.30216651009984,449.25655145496796,4.0,4.0
78.98520232422928,449.54068714413654,4.0,4.0
78.66826870104364,449.82488372908733,4.0,4.0
78.35135799961435,450.10901941879575,4.0,4.0
78.0345007833547,450.3933073507379,4.0,4.0
77.7177123333915,450.67759528700253,4.0,4.0
77.40096972774285,450.9619136737001,4.0,4.0
77.24261752648482,451.10407286679947,4.0,4.0
77.08426532523215,451.24620161377993,4.0,4.0
76.76762968815588,451.5305504485462,4.0,4.0
76.45105517552393,451.81499062070577,4.0,4.0
76.29278702070641,451.9572107065859,4.0,4.0
76.13453414697969,452.0993698973583,4.0,4.0
75.8180360394542,452.3839014062362,4.0,4.0
75.50154557052112,452.66849379952805,4.0,4.0
75.1850703815514,452.9531166319101,4.0,4.0
74.86858755109219,453.2377090128464,4.0,4.0
74.55215820481367,453.5224536297512,4.0,4.0
74.23572121821036,453.80725914364393,4.0,4.0
73.9193071537831,454.0921255541015,4.0,4.0
73.60289308937084,454.3769310710611,4.0,4.0
73.28656307357396,454.66194972956237,4.0,4.0
72.9702865438619,454.94690750531277,4.0,4.0
72.65407878073731,455.23183483952073,4.0,4.0
72.33695414136932,455.51587919908377,4.0,4.0
72.01841598426648,455.79840118846596,4.0,4.0
71.85914690586972,455.9396774071388,4.0,4.0
71.69979378052903,456.080740494185,4.0,4.0
71.38084302922331,456.36271443428217,4.0,4.0
71.0617165433293,456.6444143443658,4.0,4.0
70.90214183945402,456.7852643003715,4.0,4.0
70.74254421369687,456.9261142562568,4.0,4.0
70.42335660280668,457.2078141705463,4.0,4.0
70.10418427337093,457.4894836409628,4.0,4.0
69.94457900718251,457.63033360016186,4.0,4.0
69.7849890224584,457.771183560895,4.0,4.0
69.46580141241462,458.0530661689244,4.0,4.0
69.1466672869882,458.33500967274745,4.0,4.0
68.82757136613577,458.6168313981518,4.0,4.0
68.50856713422986,458.89868357943845,4.0,4.0
68.18961638713289,459.1805357656988,4.0,4.0
67.87071912464963,459.4625401911496,4.0,4.0
67.55182186257713,459.7445750677588,4.0,4.0
67.23293988208697,460.0266099480971,4.0,4.0
66.91312574361322,460.30770095772084,4.0,4.0
66.5919362909138,460.5873304912617,4.0,4.0
66.43133774468012,460.7270843686899,4.0,4.0
66.2706627922627,460.86668600913055,4.0,4.0
65.94908366885583,461.1455543752178,4.0,4.0
65.62734409240637,461.4243314029908,4.0,4.0
65.46646284332327,461.5637199158419,4.0,4.0
65.3055663129519,461.7030779841623,4.0,4.0
64.98379617328496,461.981763667741,4.0,4.0
64.66207187684907,462.2603884528794,4.0,4.0
64.5012288300085,462.39974651533043,4.0,4.0
64.34040106425319,462.5390436837555,4.0,4.0
64.01872642987341,462.81769890427677,4.0,4.0
63.69706707450953,463.09641500474333,4.0,4.0
63.536231665725694,463.23589484044044,4.0,4.0
63.375403897322926,463.37540512266355,4.0,4.0
63.05377128194407,463.6544256854823,4.0,4.0
62.73216540814883,463.93350713800055,4.0,4.0
62.410563354379256,464.21255814148265,4.0,4.0
62.088999503506045,464.49160914511356,4.0,4.0
61.76748149675963,464.77069060146306,4.0,4.0
61.44599023207955,465.04974160730455,4.0,4.0
61.12452570982413,465.32885351128834,4.0,4.0
60.80312613320311,465.6080567623141,4.0,4.0
60.48174947884465,465.88729046102947,4.0,4.0
60.160391925652604,466.1666155056023,4.0,4.0
59.83908785691927,466.44594054619165,4.0,4.0
59.51788311719034,466.7252960443795,4.0,4.0
59.196663095702114,467.0046515395438,4.0,4.0
59.03605690505285,467.1443445092411,4.0,4.0
58.87546217525789,467.2839765840897,4.0,4.0
58.55431855948014,467.56333207552257,4.0,4.0
58.23320932695033,467.8428093623395,4.0,4.0
58.07263369864037,467.9825327808598,4.0,4.0
57.91210009365912,468.1222866439173,4.0,4.0
57.591074906921634,468.40182481890287,4.0,4.0
57.27016815020406,468.6814543381263,4.0,4.0
57.10972623323292,468.82129954897255,4.0,4.0
56.94926903440847,468.9610838609294,4.0,4.0
56.6283508150697,469.24068292304634,4.0,4.0
56.30744787589084,469.52031242204964,4.0,4.0
56.14699067547415,469.6601271687011,4.0,4.0
55.98654493567546,469.7999419142618,4.0,4.0
55.66575278411965,470.07969319400013,4.0,4.0
55.34496063250936,470.3596271556049,4.0,4.0
55.02416083997117,470.639591567783,4.0,4.0
54.70336868701026,470.91949507186337,4.0,4.0
54.382668222399055,471.1994899286699,4.0,4.0
54.06200596162449,471.47945434469887,4.0,4.0
53.74138954484041,471.7594492075411,4.0,4.0
53.58109661774171,471.89947709043304,4.0,4.0
53.42082661259081,472.0395049717711,4.0,4.0
53.10032098518046,472.31965207685755,4.0,4.0
52.77983827963783,472.59989052721266,4.0,4.0
52.61961029787516,472.7400097504645,4.0,4.0
52.45937849555891,472.8800985263396,4.0,4.0
52.13896837521776,473.16036741567126,4.0,4.0
51.81857735626183,473.44060585889895,4.0,4.0
51.658395217868865,473.5807555278466,4.0,4.0
51.498228360775,473.7209051970905,4.0,4.0
51.17789846712634,474.0012654336775,4.0,4.0
50.857557112420125,474.281564776813,4.0,4.0
50.697409356977616,474.42180579144406,4.0,4.0
50.53726924205107,474.56201635736056,4.0,4.0
50.21706159873815,474.8424983888185,4.0,4.0
49.89690744071793,475.12307177243827,4.0,4.0
49.57675328219676,475.40364515101436,4.0,4.0
49.25662204516041,475.6841880814945,4.0,4.0
48.93653283133315,475.9647614552532,4.0,4.0
48.616493281579906,476.24536528018695,4.0,4.0
48.29645755234519,476.52612134265786,4.0,4.0
47.97643710438747,476.80696875153035,4.0,4.0
47.65644339854576,477.08787705506563,4.0,4.0
47.336514639069385,477.3688462633754,4.0,4.0
47.016650825644646,477.6497241369126,4.0,4.0
46.6968443173932,477.93063246671755,4.0,4.0
46.37709893412997,478.21154079471137,4.0,4.0
46.21723770342447,478.35202540662306,4.0,4.0
46.05740321470991,478.49254046362535,4.0,4.0
45.737768619941754,478.7734792370141,4.0,4.0
45.41815312623634,479.05460068926834,4.0,4.0
45.258356839832956,479.19517663324706,4.0,4.0
45.09855673287554,479.3357525762452,4.0,4.0
44.77896033853547,479.6169349041496,4.0,4.0
44.45936394336389,479.8981172230515,4.0,4.0
44.29958293703315,480.0386931575577,4.0,4.0
44.13980575097327,480.17929954036697,4.0,4.0
43.820278120676114,480.4605731950619,4.0,4.0
43.50080397447012,480.7418772924831,4.0,4.0
43.18043205274728,481.0221766208608,4.0,4.0
42.856415546010126,481.2983046381188,4.0,4.0
42.527088794779836,481.56849538292033,4.0,4.0
42.193555871717656,481.8338754220309,4.0,4.0
41.85874696202883,482.0971545847752,4.0,4.0
41.52256655757819,482.3586373448754,4.0,4.0
41.185645011043334,482.61908488751976,4.0,4.0
40.84838345603282,482.8790757176778,4.0,4.0
40.51097290861615,483.1390361006279,4.0,4.0
40.17351269704733,483.3989051411569,4.0,4.0
39.83604866498172,483.65880462843097,4.0,4.0
39.66733193027335,483.78878481946947,4.0,4.0
39.49859991417087,483.91870411513764,4.0,4.0
39.16119318638872,484.17851225526164,4.0,4.0
38.8238819662581,484.43828994372404,4.0,4.0
38.48663951174052,484.69812852514997,4.0,4.0
38.31801446386404,484.82801736516376,4.0,4.0
38.149385595401235,484.95802799185924,4.0,4.0
37.81216224074639,485.2181405773221,4.0,4.0
37.64356775454627,485.34824253838383,4.0,4.0
37.4749847291795,485.4782836021802,4.0,4.0
37.30640170368843,485.6083855591056,4.0,4.0
37.13781867817881,485.73845706718873,4.0,4.0
36.969254754210866,485.8685590225309,4.0,4.0
36.63209634343704,486.12861069334065,4.0,4.0
36.46357826296522,486.25868219804784,4.0,4.0
36.2950792842431,486.3888145962889,4.0,4.0
36.12658794625131,486.51894699742326,4.0,4.0
35.95809278785738,486.64910984734615,4.0,4.0
35.78960909050925,486.77927269604606,4.0,4.0
35.452584390784,487.0396592848077,4.0,4.0
35.28410833383233,487.16982212742886,4.0,4.0
35.115662839596325,487.3000763168561,4.0,4.0
34.94724026735865,487.4303000596416,4.0,4.0
34.77883297656519,487.56055425184763,4.0,4.0
34.61043332646092,487.6908084457557,4.0,4.0
34.273653128226314,487.95125593956163,4.0,4.0
34.105287861123415,488.0814796874053,4.0,4.0
33.93695315661417,488.2116729879724,4.0,4.0
33.768626092678005,488.3418967356518,4.0,4.0
33.60049004484584,488.47233361528504,4.0,4.0
33.43296524820835,488.6033794474998,4.0,4.0
33.09866443737862,488.86653677141345,4.0,4.0
32.93147582830657,488.9982219954277,4.0,4.0
32.764413289838224,489.1300290073596,4.0,4.0
32.597446259341034,489.2620187033556,4.0,4.0
32.43054799442646,489.3940997406539,4.0,4.0
32.26370321411173,489.52621122628796,4.0,4.0
31.930112981731064,489.7907386724621,4.0,4.0
31.76334269766309,489.92300239696647,4.0,4.0
31.596608706600907,490.0553270150249,4.0,4.0
31.429897637343085,490.187621184543,4.0,4.0
31.263203759618825,490.3199458010294,4.0,4.0
31.096515612331338,490.4523008641508,4.0,4.0
30.763179431022053,490.7170718858198,4.0,4.0
30.596508475193524,490.84942695116604,4.0,4.0
30.42985662079243,490.98181245786543,4.0,4.0
30.263214317146932,491.11419796398326,4.0,4.0
29.92992779931909,491.3790907633531,4.0,4.0
29.763289315778366,491.5115980548007,4.0,4.0
29.596650832264533,491.64410534793643,4.0,4.0
29.263398697060982,491.9090590325293,4.0,4.0
29.096809877401668,492.04156631922194,4.0,4.0
28.93024015925952,492.17410405274086,4.0,4.0
28.597142746300346,492.4391186178769,4.0,4.0
28.26409308721317,492.7041027311854,4.0,4.0
28.097571122814138,492.8366100107611,4.0,4.0
27.93103578687771,492.96917817578776,4.0,4.0
27.597972754800985,493.23443628054633,4.0,4.0
27.26585525113522,493.5006686910993,4.0,4.0
27.101096362806825,493.635033241784,4.0,4.0
26.937666945495494,493.7708897180083,4.0,4.0
26.612859621991696,494.0455560723775,4.0,4.0
26.28882782315538,494.3215316647447,4.0,4.0
25.96592492872677,494.59899918315966,4.0,4.0
25.64371733291702,494.8772278964524,4.0,4.0
25.482765392822092,495.0165553855295,4.0,4.0
25.321868847262525,495.1558828768058,4.0,4.0
25.000190366100817,495.43484232980245,4.0,4.0
24.67864750633023,495.71380178098406,4.0,4.0
24.517890402642628,495.8533424020376,4.0,4.0
24.357142849726717,495.9928221276408,4.0,4.0
24.035657295159247,496.2718729241074,4.0,4.0
23.714200393187866,496.55098461573255,4.0,4.0
23.392772143233195,496.8303094308419,4.0,4.0
23.07134198360535,497.109573355156,4.0,4.0
22.74996148856085,497.388898183135,4.0,4.0
22.428634478433203,497.66816212008575,4.0,4.0
22.107349492211043,497.94751740501044,4.0,4.0
21.786043494759696,498.2269335930092,4.0,4.0
21.464750868770356,498.5063497889853,4.0,4.0
21.14349835664669,498.7857659903341,4.0,4.0
20.982911259062252,498.92545887512495,4.0,4.0
20.82232034150391,499.0651517635708,4.0,4.0
20.50120536242712,499.34450710619683,4.0,4.0
20.18014768859092,499.62395379630675,4.0,4.0
20.01947463470652,499.7634944604391,4.0,4.0
19.85822662281994,499.90239572302727,4.0,4.0
19.534930242197817,500.17931527769986,4.0,4.0
19.21155554538504,500.4559608045743,4.0,4.0
19.04974594669249,500.59413133183807,4.0,4.0
18.887875222962563,500.73230185860155,4.0,4.0
18.563971411575555,501.0085211092181,4.0,4.0
18.239987373427198,501.2846794619776,4.0,4.0
18.077982938422217,501.42281953281247,4.0,4.0
17.91597850326703,501.5609291539005,4.0,4.0
17.591988734777363,501.83711795359943,4.0,4.0
17.268027618585048,502.1133676429456,4.0,4.0
16.944095154826293,502.3895564352147,4.0,4.0
16.620193253600476,502.66571477504544,4.0,4.0
16.296321914888512,502.941964454666,4.0,4.0
15.972436249719529,503.21815322694636,4.0,4.0
15.648559180215546,503.4944028904885,4.0,4.0
15.324708852930225,503.7708656814034,4.0,4.0
15.000898639074814,504.04741981377106,4.0,4.0
14.677138089350658,504.3238825951618,4.0,4.0
14.35344821545756,504.6003758190719,4.0,4.0
14.029810870935473,504.87677769547923,4.0,4.0
13.706194538042942,505.1532404580828,4.0,4.0
13.544374433001495,505.29147183134427,4.0,4.0
13.382554327893441,505.4297031997852,4.0,4.0
13.05891984807619,505.7062572724651,4.0,4.0
12.735265311621278,505.9829940249322,4.0,4.0
12.5734767242507,506.1214385190953,4.0,4.0
12.411671900578163,506.25991346416833,4.0,4.0
12.088091860800635,506.53677200414455,4.0,4.0
11.764550979436699,506.8136305445248,4.0,4.0
11.602791999877365,506.9520141463348,4.0,4.0
11.441083639681574,507.090458647976,4.0,4.0
11.117683155814102,507.367286755333,4.0,4.0
10.794307504112618,507.6441148614524,4.0,4.0
10.470960505111123,507.9209125186793,4.0,4.0
10.147648844220857,508.19777107210655,4.0,4.0
9.824334318274772,508.47469052293013,4.0,4.0
9.501053220408018,508.7515490795281,4.0,4.0
9.177807460645624,509.0284380850204,4.0,4.0
8.854629512013249,509.30550978705645,4.0,4.0
8.531469710071587,509.58252059633173,4.0,4.0
8.208347156361897,509.8597140907401,4.0,4.0
8.046814532016775,509.99828039299416,4.0,4.0
7.885275699647364,510.1368771397407,4.0,4.0
7.562203288096532,510.41400974296744,4.0,4.0
7.23913183179752,510.6912336922693,4.0,4.0
7.077601595467112,510.82979999830536,4.0,4.0
6.916081387470984,510.9684576452588,4.0,4.0
6.593035241133794,511.24565114696736,4.0,4.0
6.270035416561633,511.522905558963,4.0,4.0
6.108558664905666,511.6615632156333,4.0,4.0
5.947094329488345,511.8001599798854,4.0,4.0
5.62421054751327,512.0776579846448,4.0,4.0
5.301374997099083,512.3550950934973,4.0,4.0
5.139982292808802,512.4938136451501,4.0,4.0
4.978608212549908,512.6324713011345,4.0,4.0
4.655893479936871,512.909847505209,4.0,4.0
4.333215040383909,513.1872237005377,4.0,4.0
4.010479773567148,513.4646607683271,4.0,4.0
3.687729464317382,513.7420978204532,4.0,4.0
3.364960053671952,514.0199002313926,4.0,4.0
3.0421801372759134,514.2975808504733,4.0,4.0
2.7194587197504454,514.575383259419,4.0,4.0
2.396749479755158,514.8532465633427,4.0,4.0
2.0740519396527013,515.1309880861256,4.0,4.0
1.7514351040195155,515.4089731958209,4.0,4.0
1.4289156867278994,515.6870801068103,4.0,4.0
1.1064318463856928,515.9651261285599,4.0,4.0
0.7839641231752434,516.2431721554358,4.0,4.0
0.6227569441915772,516.3821951700293,4.0,4.0
0.4615561523471676,516.5212790801038,4.0,4.0
0.1391794604710075,516.7993860080328,4.0,4.0
-0.18316417646199312,517.077432042251,4.0,4.0
-0.3443228998757366,517.2164550634857,4.0,4.0
-0.5054600891522352,517.3555389776068,4.0,4.0
-0.8276936379767896,517.6335850209823,4.0,4.0
-1.149894654263523,517.9116310648751,4.0,4.0
-1.310979582589658,518.0507758778065,4.0,4.0
-1.4720571090261405,518.1899206891671,4.0,4.0
-1.7941780177419133,518.4682103102577,4.0,4.0
-2.1162067610584288,518.7464999215607,4.0,4.0
-2.438187511361914,519.0247286369283,4.0,4.0
-2.7601398479541235,519.3030791327986,4.0,4.0
-3.0821253731966802,519.5813687127859,4.0,4.0
-3.4040922741444852,519.8597191744344,4.0,4.0
-3.72604580373161,520.1381914180913,4.0,4.0
-4.048000526915713,520.4167245566775,4.0,4.0
-4.370036192970062,520.6954403927888,4.0,4.0
-4.6921258209345265,520.9743389265444,4.0,4.0
-5.014220224191618,521.2533592585921,4.0,4.0
-5.336196675314515,521.5321969454807,4.0,4.0
-5.6580365504383145,521.8109737820885,4.0,4.0
-5.818912554446404,521.950362211297,4.0,4.0
-5.979768979258127,522.0897506461574,4.0,4.0
-6.301411153330271,522.3684666323416,4.0,4.0
-6.622930599550374,522.6470608252157,4.0,4.0
-6.783642329877191,522.7863883685579,4.0,4.0
-6.944337823796808,522.9257159090569,4.0,4.0
-7.2656882206863305,523.2044927779777,4.0,4.0
-7.587063926895546,523.4833305158577,4.0,4.0
-7.7477742240503815,523.622779817383,4.0,4.0
-7.908508398097858,523.7622900071384,4.0,4.0
-8.229992982262555,524.0412494756947,4.0,4.0
-8.551480431174506,524.3202698248817,4.0,4.0
-8.872931586886796,524.5994119554241,4.0,4.0
-9.194367460870595,524.878554077825,4.0,4.0
-9.515752715407913,525.157817982008,4.0,4.0
-9.837079709887115,525.4370818827352,4.0,4.0
-10.15840765898483,525.7163457759177,4.0,4.0
-10.479737517746813,525.9956705469481,4.0,4.0
-10.801053049994662,526.2749953111237,4.0,4.0
-11.122333243849887,526.5542591729602,4.0,4.0
-11.443613437584515,526.833644828356,4.0,4.0
-11.764906047232325,527.1132131743586,4.0,4.0
-12.086178600003068,527.3928424162642,4.0,4.0
-12.24682968002521,527.5325961422203,4.0,4.0
-12.407452107814523,527.6723498730131,4.0,4.0
-12.728615781714879,527.9519791470047,4.0,4.0
-13.04968681330826,528.2316693312503,4.0,4.0
-13.210172664950331,528.3715448750049,4.0,4.0
-13.370649920866931,528.5113595255892,4.0,4.0
-13.69161398344811,528.7909888322735,4.0,4.0
-14.012550348944607,529.0706790391398,4.0,4.0
-14.173007548155978,529.2104936964901,4.0,4.0
-14.333448511062917,529.3503692491345,4.0,4.0
-14.654329481523039,529.6301203514367,4.0,4.0
-14.975187530161081,529.9097496699051,4.0,4.0
-15.295989229102235,530.1893789958438,4.0,4.0
-15.616740308802582,530.4691910088551,4.0,4.0
-15.937443634344634,530.7489421256804,4.0,4.0
-16.25807246348724,531.0288150298131,4.0,4.0
-16.578656403566168,531.3087488212122,4.0,4.0
-16.89921360119203,531.588560819285,4.0,4.0
-17.21979371990026,531.8684336923968,4.0,4.0
-17.541296444851444,532.1473931271294,4.0,4.0
-17.702792769310012,532.2861725487642,4.0,4.0
-17.864206956733874,532.4249519698257,4.0,4.0
-18.18718623386068,532.702328118202,4.0,4.0
-18.51048641718883,532.9792170966596,4.0,4.0
-18.67220431927892,533.1175093444559,4.0,4.0
-18.833947053413574,533.2556798019766,4.0,4.0
-19.157447802306123,533.5322033923364,4.0,4.0
-19.481051698739,533.8087269602706,4.0,4.0
-19.642893759930097,533.9469582881859,4.0,4.0
-19.80473964126194,534.085250507722,4.0,4.0
-20.128423762712707,534.3617131511846,4.0,4.0
-20.45210979376096,534.6382975758319,4.0,4.0
-20.613927021931204,534.7767115763547,4.0,4.0
-20.775751890766827,534.9151255757484,4.0,4.0
-21.099353873896483,535.1920144692178,4.0,4.0
-21.42291383325164,535.4688424653343,4.0,4.0
-21.584673756210123,535.6072564656178,4.0,4.0
-21.746406936869214,535.7456704680623,4.0,4.0
-22.069871387657905,536.0224984641513,4.0,4.0
-22.393305275393175,536.2993264583641,4.0,4.0
-22.716725791592914,536.5761544490043,4.0,4.0
-23.04009282320505,536.8530433405895,4.0,4.0
-23.363482776548537,537.1299931281073,4.0,4.0
-23.686824975634345,537.406821126949,4.0,4.0
-24.01011369023979,537.6837709233553,4.0,4.0
-24.333301166841743,537.960720735615,4.0,4.0
-24.656471451830775,538.2376705495853,4.0,4.0
-24.97961690445374,538.5147421546747,4.0,4.0
-25.141176259636648,538.6533388508201,4.0,4.0
-25.302741345045817,538.7918746518371,4.0,4.0
-25.625776007752776,539.0689462536801,4.0,4.0
-25.9487781974138,539.3460787493526,4.0,4.0
-26.110268786327495,539.4846754439654,4.0,4.0
-26.271751734374085,539.6232112456502,4.0,4.0
-26.59474437236676,539.9003437329208,4.0,4.0
-26.91767970510763,540.1774762150258,4.0,4.0
-27.07914355099938,540.3160729041939,4.0,4.0
-27.24059975612967,540.4547304869207,4.0,4.0
-27.563483513844407,540.732045653963,4.0,4.0
-27.886355810233834,541.009482610254,4.0,4.0
-28.047792913378892,541.148201086841,4.0,4.0
-28.209214735109235,541.2869195630808,4.0,4.0
-28.53203354627104,541.5644174091905,4.0,4.0
-28.85479314224975,541.8418543620562,4.0,4.0
-29.17756610874234,542.1192913103478,4.0,4.0
-29.500337164499506,542.3967282515001,4.0,4.0
-29.823091028288456,542.6741651898575,4.0,4.0
-30.145841071268215,542.9517239156372,4.0,4.0
-30.4685299887227,543.2294653225135,4.0,4.0
-30.79118643302592,543.5072067269468,4.0,4.0
-31.113829505828974,543.7850090272043,4.0,4.0
-31.436455386858455,544.0626895338007,4.0,4.0
-31.597747315290306,544.2015906823015,4.0,4.0
-31.75903351325053,544.3404309339219,4.0,4.0
-32.0815906274925,544.6182332262791,4.0,4.0
-32.40410953825232,544.8960355182132,4.0,4.0
-32.565353712192845,545.034936663701,4.0,4.0
-32.72660552666116,545.1738378087741,4.0,4.0
-33.04909005370407,545.4516400977719,4.0,4.0
-33.37155165869465,545.7296250745758,4.0,4.0
-33.532769089862306,545.8686480091212,4.0,4.0
-33.693982700544,546.0076709417459,4.0,4.0
-34.01640228124841,546.2857777061274,4.0,4.0
-34.338791299270525,546.5638844746092,4.0,4.0
-34.661126832608595,546.8419912436958,4.0,4.0
-34.98340124013161,547.1199762170834,4.0,4.0
-35.30556103735215,547.3979002888956,4.0,4.0
-35.627674990239285,547.6759461463138,4.0,4.0
-35.94981568400102,547.9539919913041,4.0,4.0
-36.271944914698295,548.2323422838233,4.0,4.0
-36.59405886306787,548.5106316677002,4.0,4.0
-36.91614988857432,548.7890428380193,4.0,4.0
-37.23822181222942,549.0675149012174,4.0,4.0
-37.56030519612275,549.3459260679908,4.0,4.0
-37.882319813574625,549.62427633222,4.0,4.0
-38.04330802036409,549.7634819121704,4.0,4.0
-38.2042733052599,549.9026265956913,4.0,4.0
-38.526146570597845,550.1809768712207,4.0,4.0
-38.848058037346604,550.4593271246408,4.0,4.0
-39.00900421944678,550.5984717983184,4.0,4.0
-39.16995422168369,550.7377382614393,4.0,4.0
-39.4918389440253,551.0162711824269,4.0,4.0
-39.81369310311482,551.2948649912493,4.0,4.0
-39.97461254180659,551.434253238492,4.0,4.0
-40.135520519365016,551.573580589846,4.0,4.0
-40.45731737261627,551.8522961891211,4.0,4.0
-40.77911804553043,552.131011786272,4.0,4.0
-41.100861413354245,552.4096664859458,4.0,4.0
-41.42257039804897,552.688382087215,4.0,4.0
-41.74424881991874,552.9670976890919,4.0,4.0
-42.06592342117242,553.2458132926463,4.0,4.0
-42.38756745993787,553.5245897988519,4.0,4.0
-42.70921913932174,553.8034880988903,4.0,4.0
-43.031776233854416,554.0814120842356,4.0,4.0
-43.35790532615694,554.3550734291332,4.0,4.0
-43.522610699213494,554.4900772573865,4.0,4.0
-43.68764844001372,554.6248375088774,4.0,4.0
-44.01814033661593,554.8932619142034,4.0,4.0
-44.34964843795327,555.1604075287567,4.0,4.0
-44.68177161020262,555.4267006167806,4.0,4.0
-45.01418512633301,555.6926892334383,4.0,4.0
-45.34672471284759,555.9585560605232,4.0,4.0
-45.5130155177676,556.091489474406,4.0,4.0
-45.679310142921956,556.2243619946752,4.0,4.0
-46.01189939291438,556.4901679297157,4.0,4.0
-46.344492462822885,556.7559738644542,4.0,4.0
-46.510775626470945,556.8889072790925,4.0,4.0
-46.677062610189566,557.0218406917893,4.0,4.0
-47.00956399058575,557.287646613182,4.0,4.0
-47.34200424489663,557.5535134211141,4.0,4.0
-47.67439865436761,557.8193193294709,4.0,4.0
-48.00682744435737,558.0851861090648,4.0,4.0
-48.339267692544034,558.3511746529689,4.0,4.0
-48.671730860767155,558.6172240750544,4.0,4.0
-49.00419784808458,558.8833343807224,4.0,4.0
-49.33663809216279,559.1494446842573,4.0,4.0
-49.669063054284635,559.4156767751568,4.0,4.0
-50.001445992312526,559.681969758451,4.0,4.0
-50.33379072711455,559.9482018517483,4.0,4.0
-50.66608197712081,560.2144948455523,4.0,4.0
-50.99833120327051,560.4807269425795,4.0,4.0
-51.16444626538532,560.613842992045,4.0,4.0
-51.330553686782686,560.7469590417323,4.0,4.0
-51.6627379669292,561.0131911441454,4.0,4.0
-51.99492988776482,561.2794841463992,4.0,4.0
-52.16101438713983,561.412661097464,4.0,4.0
-52.327095066178565,561.5458380481658,4.0,4.0
-52.65825932161099,561.813227171501,4.0,4.0
-52.98541224455597,562.0846353830906,4.0,4.0
-53.14735170001456,562.2221358953263,4.0,4.0
-53.30915362400704,562.3601844616068,4.0,4.0
-53.632100377386905,562.6371950229607,4.0,4.0
-53.95392395734575,562.9154843833481,4.0,4.0
-54.27509426307453,563.194748068594,4.0,4.0
-54.595936021559474,563.4743771276858,4.0,4.0
-54.91662496726168,563.7542497718612,4.0,4.0
-55.23723750654101,564.0342442071824,4.0,4.0
-55.557769819962786,564.314299552251,4.0,4.0
-55.87826393053065,564.5944157973038,4.0,4.0
-56.19868927543844,564.8746538368266,4.0,4.0
-56.51909933827784,565.15489187137,4.0,4.0
-56.83944445460485,565.4350081106646,4.0,4.0
-57.15975136669134,565.7151243405171,4.0,4.0
-57.48002007387313,565.9953014529902,4.0,4.0
-57.64019835992416,566.1354204446184,4.0,4.0
-57.800365184214456,566.2754785364739,4.0,4.0
-58.12073321395092,566.5558382853137,4.0,4.0
-58.44107832003789,566.8362589169733,4.0,4.0
-58.60123750143119,566.9765605706486,4.0,4.0
-58.76139668249488,567.1168622227299,4.0,4.0
-59.08168448077131,567.3973437288587,4.0,4.0
-59.40191497316578,567.6778252260649,4.0,4.0
-59.56202066813123,567.8180659741886,4.0,4.0
-59.72210726120769,567.9583676134265,4.0,4.0
-60.042307187860715,568.2388490914631,4.0,4.0
-60.36250711250945,568.5194523450708,4.0,4.0
-60.52260134380559,568.6597539675313,4.0,4.0
-60.682691754550675,568.8000555875692,4.0,4.0
-61.002884036305666,569.0805979364116,4.0,4.0
-61.32301901286806,569.3613229675822,4.0,4.0
-61.643119606117764,569.6420479998649,4.0,4.0
-61.96317817561701,569.9228339292044,4.0,4.0
-62.283167980079064,570.2034980804973,4.0,4.0
-62.603085198399064,570.4842231295179,4.0,4.0
-62.92297949442182,570.764948181577,4.0,4.0
-63.24286997001801,571.0457341296797,4.0,4.0
-63.5626993205681,571.3266418749988,4.0,4.0
-63.882540132082475,571.6076105171052,4.0,4.0
-64.0424548072822,571.7480948396785,4.0,4.0
-64.20235038089791,571.8885182677997,4.0,4.0
-64.52211860714232,572.1694260313244,4.0,4.0
-64.84181042800462,572.4502729137986,4.0,4.0
-65.00163723694116,572.5907572492647,4.0,4.0
-65.16147168631713,572.7311806925247,4.0,4.0
-65.48110238182898,573.0120884751426,4.0,4.0
-65.80072543677505,573.2929353641304,4.0,4.0
-65.96054460506724,573.433419707937,4.0,4.0
-66.12035613274168,573.573964949103,4.0,4.0
-66.44002503259738,573.8551163321687,4.0,4.0
-66.75970157322263,574.1363286135062,4.0,4.0
-67.07933227164312,574.4174800184657,4.0,4.0
-67.3988789259709,574.698692346713,4.0,4.0
-67.71837209737438,574.9799655862093,4.0,4.0
-68.03778886314848,575.2611779383747,4.0,4.0
-68.35720562892143,575.5423902965092,4.0,4.0
-68.67659947271892,575.8235417589062,4.0,4.0
-68.99597803491454,576.1049368024601,4.0,4.0
-69.31536423657968,576.3862709420191,4.0,4.0
-69.63474279657285,576.6677877637242,4.0,4.0
-69.95412135607917,576.9492436885837,4.0,4.0
-70.2734540711195,577.2307605048375,4.0,4.0
-70.43310514713653,577.3715493596544,4.0,4.0
-70.59272566007924,577.512277315835,4.0,4.0
-70.91292176460985,577.7927589045729,4.0,4.0
-71.23675481043138,578.0691605243277,4.0,4.0
-71.40034081174397,578.2055040366923,4.0,4.0
-71.56429356323699,578.3416648628827,4.0,4.0
-71.89261929881258,578.6129512806289,4.0,4.0
-72.22203764439861,578.8827762173817,4.0,4.0
-72.38701423920449,579.0174146587627,4.0,4.0
-72.5520901621838,579.1518095185871,4.0,4.0
-72.88243302366573,579.4205992422679,4.0,4.0
-73.2129134164,579.6892062788563,4.0,4.0
-73.54340144890843,579.9577524180474,4.0,4.0
-73.87387419930924,580.2262376612459,4.0,4.0
-74.20431638763841,580.4946620152198,4.0,4.0
-74.53472037162045,580.763269048359,4.0,4.0
-74.86510143185829,581.0318151747924,4.0,4.0
-75.19546720975053,581.3006048761715,4.0,4.0
-75.52582534625286,581.5694554685833,4.0,4.0
-75.85617584160767,581.8382451689076,4.0,4.0
-76.18650341468516,582.1070348676321,4.0,4.0
-76.51676986270083,582.3758245711522,4.0,4.0
-76.84699810812214,582.6446751755828,4.0,4.0
-77.01210459024813,582.7790091378787,4.0,4.0
-77.17720343165672,582.9134039963271,4.0,4.0
-77.50736291142627,583.1821328175176,4.0,4.0
-77.83743834413926,583.4509834331204,4.0,4.0
-78.00247606037449,583.585317398253,4.0,4.0
-78.16752141728638,583.7197122587613,4.0,4.0
-78.49758920914267,583.9885019841815,4.0,4.0
-78.82763407900924,584.2573526060672,4.0,4.0
-78.99264887322695,584.3918083648117,4.0,4.0
-79.1576407454977,584.5262032289007,4.0,4.0
-79.32263261792639,584.6605980954819,4.0,4.0
-79.4876244905906,584.7950538607092,4.0,4.0
-79.81756239243107,585.0640262878584,4.0,4.0
-79.98252370278719,585.1985429506616,4.0,4.0
-80.14747737250374,585.3331205092159,4.0,4.0
-80.31240812037095,585.4675762778979,4.0,4.0
-80.47734650896152,585.6021538385828,4.0,4.0
-80.64229253807935,585.7366705056351,4.0,4.0
-80.97215403383788,586.0057038380132,4.0,4.0
-81.13706185984998,586.1402814022035,4.0,4.0
-81.30199260755019,586.2747980696001,4.0,4.0
-81.46690807412335,586.409314738356,4.0,4.0
-81.63180825946091,586.5438923038303,4.0,4.0
-81.96158570872844,586.8129865446592,4.0,4.0
-82.12646297239408,586.9475641129757,4.0,4.0
-82.29134787673058,587.0822025775506,4.0,4.0
-82.45622514032407,587.2167801477026,4.0,4.0
-82.62107948176512,587.3514795054016,4.0,4.0
-82.78591090102096,587.4861179671792,4.0,4.0
-83.11555081714742,587.7554557848937,4.0,4.0
-83.28035931398678,587.8900942447815,4.0,4.0
-83.44516017024829,588.0247327057775,4.0,4.0
-83.60997630770271,588.1594320621982,4.0,4.0
-83.77481536641716,588.2941314149455,4.0,4.0
-84.10443999730913,588.5635301066254,4.0,4.0
-84.26927905435548,588.6982294500878,4.0,4.0
-84.43407990846885,588.832928793382,4.0,4.0
-84.59888840311007,588.9676281396937,4.0,4.0
-84.76372746004702,589.1023274837671,4.0,4.0
-84.9285435947234,589.2369659323692,4.0,4.0
-85.09336736971441,589.3717261660927,4.0,4.0
-85.25819114439663,589.5064255067364,4.0,4.0
-85.58776228656632,589.7759459704987,4.0,4.0
-85.75253257600582,589.9107670947415,4.0,4.0
-85.91731814648067,590.0455882189694,4.0,4.0
-86.0820731541105,590.1803484487868,4.0,4.0
-86.2468358019321,590.3151695698342,4.0,4.0
-86.41159844932308,590.4499906872138,4.0,4.0
-86.7410931801181,590.7196329185803,4.0,4.0
-86.90584054493519,590.854454029238,4.0,4.0
-87.07058790941339,590.9892751401135,4.0,4.0
-87.23531999226857,591.1240962498814,4.0,4.0
-87.40005971562698,591.2589173579149,4.0,4.0
-87.56480707943201,591.3936775706495,4.0,4.0
-87.72953152122567,591.5285595734517,4.0,4.0
-87.89422540036603,591.6635024708094,4.0,4.0
-88.05891163848769,591.7983844723819,4.0,4.0
-88.2235978764254,591.9333273673471,4.0,4.0
-88.38826883298071,592.0682093667302,4.0,4.0
-88.55292450786479,592.2030913667691,4.0,4.0
-88.71758018301044,592.3380342627952,4.0,4.0
-88.88222057686959,592.4730380549483,4.0,4.0
-89.04685332976759,592.6079809497776,4.0,4.0
-89.21144787901022,592.7429238428733,4.0,4.0
-89.37604242799357,592.8779276300439,4.0,4.0
-89.54063697673773,593.0129314146002,4.0,4.0
-89.70520860317467,593.147874304384,4.0,4.0
-89.8697802295463,593.282878087663,4.0,4.0
-90.03433657442689,593.4178818734187,4.0,4.0
-90.19890056000818,593.5528856561099,4.0,4.0
-90.36347218616784,593.6878894424788,4.0,4.0
-90.52804381233096,593.8228932265558,4.0,4.0
-90.69261543839434,593.9579579067465,4.0,4.0
-90.85717178312942,594.092961694178,4.0,4.0
-91.02171284677682,594.2279654826287,4.0,4.0
-91.18624626987524,594.3629692727048,4.0,4.0
-91.51529783559947,594.6330377514062,4.0,4.0
-91.67981597819607,594.7680415488364,4.0,4.0
-92.00880642012717,595.0381709386172,4.0,4.0
-92.33779686271151,595.3083003332722,4.0,4.0
-92.50229208415585,595.4433650333385,4.0,4.0
-92.66675674340974,595.5784906308913,4.0,4.0
-92.8312061212376,595.7136771233095,4.0,4.0
-93.16012015802092,595.9840501090466,4.0,4.0
-93.32456189504776,596.1191757068738,4.0,4.0
-93.65344537051311,596.3893660188314,4.0,4.0
-93.98223715901003,596.6596781278687,4.0,4.0
-94.14662541246598,596.7948037345842,4.0,4.0
-94.31102130637056,596.9299902331172,4.0,4.0
-94.63978253126155,597.2002414473047,4.0,4.0
-94.96855139660282,597.4706144489005,4.0,4.0
-95.13293200886673,597.6057400554782,4.0,4.0
-95.29731262112536,597.7409874521727,4.0,4.0
-95.62608148604221,598.0114822472774,4.0,4.0
-95.95481214798939,598.2820988360654,4.0,4.0
-96.28353516981795,598.5527763235064,4.0,4.0
-96.61222762995531,598.8233929259611,4.0,4.0
-96.94090480915543,599.0939486360232,4.0,4.0
-97.2695055815266,599.3645652405464,4.0,4.0
-97.59808343126443,599.6351209485339,4.0,4.0
-97.926615436577,599.9057375501015,4.0,4.0
-98.25512451850285,600.1764150391466,4.0,4.0
-98.58364123873126,600.4472752001889,4.0,4.0
-98.74789195755231,600.5827661725162,4.0,4.0
-98.91213503541123,600.7182571436081,4.0,4.0
-99.24060590848629,600.9891172909402,4.0,4.0
-99.56908442195785,601.2600383331662,4.0,4.0
-99.73333513966826,601.3955293029194,4.0,4.0
-99.89758585757737,601.5310202712192,4.0,4.0
-100.22610257337263,601.8020631026848,4.0,4.0
-100.55363364749181,602.0740193620164,4.0,4.0
-100.7166083800208,602.2107891339324,4.0,4.0
-100.87970536305212,602.3475589088548,4.0,4.0
-101.2056777520253,602.6214029407122,4.0,4.0
-101.53122226622385,602.8956732462827,4.0,4.0
-101.69389137494672,603.0329910837173,4.0,4.0
-101.85653756178043,603.1702480283718,4.0,4.0
-102.18172296674497,603.4448837103412,4.0,4.0
-102.50682432404653,603.7197020734566,4.0,4.0
-102.83193332093973,603.9947031187255,4.0,4.0
-103.15698119287521,604.2696432703907,4.0,4.0
-103.48194501735166,604.5446443172976,4.0,4.0
-103.80689355910984,604.8195844620327,4.0,4.0
-104.13181153770203,605.094524607033,4.0,4.0
-104.29425906592327,605.2319642298503,4.0,4.0
-104.45670659378843,605.3694038524084,4.0,4.0
-104.7816092878798,605.6444657702076,4.0,4.0
-105.1065731041685,605.9194667806644,4.0,4.0
-105.26904355143705,606.0569672848294,4.0,4.0
-105.4315216392489,606.1944677921242,4.0,4.0
-105.7564014084698,606.4694688040436,4.0,4.0
-106.0812582554752,606.7447742918039,4.0,4.0
-106.24365993646191,606.8823965877898,4.0,4.0
-106.40606161725744,607.0200188831676,4.0,4.0
-106.73080385323941,607.2952025763709,4.0,4.0
-107.05553844771427,607.570508055388,4.0,4.0
-107.21790956461412,607.7081303462433,4.0,4.0
-107.38025775908267,607.8457526323357,4.0,4.0
-107.70496178752684,608.1209972035977,4.0,4.0
-108.02970401883331,608.3962417722473,4.0,4.0
-108.1920369312263,608.5338640576467,4.0,4.0
-108.35436220273608,608.6715472369501,4.0,4.0
-108.6790051045669,608.9469744908769,4.0,4.0
-109.00363272552863,609.222523537429,4.0,4.0
-109.3281304585566,609.4979508112356,4.0,4.0
-109.65258234665062,609.7735607668832,4.0,4.0
-109.9769501855263,610.0491707120444,4.0,4.0
-110.30131802204995,610.3247806454497,4.0,4.0
-110.62573934311413,610.6003296877489,4.0,4.0
-110.78797292572085,610.7381346591328,4.0,4.0
-110.95019122683452,610.8760005224965,4.0,4.0
-111.27468895103702,611.1517931292713,4.0,4.0
-111.59918667466582,611.4275857372385,4.0,4.0
-111.76143553849691,611.565329815023,4.0,4.0
-111.92368440339973,611.7031347941363,4.0,4.0
-112.24809044847761,611.9787447704751,4.0,4.0
-112.57242772968816,612.254598336994,4.0,4.0
-112.73455434689531,612.3925251231486,4.0,4.0
-112.8966809641494,612.5305128035855,4.0,4.0
-113.2208883558102,612.8063663817082,4.0,4.0
-113.54501934281916,613.0820981814002,4.0,4.0
-113.70705427264903,613.2200249702453,4.0,4.0
-113.86909684249254,613.3579517544388,4.0,4.0
-114.19318198052895,613.6338662143469,4.0,4.0
-114.51726711648448,613.9097197693729,4.0,4.0
-114.67930204326721,614.0476465456325,4.0,4.0
-114.84132932908483,614.1855733190496,4.0,4.0
-115.16536097785868,614.4614877580489,4.0,4.0
-115.4893926247827,614.7374630829703,4.0,4.0
-115.81342426995406,615.013681982927,4.0,4.0
-116.13743299239779,615.2899008758963,4.0,4.0
-116.4614493552092,615.5661197744957,4.0,4.0
-116.78546571818808,615.8423386723896,4.0,4.0
-117.10946680017172,616.1186184710574,4.0,4.0
-117.2714558805328,616.256727924289,4.0,4.0
-117.43342203941675,616.3948982762513,4.0,4.0
-117.7573008745243,616.6711780935374,4.0,4.0
-118.08112622599666,616.9473970228778,4.0,4.0
-118.24303126120935,617.0854455932729,4.0,4.0
-118.4049286559088,617.2236159557781,4.0,4.0
-118.72870052353353,617.4998957873279,4.0,4.0
-119.05243418737336,617.7764800916,4.0,4.0
-119.21429337783846,617.9147113441768,4.0,4.0
-119.37616020873956,618.0530034929973,4.0,4.0
-119.69992443309596,618.3295268938805,4.0,4.0
-120.02364281414022,618.6060503005583,4.0,4.0
-120.34730771015688,618.8825737049465,4.0,4.0
-120.67092676181306,619.159097109398,4.0,4.0
-120.99449233015625,619.4354987304459,4.0,4.0
-121.31803497659278,619.7120221440873,4.0,4.0
-121.64156998155478,619.9887282382673,4.0,4.0
-121.9650897042217,620.265617014006,4.0,4.0
-122.28852537813344,620.5424448881366,4.0,4.0
-122.61193812976114,620.8192118662226,4.0,4.0
-122.93528211768655,621.0959788582941,4.0,4.0
-123.0969273682961,621.2343319017635,4.0,4.0
-123.25857261817954,621.372745836368,4.0,4.0
-123.58187839801758,621.6495737016605,4.0,4.0
-123.90521473995622,621.9264624590357,4.0,4.0
-124.22855872223894,622.2034121108941,4.0,4.0
-124.5519027035882,622.4803617633388,4.0,4.0
-124.71354795318173,622.6189583840494,4.0,4.0
-124.87519320383568,622.7574332199385,4.0,4.0
-125.19843022278022,623.0346264880852,4.0,4.0
-125.52163668116546,623.3118197652333,4.0,4.0
-125.68322080922447,623.4504164071029,4.0,4.0
-125.84479729690784,623.5890130502036,4.0,4.0
-126.16793499167179,623.8661454452567,4.0,4.0
-126.49102684393414,624.1432778505012,4.0,4.0
-126.65258041117163,624.2818745015729,4.0,4.0
-126.8141186971629,624.420471154212,4.0,4.0
-127.13714942520093,624.697603565543,4.0,4.0
-127.46014195020165,624.974796873114,4.0,4.0
-127.6216191117744,625.113393529899,4.0,4.0
-127.78310391421978,625.2520510838315,4.0,4.0
-128.10600475207707,625.5295488710983,4.0,4.0
-128.4288444626923,625.8069857542641,4.0,4.0
-128.75163068696594,626.0843617350793,4.0,4.0
-129.074401628479,626.3617377087742,4.0,4.0
-129.39718784742786,626.6391136668003,4.0,4.0
-129.72003518841905,626.9165505056121,4.0,4.0
-130.0428366824108,627.1941700134171,4.0,4.0
-130.20422214722063,627.3330102135753,4.0,4.0
-130.52693195093934,627.6106906078259,4.0,4.0
-130.6882562914971,627.7495308109658,4.0,4.0
-130.84976400700842,627.8881883291981,4.0,4.0
-131.01185240958176,628.026175996164,4.0,4.0
-131.33900905824265,628.2986194122866,4.0,4.0
-131.5042301174868,628.4330142632048,4.0,4.0
-131.66980264556227,628.567165533194,4.0,4.0
-131.83545157972816,628.7009514357267,4.0,4.0
-132.167513511377,628.9673662339712,4.0,4.0
-132.33391122714892,629.1001778151325,4.0,4.0
-132.5004464738207,629.2328676035984,4.0,4.0
-132.6670886890473,629.3654356011014,4.0,4.0
-133.00060233755266,629.6302062238474,4.0,4.0
-133.1674279273053,629.7625306402689,4.0,4.0
-133.33426879816867,629.8948550573882,4.0,4.0
-133.66796582152034,630.1595038907374,4.0,4.0
-134.00167812845174,630.4241527388734,4.0,4.0
-134.16851900161834,630.5564162741564,4.0,4.0
-134.33534459383108,630.6887407049048,4.0,4.0
-134.6689652166646,630.9533286777005,4.0,4.0
-135.00257055879914,631.2179166547564,4.0,4.0
-135.336099493906,631.4825655271147,4.0,4.0
-135.66956730281277,631.7472143928912,4.0,4.0
-136.00295870404048,632.0118023610187,4.0,4.0
-136.33631954090194,632.2764512172319,4.0,4.0
-136.66966509117526,632.5411609442248,4.0,4.0
-136.83632258285252,632.6735462477625,4.0,4.0
-137.00299535484163,632.8059315440655,4.0,4.0
-137.33627977110527,633.0707630240138,4.0,4.0
-137.66957946573046,633.3355335990906,4.0,4.0
-137.83622167112435,633.467918879225,4.0,4.0
-138.00286387584887,633.600365052437,4.0,4.0
-138.3361788461153,633.865440080546,4.0,4.0
-138.66964662757923,634.130271519673,4.0,4.0
-138.8370070498009,634.2619260530353,4.0,4.0
-139.00519266014217,634.3924235810712,4.0,4.0
-139.34509385369364,634.6489124128966,4.0,4.0
-139.6887236774486,634.9008341320625,4.0,4.0
-140.03330094125866,635.1510507993709,4.0,4.0
-140.37899373197453,635.3996841772173,4.0,4.0
-140.725328333614,635.647160540277,4.0,4.0
-140.89867901022632,635.7707769367446,4.0,4.0
-141.07207553094557,635.8943324397399,4.0,4.0
-141.41899082215247,636.1411998658582,4.0,4.0
-141.76598251046786,636.388189044148,4.0,4.0
-142.11305060628064,636.6351173318404,4.0,4.0
-142.4600575793505,636.8819238460143,4.0,4.0
-142.80700342916307,637.1287303673389,4.0,4.0
-143.15396456099373,637.3756586858103,4.0,4.0
-143.50091041019107,637.6226478955431,4.0,4.0
-143.67439861564125,637.7462033928994,4.0,4.0
-143.8479021021502,637.8696979970816,4.0,4.0
-144.194847950896,638.1168089969179,4.0,4.0
-144.54248145717028,638.3627021046731,4.0,4.0
-144.7173296954025,638.4841871795068,4.0,4.0
-144.89323234074183,638.6040280883808,4.0,4.0
-145.24722285216143,638.8411523208615,4.0,4.0
-145.60190101806262,639.0769977506618,4.0,4.0
-145.77960684979467,639.1942201667632,4.0,4.0
-145.95749605574207,639.3113207904198,4.0,4.0
-146.313687059839,639.5449130795678,4.0,4.0
-146.67012256437852,639.7780791085183,4.0,4.0
-146.8484090834487,639.8945707854466,4.0,4.0
-147.02666503976758,640.0110015679263,4.0,4.0
-147.38317695227815,640.2439849224111,4.0,4.0
-147.7396735831422,640.476907386113,4.0,4.0
-148.09615493312236,640.7098298500503,4.0,4.0
-148.45263628130232,640.9426914158005,4.0,4.0
-148.80914819022996,641.1756747661707,4.0,4.0
-149.16564481559323,641.4087190009411,4.0,4.0
-149.52209559594,641.6419459200661,4.0,4.0
-149.8785463767067,641.875172842462,4.0,4.0
-150.23493603220084,642.108399768159,4.0,4.0
-150.59126456148414,642.3415657949454,4.0,4.0
-150.76958163847945,642.457935675099,4.0,4.0
-150.9483724342481,642.5736357114822,4.0,4.0
-151.3084907145738,642.8010167098937,4.0,4.0
-151.67296415200713,643.0217601488675,4.0,4.0
-151.85676719966327,643.129787408428,4.0,4.0
-152.0409217167679,643.2370839333123,4.0,4.0
-152.4098725641793,643.4501546104815,4.0,4.0
-152.77989309959898,643.661215754524,4.0,4.0
-152.96516314863862,643.7662591666865,4.0,4.0
-153.15052488506169,643.8711807887846,4.0,4.0
-153.52137060724303,644.0806586631786,4.0,4.0
-153.89236914141983,644.289953853633,4.0,4.0
-154.07791425325348,644.3945101098941,4.0,4.0
-154.26352049061995,644.4991272650152,4.0,4.0
-154.63480937174427,644.7083006809205,4.0,4.0
-155.0065261281052,644.917047834908,4.0,4.0
-155.37827345150455,645.1256732188954,4.0,4.0
-155.74997494245886,645.3341768650546,4.0,4.0
-156.12160003490865,645.5424978591473,4.0,4.0
-156.49317928853904,645.7508188770094,4.0,4.0
-156.86477382592275,645.9591399066553,4.0,4.0
-157.23635308229356,646.1674000452158,4.0,4.0
-157.60793233848054,646.3759037629711,4.0,4.0
-157.9794199127038,646.5842857167646,4.0,4.0
-158.3508769251541,646.7927285704834,4.0,4.0
-158.7223339369123,647.0011105280842,4.0,4.0
-159.0938062300691,647.2096142776309,4.0,4.0
-159.27968754869036,647.3136834676043,4.0,4.0
-159.46595089846673,647.4170219177797,4.0,4.0
-159.84072394261807,647.6194970634244,4.0,4.0
-160.21940898893433,647.8150910756107,4.0,4.0
-160.41030256155935,647.909843339271,4.0,4.0
-160.60225054036826,648.0025860665185,4.0,4.0
-160.9893708416407,648.1811294888607,4.0,4.0
-161.37985301810807,648.3524872966962,4.0,4.0
-161.57549905966027,648.4370091971543,4.0,4.0
-161.77142016491675,648.5207394690292,4.0,4.0
-162.16405699975712,648.6866776326383,4.0,4.0
-162.5573203647444,648.851215208992,4.0,4.0
-162.95087407303538,649.0152656253284,4.0,4.0
-163.34451947160358,649.1790115785304,4.0,4.0
-163.73818015521323,649.3426966553666,4.0,4.0
-164.13182555967504,649.5063817419694,4.0,4.0
-164.5254709658434,649.6700059425251,4.0,4.0
-164.91916221695865,649.8337519407975,4.0,4.0
-165.31286874989888,649.9975588350076,4.0,4.0
-165.70715597043872,650.1601478323863,4.0,4.0
-165.90494139312418,650.2397372714709,4.0,4.0
-166.10335334830646,650.3175607591986,4.0,4.0
-166.50246944916142,650.4674836186259,4.0,4.0
-166.90461124056011,650.6088811920094,4.0,4.0
-167.10687407430365,650.6761089644533,4.0,4.0
-167.3099773746814,650.7408400371619,4.0,4.0
-167.7186289694919,650.8628729687346,4.0,4.0
-168.129771402844,650.9770504273667,4.0,4.0
-168.33564060243486,651.0328908064739,4.0,4.0
-168.54164733250923,651.0878786537407,4.0,4.0
-168.95418035483678,651.1960883928426,4.0,4.0
-169.36703428449678,651.3028366589235,4.0,4.0
-169.57349945268686,651.3559367686823,4.0,4.0
-169.78001046462452,651.4090368780942,4.0,4.0
-170.1930477699302,651.5148717270987,4.0,4.0
-170.60619204597106,651.6207065870769,4.0,4.0
-171.01945857443863,651.7264196678025,4.0,4.0
-171.43280151077323,651.8322545464448,4.0,4.0
-171.84603748266784,651.938211235992,4.0,4.0
-172.25921234300344,652.0439243980663,4.0,4.0
-172.67229552582967,652.149820284325,4.0,4.0
-173.08536343250148,652.2557770868818,4.0,4.0
-173.49840077838945,652.361794793147,4.0,4.0
-173.91168263182274,652.466229259901,4.0,4.0
-174.11872851332728,652.5167109958875,4.0,4.0
-174.3262022706298,652.5653658843223,4.0,4.0
-174.74264734769181,652.6567079558836,4.0,4.0
-175.1610637035794,652.7392202514741,4.0,4.0
-175.37095189650833,652.7768531472035,4.0,4.0
-175.5812985264539,652.8118675592449,4.0,4.0
-176.0031990036369,652.8741627218787,4.0,4.0
-176.4263983858845,652.9283588543901,4.0,4.0
-176.63802863885934,652.9541781260917,4.0,4.0
-176.849750578764,652.9792666568287,4.0,4.0
-177.2734083943942,653.0275559719717,4.0,4.0
-177.6971884587582,653.0743229106865,4.0,4.0
-177.90913961717953,653.0974019098369,4.0,4.0
-178.12112133720805,653.1204200133324,4.0,4.0
-178.54508477548916,653.166395316174,4.0,4.0
-178.9690787740692,653.2122488243834,4.0,4.0
-179.18113689800796,653.2351451302864,4.0,4.0
-179.39316446063702,653.2580414412837,4.0,4.0
-179.81726542784602,653.3039558451707,4.0,4.0
-180.24133582974952,653.3499311388944,4.0,4.0
-180.6654215108355,653.3959064237268,4.0,4.0
-181.08943078325024,653.4419425996955,4.0,4.0
-181.51344005387165,653.4879178749385,4.0,4.0
-181.9377091047077,653.532553458724,4.0,4.0
-182.36251299671187,653.5718302838377,4.0,4.0
-182.7880045413585,653.605687449473,4.0,4.0
-183.21340440523278,653.638022268686,4.0,4.0
-183.63891124179673,653.6686520445323,4.0,4.0
-183.85165702024204,653.6835711214335,4.0,4.0
-184.0644027988928,653.6984293023936,4.0,4.0
-184.48994020572258,653.7276585283487,4.0,4.0
-184.91546233781037,653.7566442008131,4.0,4.0
-185.12823868683515,653.7711370415137,4.0,4.0
-185.3410150366467,653.7855689928875,4.0,4.0
-185.76655245732275,653.8145546947619,4.0,4.0
-186.19202876290547,653.8434795358663,4.0,4.0
-186.61765788844318,653.8710647168775,4.0,4.0
-187.0435773606354,653.8931693684337,4.0,4.0
-187.4699247121288,653.9100370724602,4.0,4.0
-187.89610397978186,653.9251997569977,4.0,4.0
-188.3221762837677,653.9388400865142,4.0,4.0
-188.74830971391958,653.9515670000949,4.0,4.0
-189.1743820190671,653.9637458576212,4.0,4.0
-189.60051545046568,653.9756811435586,4.0,4.0
-190.02663360101226,653.9875555334928,4.0,4.0
-190.4527517464719,653.9996734890967,4.0,4.0
-190.87897685556192,654.0100863703224,4.0,4.0
-191.09210468933205,654.0135572993515,4.0,4.0
-191.30523252159202,654.015079585176,4.0,4.0
-191.73177852717714,654.0147749317327,4.0,4.0
-192.15818699198192,654.0132523505908,4.0,4.0
-192.37137593899095,654.0114253839907,4.0,4.0
-192.5845801652447,654.0094766223568,4.0,4.0
-193.01098861332798,654.0049701328271,4.0,4.0
-193.43742761828898,654.0002200515228,4.0,4.0
-193.65067768087852,653.9975405255805,4.0,4.0
-193.86391246145263,653.9948609999683,4.0,4.0
-194.2905042715343,653.9891974695439,4.0,4.0
-194.71708079774822,653.9804282922175,4.0,4.0
-194.9303919814581,653.9740950634539,4.0,4.0
-195.14373372753454,653.9675791499095,4.0,4.0
-195.5702032827376,653.954060167802,4.0,4.0
-195.99648946191618,653.9392623910212,4.0,4.0
-196.42268395294545,653.9239165611057,4.0,4.0
-196.8488631622369,653.9082053622988,4.0,4.0
-197.27513405725406,653.8924332646219,4.0,4.0
-197.70155776314687,653.8750778927699,4.0,4.0
-198.12776752843408,653.8522419735457,4.0,4.0
-198.5535341416004,653.8214897369447,4.0,4.0
-198.97853670503878,653.781603310155,4.0,4.0
-199.40230149339087,653.7317910448837,4.0,4.0
-199.82464512671484,653.6714439745347,4.0,4.0
-200.2448646630135,653.5992223978478,4.0,4.0
-200.66289897341534,653.514760936112,4.0,4.0
-200.87150353378698,653.4703075386984,4.0,4.0
-201.0797260621363,653.4249407193977,4.0,4.0
-201.49546817916718,653.3317712776972,4.0,4.0
-201.9108588187877,653.2361660161248,4.0,4.0
-202.118439525169,653.1879371111745,4.0,4.0
-202.3260355108243,653.1395255142933,4.0,4.0
-202.74125804058713,653.0423978326205,4.0,4.0
-203.1565111290587,652.9448438753755,4.0,4.0
-203.57176421852333,652.8474117127813,4.0,4.0
-203.98703259124,652.749918664312,4.0,4.0
-204.40227040268152,652.6523038317597,4.0,4.0
-204.81752349623443,652.5549325836462,4.0,4.0
-205.23279187408406,652.4575004512069,4.0,4.0
-205.64806025648562,652.3601901250281,4.0,4.0
-206.0630688596471,652.261540118745,4.0,4.0
-206.47670214707216,652.1574704653909,4.0,4.0
-206.88847112264605,652.0456062760524,4.0,4.0
-207.29779509732126,651.9250341241002,4.0,4.0
-207.70423091227238,651.7954495299512,4.0,4.0
-208.10918444685726,651.6613587248296,4.0,4.0
-208.51286963656426,651.5244667544857,4.0,4.0
-208.91586716823227,651.3858088338412,4.0,4.0
-209.3185285111534,651.2462374869958,4.0,4.0
-209.72103703879682,651.1063007651251,4.0,4.0
-210.12359140567875,650.966303133408,4.0,4.0
-210.32492207306183,650.8961520788603,4.0,4.0
-210.52628330276784,650.8260010277306,4.0,4.0
-210.92903632457964,650.6859424987904,4.0,4.0
-211.331835190841,650.545823080085,4.0,4.0
-211.73451181470384,650.4057645812725,4.0,4.0
-212.1366535995254,650.2643664130064,4.0,4.0
-212.53810773028482,650.1211414081754,4.0,4.0
-212.73881187488982,650.0494680133497,4.0,4.0
-212.93943961251594,649.9776728305806,4.0,4.0
-213.34058811407502,649.8338388661307,4.0,4.0
-213.74164492400504,649.6896395246325,4.0,4.0
-213.94213512482347,649.6175398492041,4.0,4.0
-214.14262532516895,649.545440174124,4.0,4.0
-214.54366684931108,649.4011190290219,4.0,4.0
-214.94472364971745,649.2568587666535,4.0,4.0
-215.3458721411815,649.1125985161775,4.0,4.0
-215.7470664801077,648.9683991710037,4.0,4.0
-215.94770949433382,648.896299501202,4.0,4.0
-216.14836779029525,648.824199836279,4.0,4.0
-216.5492412281083,648.6787826118534,4.0,4.0
-216.9480058600715,648.5281284579964,4.0,4.0
-217.14631084895703,648.4500611179938,4.0,4.0
-217.34388233804333,648.3699842474143,4.0,4.0
-217.73754303598056,648.2058723527903,4.0,4.0
-218.13004235794295,648.0395682451913,4.0,4.0
-218.3258565025208,647.9556550031288,4.0,4.0
-218.52151783454164,647.8713155003318,4.0,4.0
-218.91244318632405,647.7018448585587,4.0,4.0
-219.30315460070048,647.5318261650459,4.0,4.0
-219.4984797449713,647.4468168181959,4.0,4.0
-219.69382016931337,647.3616856783124,4.0,4.0
-220.08450101541962,647.1914842871123,4.0,4.0
-220.47464701512575,647.0198214117057,4.0,4.0
-220.66899415327686,646.932437151788,4.0,4.0
-220.8628828527219,646.843774096658,4.0,4.0
-221.2505685643005,646.6661435127742,4.0,4.0
-221.63764302665138,646.4875995114598,4.0,4.0
-222.02428961733622,646.3082029927834,4.0,4.0
-222.41078339698169,646.1285020052171,4.0,4.0
-222.79720077076564,645.9485574429527,4.0,4.0
-223.18352645864593,645.7685519910019,4.0,4.0
-223.5693478651121,645.5874504321728,4.0,4.0
-223.76146394111478,645.4951945922064,4.0,4.0
-223.9527701085917,645.4012336915637,4.0,4.0
-224.3340988158772,645.2100235647779,4.0,4.0
-224.71457177430926,645.01777823152,4.0,4.0
-224.90441094317146,644.9210161770977,4.0,4.0
-225.09412786280916,644.8239496505018,4.0,4.0
-225.4732560788475,644.6293294441739,4.0,4.0
-225.8521550775467,644.4342829794364,4.0,4.0
-226.04156637403318,644.336790196163,4.0,4.0
-226.2309623898466,644.239236519898,4.0,4.0
-226.60973914204035,644.0441291727332,4.0,4.0
-226.98845477230466,643.8486564654957,4.0,4.0
-227.1774076342069,643.7499457958972,4.0,4.0
-227.36571868263945,643.6501390157857,4.0,4.0
-227.73986521295961,643.4455929688585,4.0,4.0
-228.11280453116782,643.2387938355312,4.0,4.0
-228.2987928343963,643.134846226495,4.0,4.0
-228.4845519204543,643.0305941467286,4.0,4.0
-228.85556581462026,642.8212983697015,4.0,4.0
-229.22619768050467,642.6115154416286,4.0,4.0
-229.59675313673927,642.4014280299145,4.0,4.0
-229.96660565061728,642.1900009187354,4.0,4.0
-230.33363112463562,641.97370220333,4.0,4.0
-230.69665290079743,641.7504614554509,4.0,4.0
-231.05492219826596,641.5195479396722,4.0,4.0
-231.23200151456024,641.4009855356799,4.0,4.0
-231.4076138275879,641.2802918087641,4.0,4.0
-231.75585860424837,641.0344590202637,4.0,4.0
-232.1019640023434,640.7861295388932,4.0,4.0
-232.2743672470059,640.6611122693016,4.0,4.0
-232.4465107101735,640.5356687372953,4.0,4.0
-232.79030863578078,640.2841118238952,4.0,4.0
-233.133785654819,640.0319459643401,4.0,4.0
-233.30542483610787,639.9057716925438,4.0,4.0
-233.47706401779155,639.7795974218918,4.0,4.0
-233.82032710549012,639.527188001616,4.0,4.0
-234.16354435486772,639.2747785968043,4.0,4.0
-234.50674632639777,639.0224909915555,4.0,4.0
-234.84994829975253,638.7702033921616,4.0,4.0
-235.19319612085783,638.517854907615,4.0,4.0
-235.5365661964192,638.2655064383302,4.0,4.0
-235.87914164791928,638.0121227603719,4.0,4.0
-236.21830937735336,637.7542937574788,4.0,4.0
-236.55264823239304,637.4900708070037,4.0,4.0
-236.8812718962127,637.2187840579589,4.0,4.0
-237.20335517722194,636.9400072390397,4.0,4.0
-237.51817985667,636.6531313996394,4.0,4.0
-237.82313283256872,636.3563905793014,4.0,4.0
-237.97090268728337,636.2034834905512,4.0,4.0
-238.1152800984895,636.0473489692963,4.0,4.0
-238.39558437660008,635.7266764216179,4.0,4.0
-238.66876758672942,635.3997317084229,4.0,4.0
-238.8036247685374,635.235254588761,4.0,4.0
-238.93758035545648,635.0699249401875,4.0,4.0
-239.20359665141405,634.7378650576788,4.0,4.0
-239.46820707284408,634.404526389665,4.0,4.0
-239.6002525012812,634.2376134736701,4.0,4.0
-239.73222152289915,634.0707005579534,4.0,4.0
-239.99603731439092,633.7365702451032,4.0,4.0
-240.25971557514163,633.4023790408462,4.0,4.0
-240.39163875242187,633.2352225432534,4.0,4.0
-240.52353136704986,633.0681269407282,4.0,4.0
-240.78627746895836,632.7329614143538,4.0,4.0
-241.04457671981586,632.3943857696503,4.0,4.0
-241.17139595282896,632.2233319964523,4.0,4.0
-241.29650368406342,632.0509994329159,4.0,4.0
-241.54101923359414,631.7023152431927,4.0,4.0
-241.77720649265194,631.3478460395854,4.0,4.0
-242.00448477031136,630.987713606565,4.0,4.0
-242.22131065644425,630.6214916743435,4.0,4.0
-242.42374158249274,630.2476578643457,4.0,4.0
-242.5187910536549,630.0575439770544,4.0,4.0
-242.60954648826032,629.8652987688739,4.0,4.0
-242.77765568688346,629.4750233401517,4.0,4.0
-242.9267397155567,629.0772578631859,4.0,4.0
-242.99425234250558,628.8756957378146,4.0,4.0
-243.05820443074754,628.6729157080897,4.0,4.0
-243.17953765510208,628.265102517506,4.0,4.0
-243.29521680405958,627.8558887302363,4.0,4.0
-243.4071978797049,627.4456397109691,4.0,4.0
-243.51729935708062,627.0346599493544,4.0,4.0
-243.57200626831587,626.8290787282215,4.0,4.0
-243.62659093147144,626.6234366173117,4.0,4.0
-243.73551576167418,626.2120915162047,4.0,4.0
-243.84434890814842,625.8007464213313,4.0,4.0
-243.89870435896628,625.5951652224778,4.0,4.0
-243.9530750912385,625.3894622364561,4.0,4.0
-244.06187768021738,624.9781780511815,4.0,4.0
-244.17074139500022,624.5670156582496,4.0,4.0
-244.22517325254907,624.3614344617108,4.0,4.0
-244.27963567289893,624.1559141623093,4.0,4.0
-244.33411337522836,623.9503329693431,4.0,4.0
-244.38860635944917,623.7446908831822,4.0,4.0
-244.4975770498537,623.3335285072318,4.0,4.0
-244.5521006011103,623.127947328632,4.0,4.0
-244.60663943560365,622.9223661556268,4.0,4.0
-244.66091849005053,622.7167849831458,4.0,4.0
-244.71435707743277,622.5110211343471,4.0,4.0
-244.81668044016064,622.0983973440595,4.0,4.0
-244.8649234011467,621.8913547150711,4.0,4.0
-244.91116451635028,621.6838249248852,4.0,4.0
-244.99684658646407,621.2673647796582,4.0,4.0
-245.0359360720553,621.0584344196154,4.0,4.0
-245.07251942899543,620.8490777919026,4.0,4.0
-245.14036826885604,620.4295729230068,4.0,4.0
-245.20502332318267,620.0098244734298,4.0,4.0
-245.23628880203944,619.7997980111732,4.0,4.0
-245.26706528239686,619.58983244966,4.0,4.0
-245.32782361128307,619.1695359409853,4.0,4.0
-245.38790956239342,618.7490567424309,4.0,4.0
-245.41787613052352,618.5388475871005,4.0,4.0
-245.44779685219976,618.3286993215133,4.0,4.0
-245.50756188875468,617.9082201024316,4.0,4.0
-245.56744917596797,617.487801781285,4.0,4.0
-245.62730590291534,617.0675052538033,4.0,4.0
-245.68720846754377,616.6470869231102,4.0,4.0
-245.74721800516667,616.2265468111664,4.0,4.0
-245.7773220982268,616.0163376420525,4.0,4.0
-245.80739562782716,615.8061284688904,4.0,4.0
-245.8675732462493,615.3855883262331,4.0,4.0
-245.92779671689908,614.9651090977759,4.0,4.0
-245.9881118788744,614.5445080905981,4.0,4.0
-246.04854928699527,614.1239070723677,4.0,4.0
-246.10900198044135,613.7033060649128,4.0,4.0
-246.16953108450073,613.2828268593728,4.0,4.0
-246.2301977218728,612.8623476566495,4.0,4.0
-246.26050048100532,612.6521385122871,4.0,4.0
-246.29089492633088,612.4419902570589,4.0,4.0
-246.35033906576706,612.0212674844786,4.0,4.0
-246.40778135633477,611.600301125314,4.0,4.0
-246.43647958024107,611.3897266044066,4.0,4.0
-246.46496386831467,611.1791520887405,4.0,4.0
-246.52174907047882,610.7578203761641,4.0,4.0
-246.57830505812566,610.3365495689435,4.0,4.0
-246.60656013287033,610.1259141718407,4.0,4.0
-246.63479993061722,609.9153396816066,4.0,4.0
-246.69129481468397,609.4943734030978,4.0,4.0
-246.74768273882012,609.0734071460165,4.0,4.0
-246.7758919819364,608.8628935686056,4.0,4.0
-246.8041470689556,608.6524408881193,4.0,4.0
-246.8607183625331,608.2314746163249,4.0,4.0
-246.91732021056134,607.8105083241871,4.0,4.0
-246.97398318189857,607.3896029241461,4.0,4.0
-247.03081423855153,606.9686975021447,4.0,4.0
-247.08755360921734,606.5477311883238,4.0,4.0
-247.14439994580698,606.1265821831071,4.0,4.0
-247.2013685235727,605.705372262061,4.0,4.0
-247.2583982269259,605.2842232351378,4.0,4.0
-247.31555018901142,604.8630742307851,4.0,4.0
-247.3727021591624,604.4421688253607,4.0,4.0
-247.40129342539407,604.2317161234038,4.0,4.0
-247.42993053520374,604.0212634194842,4.0,4.0
-247.48720475635363,603.6002971203915,4.0,4.0
-247.54464706370663,603.1793916970678,4.0,4.0
-247.57319248013212,602.968878085168,4.0,4.0
-247.60086686452416,602.758364473093,4.0,4.0
-247.65497785208908,602.3368500937586,4.0,4.0
-247.70879849601386,601.9154575062657,4.0,4.0
-247.73552544315618,601.7046394224122,4.0,4.0
-247.76223710811894,601.4938822319441,4.0,4.0
-247.81550762276086,601.0723678451469,4.0,4.0
-247.8686864484178,600.6509143497233,4.0,4.0
-247.8952453078964,600.4402789670346,4.0,4.0
-247.9217124821998,600.2296435886137,4.0,4.0
-247.97483019667908,599.8083728109166,4.0,4.0
-248.02816183663867,599.3871020040737,4.0,4.0
-248.08149346835614,598.9655875989511,4.0,4.0
-248.13491678884634,598.5440123002903,4.0,4.0
-248.18841651009672,598.12249788246,4.0,4.0
-248.2420079260689,597.7009834826624,4.0,4.0
-248.29567576087774,597.2795300092996,4.0,4.0
-248.34949640970194,596.8580765365267,4.0,4.0
-248.40331705272786,596.436623053004,4.0,4.0
-248.457214110686,596.0151695874156,4.0,4.0
-248.48392578268468,595.8045342040505,4.0,4.0
-248.5098275463228,595.5937770275957,4.0,4.0
-248.55692443572678,595.1717754984045,4.0,4.0
-248.59858119472662,594.7489214436441,4.0,4.0
-248.61901225935557,594.5374335165936,4.0,4.0
-248.63893904044275,594.3260064801073,4.0,4.0
-248.6776312198014,593.9029697071257,4.0,4.0
-248.715314840823,593.4798111569212,4.0,4.0
-248.73395799399373,593.2680187489934,4.0,4.0
-248.75258586517444,593.0562872321254,4.0,4.0
-248.7897040803,592.6328242087079,4.0,4.0
-248.8267764655723,592.2095439069524,4.0,4.0
-248.84531266425498,591.9979951117863,4.0,4.0
-248.86387942713867,591.7863245311951,4.0,4.0
-248.90099767483755,591.3632878504297,4.0,4.0
-248.93820760396846,590.9401902605813,4.0,4.0
-248.97543281037025,590.5171535559764,4.0,4.0
-249.0127497027779,590.0939950608572,4.0,4.0
-249.05017356011723,589.6707756556139,4.0,4.0
-249.0876126860875,589.2474953290657,4.0,4.0
-249.1250212516312,588.8242150075791,4.0,4.0
-249.16264376456988,588.4009347069184,4.0,4.0
-249.20040380779687,587.9775935117909,4.0,4.0
-249.23675797115666,587.5541914129838,4.0,4.0
-249.27100332998518,587.1307893376111,4.0,4.0
-249.3051722887057,586.7074481716719,4.0,4.0
-249.33883696296235,586.2839243154896,4.0,4.0
-249.3554782853192,586.0721928383116,4.0,4.0
-249.37215016880737,585.8604004618653,4.0,4.0
-249.4055092108412,585.4368156946709,4.0,4.0
-249.43888353931806,585.0132918345021,4.0,4.0
-249.45557070709478,584.8015603606514,4.0,4.0
-249.47218147190813,584.5898897885382,4.0,4.0
-249.5056780594086,584.1663050521399,4.0,4.0
-249.5391746461618,583.7428421076063,4.0,4.0
-249.5728393297737,583.319500956696,4.0,4.0
-249.60651930075525,582.8961598199409,4.0,4.0
-249.64026040395527,582.472818701907,4.0,4.0
-249.67410847137398,582.0493557831126,4.0,4.0
-249.7080940620611,581.6257101586143,4.0,4.0
-249.74220190917669,581.2021863402448,4.0,4.0
-249.77635560434007,580.7787843198181,4.0,4.0
-249.81052459034697,580.3554432162696,4.0,4.0
-249.84463245911112,579.932041235896,4.0,4.0
-249.87910707227348,579.5086392420545,4.0,4.0
-249.91364280128866,579.0852372275383,4.0,4.0
-249.93092594535543,578.873566661453,4.0,4.0
-249.94805628012355,578.6618961061245,4.0,4.0
-249.9826531454808,578.2385550107813,4.0,4.0
-250.0175861907253,577.8151530026523,4.0,4.0
-250.03503742912946,577.603421544305,4.0,4.0
-250.05245810443174,577.3916900833975,4.0,4.0
-250.08726889447962,576.9683489574132,4.0,4.0
-250.12223250380185,576.5450078486626,4.0,4.0
-250.13977543472552,576.3333372956288,4.0,4.0
-250.15730308379588,576.1216667409741,4.0,4.0
-250.1924347827021,575.6983256206082,4.0,4.0
-250.2276123248592,575.2748627078645,4.0,4.0
-250.24524694076027,575.0631312537068,4.0,4.0
-250.29833417004764,574.4281195909546,4.0,4.0
-250.33390903511128,574.0047784909647,4.0,4.0
-250.3695297471163,573.5814373999295,4.0,4.0
-250.40522686885583,573.1582181028084,4.0,4.0
-250.44098512092924,572.7349379242685,4.0,4.0
-250.47688090612493,572.3117186439898,4.0,4.0
-250.5128530964478,571.8883775708387,4.0,4.0
-250.54888641157766,571.4650973921417,4.0,4.0
-250.5850419801213,571.0418172213466,4.0,4.0
-250.62128923777814,570.6185979471056,4.0,4.0
-250.63939758626972,570.4069883126465,4.0,4.0
-250.657536497138,570.1954395709669,4.0,4.0
-250.693921288368,569.7722811976596,4.0,4.0
-250.73035191903432,569.3490619180475,4.0,4.0
-250.7486283572318,569.1375131691092,4.0,4.0
-250.76688951263023,568.9259035204873,4.0,4.0
-250.8035493543558,568.5025624322636,4.0,4.0
-250.84020919697076,568.0792213450751,4.0,4.0
-250.8586384449214,567.8676116940954,4.0,4.0
-250.87703712970338,567.6559411471421,4.0,4.0
-250.91391090948073,567.2327827426096,4.0,4.0
-250.9508610998518,566.8096243488762,4.0,4.0
-250.9693361948317,566.5980147057044,4.0,4.0
-250.98791825731635,566.3864050556647,4.0,4.0
-251.02506709819644,565.963124858644,4.0,4.0
-251.06227706046266,565.5399055470941,4.0,4.0
-251.09950230258494,565.1166253390685,4.0,4.0
-251.1368956456778,564.6935278291622,4.0,4.0
-251.17431955436032,564.2703694316021,4.0,4.0
-251.2118809903181,563.8471501281606,4.0,4.0
-251.2494577092202,563.4240526225051,4.0,4.0
-251.2872330855637,563.0009551133505,4.0,4.0
-251.32494734094058,562.5779794072084,4.0,4.0
-251.36287553630893,562.1550645991387,4.0,4.0
-251.40080372684102,561.7320279900187,4.0,4.0
-251.43877775350145,561.3088086800824,4.0,4.0
-251.47684346528555,560.8857111518333,4.0,4.0
-251.4958839599663,560.6741623841783,4.0,4.0
-251.51497029763306,560.462613615303,4.0,4.0
-251.553204108851,560.0395161004466,4.0,4.0
-251.59143793082765,559.6164186075797,4.0,4.0
-251.610646527121,559.4048698575515,4.0,4.0
-251.62985512079194,559.1933211001401,4.0,4.0
-251.66825702809533,558.7700409038245,4.0,4.0
-251.70820235296554,558.3471869933459,4.0,4.0
-251.7503023417657,557.9246984629922,4.0,4.0
-251.79273852408156,557.5021490492763,4.0,4.0
-251.83577067276667,557.0795996299951,4.0,4.0
-251.8792612497942,556.6571719779549,4.0,4.0
-251.92295047543223,556.2346834138289,4.0,4.0
-251.9668077917869,555.8122557373667,4.0,4.0
-252.0107415080041,555.3898280448955,4.0,4.0
-252.05473634531458,554.9672785549058,4.0,4.0
-252.098838150561,554.5446072716795,4.0,4.0
-252.1431233292036,554.1219359855409,4.0,4.0
-252.18742380003278,553.6992647213408,4.0,4.0
-252.20958167879922,553.4880204385674,4.0,4.0
-252.23172427873666,553.2767761622795,4.0,4.0
-252.27620814002267,552.8543485099042,4.0,4.0
-252.32075312781083,552.4319208634435,4.0,4.0
-252.34332360437668,552.2207983790598,4.0,4.0
-252.36681095549505,552.0097976778763,4.0,4.0
-252.41496231272163,551.5879789583856,4.0,4.0
-252.46357210854822,551.1659166591121,4.0,4.0
-252.48808330283697,550.9549159551452,4.0,4.0
-252.51274730862895,550.7439152497177,4.0,4.0
-252.5623809422511,550.3219747239956,4.0,4.0
-252.6121979539784,549.8999733092426,4.0,4.0
-252.63715230842232,549.6889726131324,4.0,4.0
-252.662167790574,549.4779719205378,4.0,4.0
-252.7121834768527,549.0559096520777,4.0,4.0
-252.7623366937931,548.6339691694628,4.0,4.0
-252.7874285823176,548.4230293728932,4.0,4.0
-252.81256631961344,548.2122113752689,4.0,4.0
-252.86424768255273,547.790818990002,4.0,4.0
-252.92141501666617,547.3705227000252,4.0,4.0
-252.98677308815306,546.9515660507402,4.0,4.0
-253.0587326561922,546.5332792211385,4.0,4.0
-253.13327475626377,546.1151750689351,4.0,4.0
-253.2101854572643,545.6973145071806,4.0,4.0
-253.28844091224556,545.2795757396028,4.0,4.0
-253.32785134313198,545.0708281441532,4.0,4.0
-253.36738402317314,544.8620805491296,4.0,4.0
-253.44667860938773,544.4447680543977,4.0,4.0
-253.52620242162584,544.0273337870756,4.0,4.0
-253.56599488996196,543.8186470998903,4.0,4.0
-253.60581792047876,543.6099604111314,4.0,4.0
-253.68563207695763,543.1924043514695,4.0,4.0
-253.76544624302488,542.7749092083454,4.0,4.0
-253.80543737640247,542.56616164283,4.0,4.0
-253.8454590744354,542.3573531897521,4.0,4.0
-253.92548719478467,541.9397362905944,4.0,4.0
-254.00554589139497,541.5222412122203,4.0,4.0
-254.08574213183573,541.1048679476901,4.0,4.0
-254.16735954282632,540.6879209750944,4.0,4.0
-254.25449349528168,540.2726181693272,4.0,4.0
-254.3494973000708,539.8593857899524,4.0,4.0
-254.4534712087201,539.4482847290424,4.0,4.0
-254.56736265421782,539.0399239242109,4.0,4.0
-254.68916977985353,538.6333899315043,4.0,4.0
-254.814308214105,538.2274648675386,4.0,4.0
-254.9420444634652,537.8223314358046,4.0,4.0
-255.07141580212286,537.4175024666586,4.0,4.0
-255.20153591693403,537.0128561653491,4.0,4.0
-255.33205334385076,536.6082098644279,4.0,4.0
-255.46276942884896,536.2036853565702,4.0,4.0
-255.5935772019056,535.7992217429013,4.0,4.0
-255.72449194979114,535.3947581421777,4.0,4.0
-255.8568736989685,534.9908425937504,4.0,4.0
-255.99443579349165,534.5892410415557,4.0,4.0
-256.0660285914151,534.3894450229125,4.0,4.0
-256.1396843614436,534.1903797475001,4.0,4.0
-256.2936890964219,533.7948067776662,4.0,4.0
-256.45716821332144,533.4031310712342,4.0,4.0
-256.54262111732197,533.2088155858252,4.0,4.0
-256.63051902467015,533.0156571034122,4.0,4.0
-256.8116632830432,532.631471458305,4.0,4.0
-256.99607773449566,532.2485646083429,4.0,4.0
-257.0893852121888,532.0575374508194,4.0,4.0
-257.1831511276471,531.8666929737308,4.0,4.0
-257.3715081466652,531.4854302878364,4.0,4.0
-257.5606292290354,531.1045329691657,4.0,4.0
-257.65534258299505,530.9141147561584,4.0,4.0
-257.7501476249457,530.7236965462595,4.0,4.0
-257.9398188392356,530.342981923361,4.0,4.0
-258.12952062257625,529.9623282093968,4.0,4.0
-258.2244479223156,529.7720926966455,4.0,4.0
-258.3193752227194,529.5817962930026,4.0,4.0
-258.51051345535586,529.202177811847,4.0,4.0
-258.7064194425611,528.8254822820014,4.0,4.0
-258.9094770568418,528.4526231153236,4.0,4.0
-259.12060317435964,528.0843310529941,4.0,4.0
-259.3405007400937,527.7212150553115,4.0,4.0
-259.5674888117694,527.3619963253851,4.0,4.0
-259.7975331371309,527.0044217574782,4.0,4.0
-259.9135180198052,526.8262434234357,4.0,4.0
-260.02990021689476,526.648308669741,4.0,4.0
-260.26364261739485,526.2929263325225,4.0,4.0
-260.49799627362376,525.93790937506,4.0,4.0
-260.61535647829555,525.7605835834968,4.0,4.0
-260.7327166817565,525.583196894547,4.0,4.0
-260.85010744682006,525.4058102019995,4.0,4.0
-260.9675899017034,525.2284844094877,4.0,4.0
-261.2024631283174,524.8738937300175,4.0,4.0
-261.31994558695266,524.696689733451,4.0,4.0
-261.43745860876385,524.5195466342018,4.0,4.0
-261.67251521178974,524.1653213243146,4.0,4.0
-261.9076329302507,523.8110350981283,4.0,4.0
-262.02542100604467,523.6340746661447,4.0,4.0
-262.1439425809113,523.457540493303,4.0,4.0
-262.3847449158851,523.1076386682801,4.0,4.0
-262.63022331473945,522.7605988938446,4.0,4.0
-262.7534820774353,522.5872921397884,4.0,4.0
-262.87716871577635,522.4142289645497,4.0,4.0
-263.12564224355503,522.0690160369938,4.0,4.0
-263.37503264878694,521.7243511645469,4.0,4.0
-263.6248815002447,521.380112572516,4.0,4.0
-263.8749442913441,521.0359348806762,4.0,4.0
-264.00003681258585,520.8639069298077,4.0,4.0
-264.12515989672727,520.6918180850482,4.0,4.0
-264.37555887960684,520.3477621867816,4.0,4.0
-264.6258967453685,520.0038889911543,4.0,4.0
-264.7512948995044,519.8321046340035,4.0,4.0
-264.8773654299568,519.6609292246549,4.0,4.0
-265.13308230568924,519.3218058347032,4.0,4.0
-265.3952173083712,518.9879193943391,4.0,4.0
-265.5289590268912,518.8228943528752,4.0,4.0
-265.66453449390195,518.6595743607813,4.0,4.0
-265.9416756738545,518.3378059455349,4.0,4.0
-266.2251127230091,518.0211526749241,4.0,4.0
-266.51139208234406,517.7064480290079,4.0,4.0
-266.7997802503784,517.3934484271807,4.0,4.0
-267.0892686651493,517.0814840309744,4.0,4.0
-267.3793988908149,516.7699458922923,4.0,4.0
-267.6698347490362,516.4585904528507,4.0,4.0
-267.96039286455596,516.1473568157811,4.0,4.0
-268.25110379522494,515.8362449737267,4.0,4.0
-268.5418758559341,515.5251331406291,4.0,4.0
-268.83359537051064,515.2151174457117,4.0,4.0
-269.1290435208811,514.9094252999259,4.0,4.0
-269.43017629938066,514.609639949962,4.0,4.0
-269.58314184568167,514.4620308300085,4.0,4.0
-269.7377577672709,514.3163094448163,4.0,4.0
-270.05227692570463,514.0305907930224,4.0,4.0
-270.37394771078533,513.7529102533496,4.0,4.0
-270.5371822591861,513.616688455013,4.0,4.0
-270.701303119454,513.4812582895976,4.0,4.0
-271.031134091298,513.2122856970823,4.0,4.0
-271.36285994086353,512.9452617429628,4.0,4.0
-271.6955943531108,512.6794556832942,4.0,4.0
-272.0288177653069,512.4143194669791,4.0,4.0
-272.36228567811753,512.1493659335902,4.0,4.0
-272.6959064031322,511.8845950863488,4.0,4.0
-273.02964937786254,511.61994602605705,4.0,4.0
-273.36342291470544,511.3552969663583,4.0,4.0
-273.69725757885556,511.0907088031928,4.0,4.0
-274.03106168507526,510.82630333475475,4.0,4.0
-274.36489635653277,510.5619283196338,4.0,4.0
-274.6987004667682,510.2975228564768,4.0,4.0
-275.0325351417542,510.03317829380364,4.0,4.0
-275.1994983243028,509.9010669082272,4.0,4.0
-275.3665226323381,509.76895552536905,4.0,4.0
-275.7012741865323,509.50598110314314,4.0,4.0
-276.0391125532657,509.247726025675,4.0,4.0
-276.20977380032963,509.1210951766679,4.0,4.0
-276.38174923533,508.99613893547803,4.0,4.0
-276.72976491819054,508.7519810111896,4.0,4.0
-277.08349578693765,508.5161961171631,4.0,4.0
-277.2625922827371,508.401652881381,4.0,4.0
-277.44315577933537,508.2894845459665,4.0,4.0
-277.80746127618517,508.06962364780986,4.0,4.0
-278.1738450255226,507.85256391370774,4.0,4.0
-278.54181802722604,507.63775729411833,4.0,4.0
-278.91061621995823,507.42438170745277,4.0,4.0
-279.27975060658827,507.2115846320417,4.0,4.0
-279.64906837038234,506.99915293181834,4.0,4.0
-280.01847782263155,506.78693436175854,4.0,4.0
-280.38797896144365,506.57489847729374,4.0,4.0
-280.7574800972193,506.36280168982034,4.0,4.0
-281.1271646069109,506.1507049031493,4.0,4.0
-281.4968796784606,505.93857766435235,4.0,4.0
-281.8672059985696,505.7279423481982,4.0,4.0
-282.2399161970806,505.5225135430589,4.0,4.0
-282.61623276938604,505.32430077650275,4.0,4.0
-282.9967975255577,505.1342783555156,4.0,4.0
-283.38179383896335,504.95332925452533,4.0,4.0
-283.5758353993777,504.8659451109188,4.0,4.0
-283.7704882086402,504.7795657297045,4.0,4.0
-284.16089407582507,504.608694705904,4.0,4.0
-284.5525224419991,504.4403508164845,4.0,4.0
-284.74858112541904,504.3567725958236,4.0,4.0
-284.944731497419,504.27346840568094,4.0,4.0
-285.3372767448123,504.10722539864173,4.0,4.0
-285.72991368255646,503.9412868692001,4.0,4.0
-285.9262779958084,503.85834805407876,4.0,4.0
-286.1227034333382,503.7755310268328,4.0,4.0
-286.5155237483457,503.6098969775205,4.0,4.0
-286.9084051915889,503.44432382868524,4.0,4.0
-287.30134776180944,503.27908560580244,4.0,4.0
-287.69532946039556,503.11728794601777,4.0,4.0
-288.09163390917945,502.9623714070709,4.0,4.0
-288.49096404108644,502.815432082383,4.0,4.0
-288.89356435430193,502.677626976644,4.0,4.0
-289.29940429035395,502.54986951572033,4.0,4.0
-289.7080559742025,502.4298761428872,4.0,4.0
-290.11799128314885,502.3130797508102,4.0,4.0
-290.5288129058974,502.1988713906412,4.0,4.0
-290.94006241174077,502.0861245240907,4.0,4.0
-291.3514647380123,501.97429109236293,4.0,4.0
-291.5572117468142,501.91842005141655,4.0,4.0
-291.76298931916443,501.86267080261035,4.0,4.0
-292.17454446115573,501.75123319351235,4.0,4.0
-292.58619129296744,501.6400087195716,4.0,4.0
-292.79199942915363,501.5844421579368,4.0,4.0
-292.9978381284719,501.52890604510674,4.0,4.0
-293.4097294650952,501.41923440040705,4.0,4.0
-293.8225682358419,501.31510418107945,4.0,4.0
-294.02965999540186,501.2659620247854,4.0,4.0
-294.237271316282,501.2189207402589,4.0,4.0
-294.653747017215,501.1290703552012,4.0,4.0
-295.07107846758953,501.04171665675597,4.0,4.0
-295.4889294879233,500.9566160820656,4.0,4.0
-295.9069944528601,500.8728247597311,4.0,4.0
-296.32518167192774,500.7897337361476,4.0,4.0
-296.7433994581329,500.70691674742704,4.0,4.0
-297.1617089291832,500.6243737792021,4.0,4.0
-297.5800489606786,500.54189170268387,4.0,4.0
-297.9984501168767,500.4593791812099,4.0,4.0
-298.41697352571896,500.3783585868027,4.0,4.0
-298.62638804159633,500.33975125247116,4.0,4.0
-298.83604705571133,500.30306210424396,4.0,4.0
-299.2563430773203,500.23577328375916,4.0,4.0
-299.67801440348364,500.17758823413817,4.0,4.0
-299.8893543446244,500.1522255150435,4.0,4.0
-300.1009387832776,500.1294812700886,4.0,4.0
-300.5249022772988,500.0921831315931,4.0,4.0
-300.9492019452698,500.0689516891589,4.0,4.0
-301.1615198679059,500.0633188818231,4.0,4.0
-301.37429622429227,500.0604872335731,4.0,4.0
-301.8005213066598,500.05960417383574,4.0,4.0
-302.22696032353946,500.0632273312103,4.0,4.0
-302.4402256749677,500.06621113493077,4.0,4.0
-302.65349102832613,500.06992568263985,4.0,4.0
-303.08005230327046,500.07826820714155,4.0,4.0
-303.5066135836459,500.0874023758254,4.0,4.0
-303.93323599254285,500.0969019197644,4.0,4.0
-304.35985840662784,500.1065841580975,4.0,4.0
-304.78648082623465,500.1164490928033,4.0,4.0
-305.2130115612066,500.1264358189341,4.0,4.0
-305.639511732576,500.1363312022345,4.0,4.0
-306.06576740282696,500.1478707471662,4.0,4.0
-306.49132012892017,500.1650126125245,4.0,4.0
-306.91623102818176,500.19007079100254,4.0,4.0
-307.340561218563,500.2243240649426,4.0,4.0
-307.76461632887464,500.266097829433,4.0,4.0
-308.18870199295475,500.3110076700922,4.0,4.0
-308.40068369759643,500.334452127037,4.0,4.0
-308.61260427902926,500.3584750899611,4.0,4.0
-309.03626207343143,500.4074648985601,4.0,4.0
-309.45985874901623,500.45718545372125,4.0,4.0
-309.67162652551326,500.48218274591443,4.0,4.0
-309.88339430111336,500.50718004005523,4.0,4.0
-310.30680760609357,500.5574182118426,4.0,4.0
-310.7302820419863,500.6078086314503,4.0,4.0
-311.15372591880674,500.65829039901064,4.0,4.0
-311.5771697957547,500.70880261521444,4.0,4.0
-312.00046086781924,500.7593757383896,4.0,4.0
-312.42375194622446,500.81000976801033,4.0,4.0
-312.8470430280947,500.86076559130737,4.0,4.0
-313.2703341126544,500.9115823170803,4.0,4.0
-313.69331957715673,500.9637082913322,4.0,4.0
-314.11502141351696,501.02146703863207,4.0,4.0
-314.5354090532748,501.08723345380156,4.0,4.0
-314.95451306316556,501.16146425415286,4.0,4.0
-315.37337257212454,501.24007948568305,4.0,4.0
-315.79186533249015,501.3214958847907,4.0,4.0
-316.2100830404068,501.4048000424698,4.0,4.0
-316.62808683196016,501.48913944904723,4.0,4.0
-316.83707345255414,501.53155274065546,4.0,4.0
-317.0459989509503,501.57402693211895,4.0,4.0
-317.46388051923435,501.659158013915,4.0,4.0
-317.8816092881693,501.74438045968554,4.0,4.0
-318.0903819869731,501.7870678054418,4.0,4.0
-318.29915468661244,501.82966380860114,4.0,4.0
-318.716333335465,501.9163781880141,4.0,4.0
-319.1318310354981,502.00854264546246,4.0,4.0
-319.54543383304997,502.1085929530638,4.0,4.0
-319.95686666714045,502.217351189407,4.0,4.0
-320.3666796673962,502.33356902129685,4.0,4.0
-320.7758814060616,502.45283158401116,4.0,4.0
-321.18453301202925,502.57462127172414,4.0,4.0
-321.592726175045,502.6978115349427,4.0,4.0
-322.00076652177336,502.8217934251705,4.0,4.0
-322.408776300421,502.946049334898,4.0,4.0
-322.8166943876663,503.0705488183438,4.0,4.0
-323.2247041601315,503.19513964223034,4.0,4.0
-323.632133242501,503.3211310441498,4.0,4.0
-324.037300695471,503.4523289585219,4.0,4.0
-324.439686949202,503.59110827166245,4.0,4.0
-324.83898637567614,503.73853464489395,4.0,4.0
-325.0372454908247,503.81574928166367,4.0,4.0
-325.23458772714224,503.89543015992024,4.0,4.0
-325.6274995649721,504.0598766247893,4.0,4.0
-326.01943339762937,504.22748962001026,4.0,4.0
-326.21494187564485,504.3123770000379,4.0,4.0
-326.41029754519604,504.39769065279756,4.0,4.0
-326.80058102179845,504.56932274413816,4.0,4.0
-327.19062001045074,504.7416551443972,4.0,4.0
-327.5804756320538,504.9142920322229,4.0,4.0
-327.9701784491349,505.0869898296812,4.0,4.0
-328.35905609303796,505.26108823095547,4.0,4.0
-328.7449691766947,505.44008868245,4.0,4.0
-329.127214749348,505.62633561431505,4.0,4.0
-329.50551773252613,505.82065108523466,4.0,4.0
-329.87886957426247,506.0240094315524,4.0,4.0
-330.2486455885042,506.2345838039731,4.0,4.0
-330.6171074053203,506.44826380576967,4.0,4.0
-330.9842550267682,506.66428825027697,4.0,4.0
-331.3505774686188,506.88171329107155,4.0,4.0
-331.5335553165668,506.990715065665,4.0,4.0
-331.7164414778983,507.09980818501094,4.0,4.0
-332.0823360450454,507.3181770987427,4.0,4.0
-332.4480777994224,507.53678959116337,4.0,4.0
-332.63093339657934,507.6461567351836,4.0,4.0
-332.813758432027,507.7555543275437,4.0,4.0
-333.1793779413836,507.9744104095058,4.0,4.0
-333.54414169735185,508.19433214985264,4.0,4.0
-333.7254386049832,508.3057697195686,4.0,4.0
-333.9054824471477,508.4187905546253,4.0,4.0
-334.26239162028287,508.6500996211456,4.0,4.0
-334.61422739936194,508.88892918574015,4.0,4.0
-334.96016459241844,509.1359795376867,4.0,4.0
-335.3016090877469,509.38975876562586,4.0,4.0
-335.64134208126023,509.64661318618255,4.0,4.0
-335.9795163819765,509.9055989232671,4.0,4.0
-336.31680437260366,510.16580256389915,4.0,4.0
-336.6535728130996,510.4266456199314,4.0,4.0
-336.9900661989749,510.68776271484955,4.0,4.0
-337.3265901506528,510.94894071152595,4.0,4.0
-337.6627779195341,511.2103014029128,4.0,4.0
-337.9989656936669,511.47172299581644,4.0,4.0
-338.3351840330091,511.7332663823079,4.0,4.0
-338.6714023701635,511.9947488707056,4.0,4.0
-339.0074984692393,512.256292273845,4.0,4.0
-339.3436251407831,512.5178965857856,4.0,4.0
-339.5116579163793,512.6486987445126,4.0,4.0
-339.6797212518777,512.7795009012814,4.0,4.0
-340.0147171054643,513.0422013167486,4.0,4.0
-340.3457398326215,513.3089816935462,4.0,4.0
-340.5092799105204,513.4445945425729,4.0,4.0
-340.6715057967982,513.5818515502046,4.0,4.0
-340.99122036660236,513.8616634031874,4.0,4.0
-341.3062282934153,514.1472602545655,4.0,4.0
-341.61937190342223,514.4354755805995,4.0,4.0
-341.93086513526794,514.7255786472904,4.0,4.0
-342.24138036666966,515.0167778246096,4.0,4.0
-342.5514066049892,515.3084641702569,4.0,4.0
-342.86109666293504,515.6005767946796,4.0,4.0
-343.17075616260405,515.8926894223841,4.0,4.0
-343.4800489085808,516.1850456270588,4.0,4.0
-343.7867132728839,516.4797767264025,4.0,4.0
-344.0880597472595,516.7793794036113,4.0,4.0
-344.38320201336023,517.0850715491928,4.0,4.0
-344.67128432068887,517.3974012181993,4.0,4.0
-344.95154260898556,517.7165510989516,4.0,4.0
-345.22238762291926,518.0433128203781,4.0,4.0
-345.4835442937232,518.3779908473067,4.0,4.0
-345.6125180892422,518.5469740129778,4.0,4.0
-345.7407583821273,518.7166270192492,4.0,4.0
-345.9950690231657,519.0576989769901,4.0,4.0
-346.24751534517907,519.4003541944346,4.0,4.0
-346.373310629491,519.5719558293158,4.0,4.0
-346.498983664462,519.7436792555054,4.0,4.0
-346.7499629897766,520.0874914841742,4.0,4.0
-347.0008506309294,520.43142550918,4.0,4.0
-347.12618748361757,520.6034534164393,4.0,4.0
-347.2515243364994,520.7754813249903,4.0,4.0
-347.50201467116074,521.1195980442781,4.0,4.0
-347.75247445182237,521.4636538797506,4.0,4.0
-348.002903674992,521.807709724372,4.0,4.0
-348.2533023386877,522.1517046793142,4.0,4.0
-348.5024784984423,522.4964912631126,4.0,4.0
-348.74670352368946,522.844261690623,4.0,4.0
-348.9841436635203,523.1964165462839,4.0,4.0
-349.2162964786751,523.5524686647595,4.0,4.0
-349.44646273209037,523.9100431607621,4.0,4.0
-349.67461187492535,524.2688964727465,4.0,4.0
-349.78827385977723,524.4487189592609,4.0,4.0
-349.9016607856195,524.6285414494432,4.0,4.0
-350.1281290204538,524.9886127093991,4.0,4.0
-350.35438332120947,525.3486839719883,4.0,4.0
-350.4674035062655,525.528810952531,4.0,4.0
-350.58033200922824,525.7088770445616,4.0,4.0
-350.8062195903442,526.0690092495447,4.0,4.0
-351.03186268236436,526.4292632628425,4.0,4.0
-351.1446078203383,526.6094511611639,4.0,4.0
-351.2564360792879,526.790187108028,4.0,4.0
-351.4757832840969,527.1536685432318,4.0,4.0
-351.68803997860124,527.5211690348013,4.0,4.0
-351.79134128829185,527.7065329897298,4.0,4.0
-351.8923809677176,527.8930539452452,4.0,4.0
-352.09024268988475,528.2688361144873,4.0,4.0
-352.285506598605,528.6462624489523,4.0,4.0
-352.47838663255504,529.0249675787188,4.0,4.0
-352.6700747292795,529.4045252401568,4.0,4.0
-352.8611515764057,529.7844482719684,4.0,4.0
-353.051800553686,530.164432206863,4.0,4.0
-353.2423272874738,530.5444770492866,4.0,4.0
-353.4328540246464,530.9245827907977,4.0,4.0
-353.6233196224411,531.3048711948019,4.0,4.0
-353.81237934535307,531.6856467586433,4.0,4.0
-353.9994525070452,532.0674575432791,4.0,4.0
-354.18622004545904,532.4494510142006,4.0,4.0
-354.3725902603288,532.8317489441501,4.0,4.0
-354.46556143258033,533.0230197043186,4.0,4.0
-354.5584409197925,533.2142904658725,4.0,4.0
-354.74419990038837,533.5968320000015,4.0,4.0
-354.92980607342537,533.9795562270542,4.0,4.0
-355.0226550027844,534.1708878914665,4.0,4.0
-355.1153816817455,534.3622195561192,4.0,4.0
-355.30083504484253,534.7448219967132,4.0,4.0
-355.48613560022676,535.1274244457998,4.0,4.0
-355.578587222387,535.3187561180089,4.0,4.0
-355.6701525285411,535.510453157596,4.0,4.0
-355.8487904304299,535.8955522657881,4.0,4.0
-356.0199405011367,536.2838787841248,4.0,4.0
-356.1024592792483,536.479412173886,4.0,4.0
-356.18271642699614,536.6758589820354,4.0,4.0
-356.3361096417414,537.0715537479767,4.0,4.0
-356.4793866492739,537.4710239838661,4.0,4.0
-356.6109887697221,537.8739652279324,4.0,4.0
-356.7305798056285,538.2808037323948,4.0,4.0
-356.8449752060207,538.6897735509518,4.0,4.0
-356.9557947917514,539.0999612687428,4.0,4.0
-357.0643833183308,539.510818839635,4.0,4.0
-357.1716882218719,539.922102679015,4.0,4.0
-357.278534689407,540.3334474156674,4.0,4.0
-357.38495328655466,540.7450966360836,4.0,4.0
-357.43810146276195,540.9509821440593,4.0,4.0
-357.49128020275407,541.1568676556324,4.0,4.0
-357.5975459980424,541.5686386794459,4.0,4.0
-357.70381179587554,541.9804097088534,4.0,4.0
-357.7568682917389,542.1863561242758,4.0,4.0
-357.80998591677877,542.3921807555382,4.0,4.0
-357.9160378041683,542.8039518251683,4.0,4.0
-358.02068382634366,543.2158447022889,4.0,4.0
-358.071173086401,543.4221565111161,4.0,4.0
-358.11973690551423,543.6286510051284,4.0,4.0
-358.21084371410285,544.0429796595886,4.0,4.0
-358.29287344782375,544.4590742635037,4.0,4.0
-358.33070981067766,544.6678827509879,4.0,4.0
-358.3675681724644,544.8769348166136,4.0,4.0
-358.4392372083543,545.2955870053911,4.0,4.0
-358.50846123107976,545.7149090234069,4.0,4.0
-358.5760348825529,546.1343528400641,4.0,4.0
-358.6428444795007,546.5539184593858,4.0,4.0
-358.7093790186077,546.9735449799023,4.0,4.0
-358.7757301773776,547.3932932835388,4.0,4.0
-358.84189796458327,547.8130415909591,4.0,4.0
-358.9065987526896,548.2329725884733,4.0,4.0
-358.9656760290875,548.6530862603076,4.0,4.0
-359.0167153465304,549.0741133382132,4.0,4.0
-359.03890368648933,549.2849922412483,4.0,4.0
-359.0586164592201,549.4961147205767,4.0,4.0
-359.0904013628025,549.9190904063458,4.0,4.0
-359.1140871830998,550.3429185995609,4.0,4.0
-359.12475343298706,550.5550153789494,4.0,4.0
-359.1345028081371,550.7671730521566,4.0,4.0
-359.15213724869164,551.1916710931669,4.0,4.0
-359.1681824421624,551.6162909306973,4.0,4.0
-359.17594525845135,551.8285704046423,4.0,4.0
-359.1835552613521,552.0408498766672,4.0,4.0
-359.1985002013958,552.4655306042115,4.0,4.0
-359.21332289304087,552.8902113356646,4.0,4.0
-359.220413332314,553.1025517032128,4.0,4.0
-359.22658689491436,553.314831170755,4.0,4.0
-359.23422738394095,553.7390856250881,4.0,4.0
-359.23358541732165,554.1631573824301,4.0,4.0
-359.2238052414512,554.5871682247387,4.0,4.0
-359.2039394145238,555.0108136734292,4.0,4.0
-359.134592610186,555.8563994286224,4.0,4.0
-359.0922021526664,556.2790704901022,4.0,4.0
-359.06995251486245,556.4902537815228,4.0,4.0
-359.04712218832805,556.7014979651544,4.0,4.0
-359.00042239971987,557.1238645303471,4.0,4.0
-358.9529585416007,557.5461092947735,4.0,4.0
-358.92902795452807,557.75723167492,4.0,4.0
-358.9051279291349,557.9683540535646,4.0,4.0
-358.8571139392992,558.3905379122419,4.0,4.0
-358.80897769445323,558.8127826590454,4.0,4.0
-358.7848942881995,559.0239050265438,4.0,4.0
-358.7607497557074,559.2350882882517,4.0,4.0
-358.71114649846925,559.6572721223876,4.0,4.0
-358.65601143449675,560.0782380750214,4.0,4.0
-358.62550991254756,560.2882643599896,4.0,4.0
-358.5928384570864,560.4981688655516,4.0,4.0
-358.5229723055988,560.9174298437296,4.0,4.0
-358.4505694825354,561.3367517464651,4.0,4.0
-358.37581339324464,561.7551603012143,4.0,4.0
-358.29971261277694,562.1728991086806,4.0,4.0
-358.223000617515,562.590333497873,4.0,4.0
-358.1461052486293,563.0077069918711,4.0,4.0
-358.06878198060457,563.4252022398789,4.0,4.0
-357.9913975756496,563.8428801546797,4.0,4.0
-357.9125767215787,564.2601926824717,4.0,4.0
-357.8283157279802,564.6760437204721,4.0,4.0
-357.7361084722842,565.090007010509,4.0,4.0
-357.635099197631,565.5018389650621,4.0,4.0
-357.5266326544184,565.9122094260568,4.0,4.0
-357.471192164872,566.1171815263732,4.0,4.0
-357.41498761417347,566.3220927352959,4.0,4.0
-357.3007142028885,566.7315497906482,4.0,4.0
-357.1849432319902,567.1406414874909,4.0,4.0
-357.12675212306704,567.3451264427856,4.0,4.0
-357.06843877015996,567.5495505119009,4.0,4.0
-356.95168982957523,567.9582768863768,4.0,4.0
-356.8347880887623,568.366942386672,4.0,4.0
-356.717672416544,568.7754252129644,4.0,4.0
-356.6005261750396,569.1839080273766,4.0,4.0
-356.48341048392734,569.5923299266263,4.0,4.0
-356.36623365547086,570.0006909133086,4.0,4.0
-356.2476815014159,570.40868651084,4.0,4.0
-356.1239336914014,570.8146725346129,4.0,4.0
-355.992606335736,571.21816180973,4.0,4.0
-355.85498306856533,571.6199459785546,4.0,4.0
-355.7148230960956,572.0210602782056,4.0,4.0
-355.5723403643013,572.4216265134698,4.0,4.0
-355.4286656813033,572.821766463466,4.0,4.0
-355.3565685549804,573.021745090353,4.0,4.0
-355.2843491771758,573.2217846103371,4.0,4.0
-355.139727043577,573.6215591681018,4.0,4.0
-354.99489097891836,574.0213337396043,4.0,4.0
-354.92242710333517,574.2211905774707,4.0,4.0
-354.8499632287305,574.4210474182247,4.0,4.0
-354.7037212924981,574.8202130443822,4.0,4.0
-354.5555233535942,575.218465247923,4.0,4.0
-354.4813174157689,575.4176522450114,4.0,4.0
-354.4069586656029,575.6167783459484,4.0,4.0
-354.2577521739706,576.0148478811752,4.0,4.0
-354.1083011919305,576.4127347462506,4.0,4.0
-354.03354514100806,576.6116172889938,4.0,4.0
-353.9587279663884,576.8105607281165,4.0,4.0
-353.8089713705332,577.2082649260433,4.0,4.0
-353.65918422603454,577.6057864641014,4.0,4.0
-353.5843059373245,577.8045472336325,4.0,4.0
-353.5093970870123,578.0033080084102,4.0,4.0
-353.35933488654206,578.4007686581035,4.0,4.0
-353.2067971183697,578.797011407466,4.0,4.0
-353.0536480981653,579.1931932602399,4.0,4.0
-352.8998878295975,579.5892533258749,4.0,4.0
-352.7456691186062,579.9850089073797,4.0,4.0
-352.5912059046193,580.3807035897253,4.0,4.0
-352.43668156415674,580.7763982719226,4.0,4.0
-352.3592971434882,580.9742456096881,4.0,4.0
-352.281882161354,581.172092950753,4.0,4.0
-352.1269299525221,581.5677876413981,4.0,4.0
-351.97200830821754,581.9634823359975,4.0,4.0
-351.8945016419732,582.1612687862109,4.0,4.0
-351.81705610083986,582.3590552379086,4.0,4.0
-351.6621650197615,582.7546890368214,4.0,4.0
-351.5073045022518,583.1503837318628,4.0,4.0
-351.42979784180244,583.3481701915575,4.0,4.0
-351.35226061532813,583.5459566454408,4.0,4.0
-351.19730840993367,583.9416513402349,4.0,4.0
-351.0409808932004,584.3367370889704,4.0,4.0
-350.9617932904549,584.533853699649,4.0,4.0
-350.88269737633493,584.7310921001839,4.0,4.0
-350.72398598860224,585.1255689130762,4.0,4.0
-350.56472448155534,585.5199239423723,4.0,4.0
-350.4050962353607,585.91397451712,4.0,4.0
-350.2454374424549,586.3078424338536,4.0,4.0
-350.085595281836,586.7015885697906,4.0,4.0
-349.9257225639553,587.0952738232436,4.0,4.0
-349.76578872648514,587.4890199797418,4.0,4.0
-349.6058548929177,587.8827661416694,4.0,4.0
-349.4458293598202,588.2765731785221,4.0,4.0
-349.28589551786365,588.6703802218594,4.0,4.0
-349.1259311116903,589.0640654706248,4.0,4.0
-348.96590557529805,589.4577507121651,4.0,4.0
-348.80578834785877,589.8513750497409,4.0,4.0
-348.72574501392523,590.0481872185971,4.0,4.0
-348.6456099888368,590.2449993790565,4.0,4.0
-348.48420910761246,590.6380756174324,4.0,4.0
-348.3208522099121,591.0302993034045,4.0,4.0
-348.2390362263803,591.2264415863938,4.0,4.0
-348.1570979906378,591.4224011819758,4.0,4.0
-347.99279364012233,591.8143203670021,4.0,4.0
-347.82821422630394,592.2062395517426,4.0,4.0
-347.74578698805544,592.4021991434205,4.0,4.0
-347.6633291859437,592.5982196273151,4.0,4.0
-347.4982302008643,592.9900779008956,4.0,4.0
-347.33331459642716,593.3818143956998,4.0,4.0
-347.1682156230993,593.773490002618,4.0,4.0
-347.0031166475019,594.1651047110415,4.0,4.0
-346.8368562969765,594.5559886830338,4.0,4.0
-346.668701070216,594.9461419170234,4.0,4.0
-346.50005683181104,595.3362951325387,4.0,4.0
-346.33095414039514,595.7262047403208,4.0,4.0
-346.1616069552547,596.1160534651287,4.0,4.0
-345.99204583154074,596.5057195034046,4.0,4.0
-345.8224541432112,596.8952028512082,4.0,4.0
-345.652770767784,597.2848079893176,4.0,4.0
-345.4830873921549,597.6744131279534,4.0,4.0
-345.39818457149687,597.8692156820578,4.0,4.0
-345.3132511836964,598.0640791239418,4.0,4.0
-345.1434760924111,598.4538060010921,4.0,4.0
-344.9737009999538,598.8435328766184,4.0,4.0
-344.8887370458141,599.0383354142614,4.0,4.0
-344.8037730908637,599.2331379544978,4.0,4.0
-344.718778572867,599.428001384698,4.0,4.0
-344.6338146174922,599.6227430266181,4.0,4.0
-344.46394783206034,600.0122263102078,4.0,4.0
-344.3787699381377,600.206907056086,4.0,4.0
-344.2927362894869,600.4011006336027,4.0,4.0
-344.20612195010256,600.5951115238546,4.0,4.0
-344.11953817137714,600.7891224093353,4.0,4.0
-343.9460038654052,601.1772659727992,4.0,4.0
-343.85908390077174,601.3712159669456,4.0,4.0
-343.7720111220911,601.5649832743652,4.0,4.0
-343.684816092818,601.7587505794579,4.0,4.0
-343.5975293754279,601.9524569882155,4.0,4.0
-343.51033434595274,602.1461633971991,4.0,4.0
-343.42307819201636,602.3398698088333,4.0,4.0
-343.3358831637344,602.5336371164422,4.0,4.0
-343.2486270116862,602.7273435290147,4.0,4.0
-343.07383963514,603.1149390227022,4.0,4.0
-342.98640009896326,603.3087063139508,4.0,4.0
-342.89905225069447,603.5025345026888,4.0,4.0
-342.81164327930685,603.696362692285,4.0,4.0
-342.7242648721652,603.8901299921042,4.0,4.0
-342.63685590405726,604.0838972921272,4.0,4.0
-342.5495080604035,604.2776645937709,4.0,4.0
-342.4620685292164,604.4713709971415,4.0,4.0
-342.2872505926268,604.8587838076476,4.0,4.0
-342.1998721879016,605.0524293186136,4.0,4.0
-342.1124937840504,605.2460748309006,4.0,4.0
-342.0251459435982,605.4398421352219,4.0,4.0
-341.9377064117215,605.6335485366417,4.0,4.0
-341.8502668767165,605.8272549336671,4.0,4.0
-341.76279677782185,606.020961327893,4.0,4.0
-341.6753266796062,606.2146677229053,4.0,4.0
-341.5879177086478,606.4084350154114,4.0,4.0
-341.4130997717088,606.7957869258015,4.0,4.0
-341.3255991158032,606.9894324316463,4.0,4.0
-341.23803733438587,607.1830779388074,4.0,4.0
-341.1504755528172,607.3766016550724,4.0,4.0
-341.06297489625274,607.5701862656902,4.0,4.0
-340.97541311515846,607.763709983443,4.0,4.0
-340.88791245953826,607.9572945950722,4.0,4.0
-340.8004118048918,608.1508792072827,4.0,4.0
-340.62528823493614,608.5381702060274,4.0,4.0
-340.5377264448779,608.7317548002906,4.0,4.0
-340.4500729656434,608.9254002868274,4.0,4.0
-340.36254173739445,609.1190457734841,4.0,4.0
-340.27497994756544,609.3126303674132,4.0,4.0
-340.18741815859335,609.5063367513576,4.0,4.0
-340.09988693202666,609.699921346712,4.0,4.0
-339.92473279078416,610.0870296404343,4.0,4.0
-339.8371098767387,610.2806142361601,4.0,4.0
-339.7495480886213,610.4741988304647,4.0,4.0
-339.66201686407743,610.6678443226831,4.0,4.0
-339.4868321655544,611.0551353073005,4.0,4.0
-339.39911756214275,611.2487807934992,4.0,4.0
-339.311494646699,611.4424262775209,4.0,4.0
-339.2238106068126,611.6360717639684,4.0,4.0
-339.0486564733522,612.0234236468916,4.0,4.0
-338.960941879363,612.2170082514399,4.0,4.0
-338.87319672481283,612.4106537566631,4.0,4.0
-338.78548213198866,612.6042383638685,4.0,4.0
-338.61011406984977,612.9913466804404,4.0,4.0
-338.5224300381,613.1848703887264,4.0,4.0
-338.43477656880316,613.3783940992237,4.0,4.0
-338.3471536621073,613.5717960165732,4.0,4.0
-338.1717550271815,613.9587825238842,4.0,4.0
-338.08410154412917,614.1523062058316,4.0,4.0
-337.9963869324317,614.3458298824906,4.0,4.0
-337.90867231815537,614.539292658536,4.0,4.0
-337.73324308765825,614.9264008918058,4.0,4.0
-337.6454062219279,615.1199854536285,4.0,4.0
-337.5575693552883,615.3134482246348,4.0,4.0
-337.46973248753085,615.5070327841134,4.0,4.0
-337.381865056677,615.700495551267,4.0,4.0
-337.2061301945204,616.0874819788494,4.0,4.0
-337.1182933263191,616.281005640933,4.0,4.0
-337.030395333424,616.4745293026549,4.0,4.0
-336.8546604671526,616.8615766161718,4.0,4.0
-336.6789561585864,617.2485630243274,4.0,4.0
-336.5910275987053,617.4420257811688,4.0,4.0
-336.50319072774045,617.6354885421994,4.0,4.0
-336.32745586407015,618.0224140664163,4.0,4.0
-336.1517210026034,618.4093395938653,4.0,4.0
-335.97580277137104,618.7962042357218,4.0,4.0
-335.80000679765135,619.1832515729895,4.0,4.0
-335.7120782512553,619.3767752498919,4.0,4.0
-335.62414970510895,619.570359818905,4.0,4.0
-335.44823149218706,619.957528965482,4.0,4.0
-335.272313295468,620.3446372460983,4.0,4.0
-335.1843847681398,620.5381609549361,4.0,4.0
-335.0965479330529,620.7316237743391,4.0,4.0
-334.9204463950675,621.118549434116,4.0,4.0
-334.7443448631134,621.5053533125827,4.0,4.0
-334.65638578753305,621.6987552552827,4.0,4.0
-334.5684878392943,621.8921572049057,4.0,4.0
-334.39244744948166,622.2790220057784,4.0,4.0
-334.21628480004426,622.6659476854318,4.0,4.0
-334.1281117891597,622.8594105288582,4.0,4.0
-334.03993878053114,623.0528124800514,4.0,4.0
-333.8638678418368,623.43973820222,4.0,4.0
-333.68782747993635,623.826603053489,4.0,4.0
-333.5998072991658,624.0199441374107,4.0,4.0
-333.51181768084166,624.213224327044,4.0,4.0
-333.3357773185351,624.5997238095541,4.0,4.0
-333.1598286445112,624.9862841855039,4.0,4.0
-333.0716862132315,625.1795643733744,4.0,4.0
-332.9835437718737,625.3729054360249,4.0,4.0
-332.8071060610694,625.7596484280775,4.0,4.0
-332.63066834145866,626.1463914032861,4.0,4.0
-332.45435287251996,626.533195273515,4.0,4.0
-332.27800683915416,626.9199382433935,4.0,4.0
-332.10169136502583,627.3065594151615,4.0,4.0
-331.92543701404094,627.6932414798111,4.0,4.0
-331.7489075978295,628.0798626416097,4.0,4.0
-331.66061232199684,628.273264554972,4.0,4.0
-331.5722864811866,628.4666055702355,4.0,4.0
-331.39566535742443,628.8533484830446,4.0,4.0
-331.21898310559493,629.2401522849498,4.0,4.0
-331.13068782296887,629.433493290358,4.0,4.0
-331.0423619784192,629.6267734015635,4.0,4.0
-330.86571029204623,630.0135163098653,4.0,4.0
-330.6889974835709,630.4001983313958,4.0,4.0
-330.5122846771132,630.7870021430444,4.0,4.0
-330.3355718800766,631.1737450783303,4.0,4.0
-330.1587062817775,631.5603662446683,4.0,4.0
-329.98190181277624,631.9469265218581,4.0,4.0
-329.80528071609706,632.333304111691,4.0,4.0
-329.6284456838288,632.7196208064747,4.0,4.0
-329.45161065528026,633.1059984031132,4.0,4.0
-329.2746839337675,633.4924977785812,4.0,4.0
-329.09784889169424,633.8792407184322,4.0,4.0
-328.92095274020124,634.2659836863529,4.0,4.0
-328.74414829666324,634.652604902202,4.0,4.0
-328.56722162333284,635.0389825785255,4.0,4.0
-328.3902643990029,635.425299382121,4.0,4.0
-328.2131543713657,635.8115553070836,4.0,4.0
-328.1246757673213,636.0047137221864,4.0,4.0
-328.0362582906529,636.1979330381764,4.0,4.0
-327.85923996719714,636.5843107857786,4.0,4.0
-327.682099394242,636.9708103220462,4.0,4.0
-327.59346798674227,637.1640296520626,4.0,4.0
-327.50492827111475,637.3573098825211,4.0,4.0
-327.3279099789158,637.7436876899699,4.0,4.0
-327.1508305741143,638.1300655199616,4.0,4.0
-327.062290874601,638.3232239933786,4.0,4.0
-326.97372061386426,638.5163824693027,4.0,4.0
-326.7966106574748,638.9026994244955,4.0,4.0
-326.61934789026634,639.2890163843194,4.0,4.0
-326.5307165066359,639.4821748635061,4.0,4.0
-326.4420851228921,639.6752724489531,4.0,4.0
-326.2647917921218,640.0615894059654,4.0,4.0
-326.08740677261784,640.4479063608175,4.0,4.0
-325.9099606279614,640.83422331473,4.0,4.0
-325.7324839221774,641.2206011658104,4.0,4.0
-325.5549460908445,641.6069790151012,4.0,4.0
-325.3773776953947,641.9932959689617,4.0,4.0
-325.19971761751964,642.379612929325,4.0,4.0
-325.02202698002486,642.7659298968034,4.0,4.0
-324.84427521455507,643.152064173991,4.0,4.0
-324.6664011969809,643.5381984471774,4.0,4.0
-324.57746418921647,643.7313569273794,4.0,4.0
-324.4885577439144,643.9244545133264,4.0,4.0
-324.3105920405353,644.310710579018,4.0,4.0
-324.1325346476931,644.6969666399291,4.0,4.0
-324.0435059540281,644.8899424394147,4.0,4.0
-323.9545078273494,645.0829791420203,4.0,4.0
-323.77654213895687,645.4689307626645,4.0,4.0
-323.5983930716329,645.8548823742894,4.0,4.0
-323.5092726922918,646.0478581769735,4.0,4.0
-323.4202134371797,646.2408948740417,4.0,4.0
-323.2419726754933,646.6268464720051,4.0,4.0
-323.0637624758007,647.0128589646804,4.0,4.0
-322.9746420947318,647.2058956584219,4.0,4.0
-322.885460588765,647.398932352062,4.0,4.0
-322.7070670155471,647.7848839513256,4.0,4.0
-322.52867344612366,648.170713770543,4.0,4.0
-322.3502798812777,648.556604492636,4.0,4.0
-322.1718863197136,648.9424343261874,4.0,4.0
-321.9933399478667,649.328203268065,4.0,4.0
-321.8147935785204,649.7139113215824,4.0,4.0
-321.6362472114767,650.099619379849,4.0,4.0
-321.4577008449997,650.4853274382936,4.0,4.0
-321.2790627943084,650.8710963984466,4.0,4.0
-321.1003636236934,651.2568044746578,4.0,4.0
-321.0110293208252,651.4496585148563,4.0,4.0
-320.921695018311,651.6425125556573,4.0,4.0
-320.742995850893,652.0281597435907,4.0,4.0
-320.56420499563984,652.4137460348168,4.0,4.0
-320.4748095679631,652.6064782870351,4.0,4.0
-320.38544470206693,652.7992714293089,4.0,4.0
-320.206592715614,653.1847359188996,4.0,4.0
-320.02764903675586,653.5701395038448,4.0,4.0
-319.9381619147079,653.7629326357747,4.0,4.0
-319.8486747919885,653.9556039769742,4.0,4.0
-319.6696699826468,654.3409466561432,4.0,4.0
-319.4905734858091,654.7262284388853,4.0,4.0
-319.3113853022719,655.1116929074974,4.0,4.0
-319.13222768187404,655.4971573781719,4.0,4.0
-318.95300893929533,655.8825609604177,4.0,4.0
-318.8633995698873,656.07523230778,4.0,4.0
-318.77375963950016,656.268025447572,4.0,4.0
-318.59444921777936,656.6533681521662,4.0,4.0
-318.4151387974291,657.0386499646193,4.0,4.0
-318.23582837847374,657.4239926746981,4.0,4.0
-318.0564262725208,657.8093962791722,4.0,4.0
-317.87693247391553,658.1947389794404,4.0,4.0
-317.6974692366309,658.580081676987,4.0,4.0
-317.5179143124089,658.965485271191,4.0,4.0
-317.33835938662344,659.3508279653915,4.0,4.0
-317.15874333362405,659.7361097610979,4.0,4.0
-316.97912727862735,660.121452447789,4.0,4.0
-316.88927340568785,660.3140628932867,4.0,4.0
-316.79941953053645,660.5067342273767,4.0,4.0
-316.6197117746669,660.8921377814569,4.0,4.0
-316.4398511998549,661.2774195299617,4.0,4.0
-316.3499056302532,661.4701517459141,4.0,4.0
-316.2599294976853,661.6628230643385,4.0,4.0
-316.07997723220853,662.0482874914609,4.0,4.0
-315.89999440400044,662.4333865517409,4.0,4.0
-315.7199810174335,662.818546512427,4.0,4.0
-315.53987594880425,663.2035846957517,4.0,4.0
-315.3598014464083,663.5887446751831,4.0,4.0
-315.17963525993173,663.97378287275,4.0,4.0
-314.99953020273375,664.3587601844237,4.0,4.0
-314.8193028992414,664.7435548192998,4.0,4.0
-314.6389839096469,665.1283494574031,4.0,4.0
-314.45863436442215,665.5132050054979,4.0,4.0
-314.2783765161124,665.8979996766034,4.0,4.0
-314.0980575501371,666.2828552585243,4.0,4.0
-313.91770802748374,666.6676499591024,4.0,4.0
-313.82748742387287,666.8600168642015,4.0,4.0
-313.7372668205811,667.0524446681106,4.0,4.0
-313.55676449269265,667.4373002782522,4.0,4.0
-313.37632329781843,667.8220950105709,4.0,4.0
-313.2860721399734,668.0144619353014,4.0,4.0
-313.1958209828378,668.2068897564957,4.0,4.0
-313.01528810714035,668.5915627132536,4.0,4.0
-312.83469410663065,668.9762965670766,4.0,4.0
-312.7443818256404,669.168602599482,4.0,4.0
-312.6540695438807,669.3609695274297,4.0,4.0
-312.47338385136794,669.7457033717044,4.0,4.0
-312.29257590382997,670.1304372051079,4.0,4.0
-312.1117068282759,670.5151710327011,4.0,4.0
-311.93083775077577,670.9000266457995,4.0,4.0
-311.7498464229352,671.2847604699807,4.0,4.0
-311.56818272147825,671.6690680323261,4.0,4.0
-311.38636620769,672.053375596443,4.0,4.0
-311.2043357567145,672.4375613731324,4.0,4.0
-311.02215249362115,672.8216862544111,4.0,4.0
-310.8399081057253,673.205872031426,4.0,4.0
-310.6575720315077,673.5899969181191,4.0,4.0
-310.47523595885235,673.974243596032,4.0,4.0
-310.29268594647266,674.3583684808661,4.0,4.0
-310.20142622060587,674.5504309200338,4.0,4.0
-310.1101664941615,674.7423715708476,4.0,4.0
-309.92767761041426,675.1264355686219,4.0,4.0
-309.7450664699218,675.510316868282,4.0,4.0
-309.65371505146146,675.7021357152533,4.0,4.0
-309.56233306875856,675.8940154572417,4.0,4.0
-309.37959966250173,676.2778358266672,4.0,4.0
-309.19677456504763,676.6616561887329,4.0,4.0
-309.10533145121104,676.853535914956,4.0,4.0
-309.0138577748829,677.04553743461,4.0,4.0
-308.83078817799014,677.4292360080092,4.0,4.0
-308.4549606797331,678.1911526547993,4.0,4.0
-308.2644032769579,678.5710757761558,4.0,4.0
-308.0726845022346,678.9503899587548,4.0,4.0
-307.88032391474434,679.3293996673432,4.0,4.0
-307.6876577027035,679.7082875881416,4.0,4.0
-307.4947775520949,680.0871146112668,4.0,4.0
-307.30168345740645,680.4659416223641,4.0,4.0
-307.108619926727,680.844829531729,4.0,4.0
-306.9154647106446,681.2235347595715,4.0,4.0
-306.72221780849526,681.6021182021002,4.0,4.0
-306.5289403474643,681.980701652208,4.0,4.0
-306.4323016195649,682.1699629351638,4.0,4.0
-306.335662893613,682.3592851200947,4.0,4.0
-306.1423854460361,682.737868600897,4.0,4.0
-305.94785494001155,683.1158431435913,4.0,4.0
-305.849596405733,683.3041910225331,4.0,4.0
-305.75139899621513,683.4927215837497,4.0,4.0
-305.55469855576547,683.8696609266896,4.0,4.0
-305.3574479939663,684.246295804965,4.0,4.0
-305.25870046394755,684.434461009615,4.0,4.0
-305.15986124681183,684.6226262138823,4.0,4.0
-304.9620605587846,684.9989566179105,4.0,4.0
-304.7641681800166,685.3751652233816,4.0,4.0
-304.5662758000823,685.7514956176034,4.0,4.0
-304.3682306067172,686.1278260095398,4.0,4.0
-304.1700937204449,686.5040345997418,4.0,4.0
-303.97198739542347,686.880060503178,4.0,4.0
-303.77375882063126,687.2561473015459,4.0,4.0
-303.5755608085166,687.6322341019115,4.0,4.0
-303.37720998508496,688.0083209024095,4.0,4.0
-303.17879803875286,688.3844686068072,4.0,4.0
-302.98026384377516,688.7608598914971,4.0,4.0
-302.78151571128194,689.1374338632359,4.0,4.0
-302.58249251430505,689.5145558855456,4.0,4.0
-302.4828281022506,689.7033300245508,4.0,4.0
-302.38304143968503,689.8922868491154,4.0,4.0
-302.18304023740757,690.2708703384297,4.0,4.0
-301.9823360938218,690.6506108229528,4.0,4.0
-301.88166311279525,690.841090006791,4.0,4.0
-301.78071506723245,691.0319954540932,4.0,4.0
-301.577871533823,691.4154504987775,4.0,4.0
-301.37377493315824,691.8009759590307,4.0,4.0
-301.2712070697783,691.9948652451493,4.0,4.0
-301.16818076843526,692.1894243749431,4.0,4.0
-300.9608139752696,692.5807348473447,4.0,4.0
-300.75152174057365,692.9753945340933,4.0,4.0
-300.64611155924626,693.1740945084675,4.0,4.0
-300.54015124965645,693.3737687968406,4.0,4.0
-300.3263968661563,693.77622298307,4.0,4.0
-300.11025859215135,694.1826962009673,4.0,4.0
-300.00127257585217,694.3876074112181,4.0,4.0
-299.89164474557236,694.5935538334077,4.0,4.0
-299.6704636419157,695.0088567795569,4.0,4.0
-299.44671528001106,695.4284832528547,4.0,4.0
-299.22049134992307,695.8524332516006,4.0,4.0
-298.99173073149836,696.2807676871488,4.0,4.0
-298.7605251119368,696.7131820823502,4.0,4.0
-298.52702730391826,697.1495546488585,4.0,4.0
-298.291298433699,697.5894591235584,4.0,4.0
-298.17268521885796,697.8108119480551,4.0,4.0
-298.05355244284027,698.0329564110533,4.0,4.0
-297.8139421437684,698.4796202491318,4.0,4.0
-297.57258978566585,698.9290243659495,4.0,4.0
-297.45131764249754,699.1547007557942,4.0,4.0
-297.32967875297857,699.3809252081544,4.0,4.0
-297.0854229822608,699.8352009827261,4.0,4.0
-296.8400058428873,700.2913036207227,4.0,4.0
-296.71693052678415,700.5199030034187,4.0,4.0
-296.59354958767517,700.748867759306,4.0,4.0
-296.34626815115524,701.2077107105597,4.0,4.0
-296.0983143409249,701.6675888781375,4.0,4.0
-295.84968814768445,702.1283195565106,4.0,4.0
-295.600542384817,702.5897200631589,4.0,4.0
-295.3495934342755,703.0506943113901,4.0,4.0
-295.09595498414865,703.5107551420863,4.0,4.0
-294.841277408369,703.9706332903492,4.0,4.0
-294.5855607160705,704.4302678809208,4.0,4.0
-294.329110535466,704.8895371329104,4.0,4.0
-294.0723241738953,705.3485628224078,4.0,4.0
-293.8153238803379,705.8074667372955,4.0,4.0
-293.6868084566838,706.0369796008767,4.0,4.0
-293.55823191020255,706.2664315727728,4.0,4.0
-293.3009871339833,706.7254573203822,4.0,4.0
-293.04349785336683,707.1847266392829,4.0,4.0
-292.9144628702956,707.4141786157284,4.0,4.0
-292.7844498874534,707.6430825411336,4.0,4.0
-292.65293934182336,707.8710730484911,4.0,4.0
-292.5193199832641,708.0976629769777,4.0,4.0
-292.3832556232988,708.3228523257687,4.0,4.0
-292.2444406345068,708.5467628798297,4.0,4.0
-292.1027222048361,708.7688465856697,4.0,4.0
-291.8122253977288,709.209725669459,4.0,4.0
-291.6648528985583,709.4291908926513,4.0,4.0
-291.516166212552,709.6481689628091,4.0,4.0
-291.3663181519589,709.8665380874202,4.0,4.0
-291.21558377886754,710.0846027395694,4.0,4.0
-291.06423815573976,710.3024847100799,4.0,4.0
-290.912403532389,710.5203666824325,4.0,4.0
-290.7601715984049,710.7382486576228,4.0,4.0
-290.4546991614097,711.1739517041324,4.0,4.0
-290.3014892207466,711.3921990373904,4.0,4.0
-290.1480959033781,711.6103854709479,4.0,4.0
-289.9944580846875,711.8289372730525,4.0,4.0
-289.84066745406426,712.0475499705253,4.0,4.0
-289.6866934509283,712.2663453596513,4.0,4.0
-289.5324443872551,712.4854452283536,4.0,4.0
-289.22348782755193,712.9241930367675,4.0,4.0
-289.0687497683818,713.1438409735595,4.0,4.0
-288.9137977728547,713.3636715977855,4.0,4.0
-288.75869296922315,713.5836849194861,4.0,4.0
-288.60343535706755,713.8040027246773,4.0,4.0
-288.4480249354022,714.0243205388665,4.0,4.0
-288.2924311412078,714.2450037290209,4.0,4.0
-287.9808768072133,714.6865528061321,4.0,4.0
-287.82482457987254,714.9075404844798,4.0,4.0
-287.66868066641666,715.128832638159,4.0,4.0
-287.5124145037648,715.3500030076368,4.0,4.0
-287.3560260918654,715.5714778537852,4.0,4.0
-287.19948486768556,715.7930135964799,4.0,4.0
-287.0428213905599,716.0147320164206,4.0,4.0
-286.7291276791837,716.4584124192952,4.0,4.0
-286.5721280083426,716.68049619489,4.0,4.0
-286.4150060861145,716.9026408615505,4.0,4.0
-286.25782303748554,717.124785526258,4.0,4.0
-286.1004871736392,717.3470519749759,4.0,4.0
-285.7853264381853,717.7917675375193,4.0,4.0
-285.62667638003467,718.0132423388775,4.0,4.0
-285.46652875728773,718.2336819259855,4.0,4.0
-285.3043334451819,718.452477352764,4.0,4.0
-284.97493056159266,718.8872061349742,4.0,4.0
-284.8089149290068,719.103870230864,4.0,4.0
-284.6420129829397,719.3200471690099,4.0,4.0
-284.30591690120264,719.7508177750346,4.0,4.0
-283.9680481983572,720.1805531848959,4.0,4.0
-283.62923206219654,720.6094969772212,4.0,4.0
-283.28986580350926,721.03819719801,4.0,4.0
-282.95022448624735,721.4667147457067,4.0,4.0
-282.6103692350758,721.8952931992822,4.0,4.0
-282.2703917350356,722.3237498685392,4.0,4.0
-281.93032255455387,722.7519020821246,4.0,4.0
-281.5902533786302,723.1799934137691,4.0,4.0
-281.25015363893783,723.6081456374249,4.0,4.0
-281.0800120774162,723.8221303980265,4.0,4.0
-280.9098093884877,724.0361760476178,4.0,4.0
-280.56943456718875,724.4642673320742,4.0,4.0
-280.2288763570434,724.8922976847537,4.0,4.0
-280.0585514020807,725.1062824013115,4.0,4.0
-279.88819588156645,725.3203280022869,4.0,4.0
-279.5473625845561,725.7483582968183,4.0,4.0
-279.20634590678696,726.1765103663165,4.0,4.0
-279.0357764397869,726.3905559456147,4.0,4.0
-278.86511528382147,726.6046624174749,4.0,4.0
-278.5236401591662,727.0328144655898,4.0,4.0
-278.1820122337491,727.4613319166056,4.0,4.0
-277.84023150606527,727.8899711826348,4.0,4.0
-277.4982062870904,728.3185495813673,4.0,4.0
-277.15605883376986,728.7473107056246,4.0,4.0
-276.81372801710444,729.1761327570025,4.0,4.0
-276.471183270552,729.6049548304079,4.0,4.0
-276.1285468443768,730.0337769274954,4.0,4.0
-275.78566592365354,730.462781725076,4.0,4.0
-275.44260162621407,730.8919083112506,4.0,4.0
-275.09929282853705,731.3209740025687,4.0,4.0
-274.7558312198943,731.7502832808262,4.0,4.0
-274.4108720456506,732.1783746575857,4.0,4.0
-274.23724636352654,732.3915069232532,4.0,4.0
-274.06346786794086,732.6045173968287,4.0,4.0
-273.7150551257981,733.030355662803,4.0,4.0
-273.3655115685711,733.455463185255,4.0,4.0
-273.1904494452101,733.6678647086342,4.0,4.0
-273.0152345090689,733.8801444434664,4.0,4.0
-272.66459069925725,734.3048865961914,4.0,4.0
-272.3136412716236,734.7294460877412,4.0,4.0
-272.1381207159234,734.9416040489543,4.0,4.0
-271.96253903611654,735.1538838030451,4.0,4.0
-271.6112839912053,735.578382424604,4.0,4.0
-271.2599067032128,736.0028810665852,4.0,4.0
-270.908376609862,736.4272579399392,4.0,4.0
-270.55678539639285,736.8516957245477,4.0,4.0
-270.20513306428785,737.2760726331567,4.0,4.0
-269.8533890492884,737.700327767486,4.0,4.0
-269.5014005344441,738.1244002215255,4.0,4.0
-269.1495953972169,738.5484117866836,4.0,4.0
-268.7977291362957,738.9723015697585,4.0,4.0
-268.445771184883,739.3961304516453,4.0,4.0
-268.2697616403717,739.6080448769137,4.0,4.0
-268.09375209220065,739.8200810801209,4.0,4.0
-267.7416107370792,740.2440316771231,4.0,4.0
-267.3893165629046,740.6680431522636,4.0,4.0
-267.2131541923864,740.8800793312498,4.0,4.0
-267.03702238319556,741.0919937198404,4.0,4.0
-266.6846059490879,741.5157006955358,4.0,4.0
-266.33212839157414,741.9395294695735,4.0,4.0
-266.1558132061115,742.1514438568892,4.0,4.0
-265.97949802054484,742.3633582435434,4.0,4.0
-265.626775963185,742.7872479163193,4.0,4.0
-265.27399279231605,743.2107722537135,4.0,4.0
-265.09746367945485,743.4225648817983,4.0,4.0
-264.92096513123903,743.634418411105,4.0,4.0
-264.5678763513401,744.0580036942956,4.0,4.0
-264.2146959021123,744.4815890293227,4.0,4.0
-263.86145434837493,744.9052353195761,4.0,4.0
-263.5080599928693,745.3287598564732,4.0,4.0
-263.15466565230537,745.752223540884,4.0,4.0
-262.8013018877624,746.1757481628417,4.0,4.0
-262.44772419170744,746.5989074364606,4.0,4.0
-262.0941465009729,747.022127621852,4.0,4.0
-261.74047712565476,747.4452869241254,4.0,4.0
-261.3867160654856,747.8683244481713,4.0,4.0
-261.0328633153174,748.2914228651086,4.0,4.0
-260.67885774958137,748.7145212745913,4.0,4.0
-260.3247299291171,749.1375587781233,4.0,4.0
-260.14740623679864,749.3488643987832,4.0,4.0
-259.96925735653554,749.5593174920155,4.0,4.0
-259.6113703424489,749.9790666740591,4.0,4.0
-259.25253588565016,750.3982068973088,4.0,4.0
-259.07276718755634,750.6075029810743,4.0,4.0
-258.8927539887153,750.8167381697881,4.0,4.0
-258.5323302761954,751.2345995948656,4.0,4.0
-258.17157036777303,751.652278315194,4.0,4.0
-257.9911292861426,751.8610872210311,4.0,4.0
-257.81062707821246,752.0697743353788,4.0,4.0
-257.4494392819519,752.487270341138,4.0,4.0
-257.08812922726304,752.9045836409227,4.0,4.0
-256.9074741985782,753.1131489462512,4.0,4.0
-256.72678860663825,753.3217142478717,4.0,4.0
-256.36538685698446,753.7389057394796,4.0,4.0
-256.0025945053305,754.1548184239474,4.0,4.0
-255.63757108110352,754.5685388700813,4.0,4.0
-255.27163077320353,754.9817721395887,4.0,4.0
-254.9047124456929,755.3939701424329,4.0,4.0
-254.53722869704586,755.8058027339961,4.0,4.0
-254.16930177553957,756.2172699104781,4.0,4.0
-253.98528482424962,756.4230339300436,4.0,4.0
-253.80122202633063,756.6287979392938,4.0,4.0
-253.43298945534085,757.0403868402979,4.0,4.0
-253.06460406713717,757.4517321463198,4.0,4.0
-252.88041901089738,757.6572525542454,4.0,4.0
-252.69614226551835,757.8627120632998,4.0,4.0
-252.32639683437367,758.2725349707234,4.0,4.0
-251.9515016177167,758.6767555549319,4.0,4.0
-251.76100539390967,758.8757601988113,4.0,4.0
-251.56815585366206,759.0725117281843,4.0,4.0
-251.1746022007501,759.4580984499729,4.0,4.0
-250.7715741591357,759.8345509295546,4.0,4.0
-250.5679513207391,760.0209503151584,4.0,4.0
-250.36315182416575,760.2061317995136,4.0,4.0
-249.95095501765016,760.5734500363382,4.0,4.0
-249.5365882756331,760.9385760693309,4.0,4.0
-249.1211212836114,761.3026668938305,4.0,4.0
-248.7049971961303,761.6662096631915,4.0,4.0
-248.28865917741516,762.029447981196,4.0,4.0
-247.87221419907027,762.3924427495247,4.0,4.0
-247.45552472321327,762.755193948189,4.0,4.0
-247.03895749846276,763.1178842574316,4.0,4.0
-246.6217790236105,763.4796611453271,4.0,4.0
-246.20423379084932,763.8412553280625,4.0,4.0
-245.99533891924187,764.0220524043777,4.0,4.0
-245.7863982008625,764.2025449973844,4.0,4.0
-245.36836394485687,764.5636519548538,4.0,4.0
-244.95011574209326,764.9244544097432,4.0,4.0
-244.53180640338095,765.2852568315457,4.0,4.0
-244.1132831201418,765.646120127721,4.0,4.0
-243.69475983392033,766.006983417453,4.0,4.0
-243.48542178475793,766.187354166306,4.0,4.0
-243.27600732981415,766.3676640263398,4.0,4.0
-242.85609345321828,766.7267613803131,4.0,4.0
-242.4318244270859,767.0795865992104,4.0,4.0
-242.21738244903773,767.2531980651531,4.0,4.0
-242.00205415958496,767.4260787976714,4.0,4.0
-241.569395740303,767.7695871735621,4.0,4.0
-241.13441457179505,768.110050816498,4.0,4.0
-240.69811921775988,768.4488703106366,4.0,4.0
-240.26105980121892,768.7866545959228,4.0,4.0
-239.8236489076558,769.1240125930835,4.0,4.0
-239.3860087869362,769.4611878824693,4.0,4.0
-238.94827697187833,769.7983022561853,4.0,4.0
-238.51034648974502,770.1354165948615,4.0,4.0
-238.07237015610545,770.472348227301,4.0,4.0
-237.63425628665846,770.8089144779738,4.0,4.0
-237.1961118505965,771.1453589259013,4.0,4.0
-236.75789100522073,771.4819251548133,4.0,4.0
-236.31957846962882,771.8183695874308,4.0,4.0
-236.1004145593377,771.9866222456687,4.0,4.0
-235.88125064759691,772.1548748995813,4.0,4.0
-235.44287697774715,772.4914410924225,4.0,4.0
-235.00442690146448,772.8279463936192,4.0,4.0
-234.78518658095916,772.9961990405435,4.0,4.0
-234.56590041616815,773.1645125793511,4.0,4.0
-234.34656840724,773.3326434333635,4.0,4.0
-234.12725167961435,773.5005916041775,4.0,4.0
-233.6885265367005,773.8365488396803,4.0,4.0
-233.46913340424226,774.0044970164547,4.0,4.0
-233.24974027346357,774.1725060944113,4.0,4.0
-232.81087760780792,774.5083415707812,4.0,4.0
-232.3719690975322,774.8442988368528,4.0,4.0
-232.15253012443748,775.0121861296298,4.0,4.0
-231.9330605890989,775.1801343183208,4.0,4.0
-231.4940909556054,775.5159698028701,4.0,4.0
-231.05516715689836,775.8515616770742,4.0,4.0
-230.83571289436043,776.019144471539,4.0,4.0
-230.6162433487298,776.1867272568644,4.0,4.0
-230.1772736886753,776.5217710212004,4.0,4.0
-229.73815119840222,776.8568147275114,4.0,4.0
-229.51855938524994,777.0243974561604,4.0,4.0
-229.29889116322124,777.1921019652536,4.0,4.0
-228.8594783095306,777.5273282899757,4.0,4.0
-228.4200043341234,777.8625546265232,4.0,4.0
-227.98046923607788,778.1978418660922,4.0,4.0
-227.54085773759257,778.5330682298788,4.0,4.0
-227.32100614883223,778.7004682959689,4.0,4.0
-227.1011545623094,778.8678074737271,4.0,4.0
-226.6613749883127,779.2026076395193,4.0,4.0
-226.2215954226194,779.5372860428853,4.0,4.0
-226.00171328458475,779.7045643654153,4.0,4.0
-225.78186171118878,779.8718426960645,4.0,4.0
-225.34217384993843,780.2063993714097,4.0,4.0
-224.90239429934013,780.540956041838,4.0,4.0
-224.68248160030404,780.7082343713212,4.0,4.0
-224.4625383377026,780.8754517999199,4.0,4.0
-224.02259068538677,781.2100693407149,4.0,4.0
-223.5826124692522,781.5442606136618,4.0,4.0
-223.3625622358353,781.7112953536265,4.0,4.0
-223.142496721003,781.8782691995254,4.0,4.0
-222.7022892850992,782.2123386808528,4.0,4.0
-222.26203600854103,782.5462254895167,4.0,4.0
-221.82178273493003,782.8802340993066,4.0,4.0
-221.3814683376874,783.2141818203376,4.0,4.0
-220.9411080948481,783.5480686405285,4.0,4.0
-220.72085920700783,783.7151033916699,4.0,4.0
-220.50062560007697,783.8820772467416,4.0,4.0
-220.06006669774902,784.2159640596301,4.0,4.0
-219.61946195405022,784.5493637230111,4.0,4.0
-219.39913666129678,784.7160940039773,4.0,4.0
-219.17878080632175,784.8827024993268,4.0,4.0
-218.73788571979026,785.2158585898003,4.0,4.0
-218.29474428478878,785.5451173991478,4.0,4.0
-217.84808815464618,785.8694437109673,4.0,4.0
-217.3995982614267,786.1920040324017,4.0,4.0
-217.17471913576668,786.3525229825907,4.0,4.0
-216.94947325648945,786.5126765536297,4.0,4.0
-216.49830911578243,786.8321311427617,4.0,4.0
-216.04664069488385,787.1510376837432,4.0,4.0
-215.82069187557335,787.3102778249367,4.0,4.0
-215.594697212701,787.469517967232,4.0,4.0
-215.14261620131498,787.7878155750193,4.0,4.0
-214.690504634349,788.1057478382729,4.0,4.0
-214.46434188534877,788.2648053237101,4.0,4.0
-214.2381332942242,788.4238019225102,4.0,4.0
-213.78567027052392,788.7417951274465,4.0,4.0
-213.3331461370855,789.0598492850493,4.0,4.0
-212.88056089716287,789.3777817251591,4.0,4.0
-212.42803679496976,789.6954706333445,4.0,4.0
-211.9756349509601,790.0128550983272,4.0,4.0
-211.5232942353349,790.3301177873398,4.0,4.0
-211.0700060812467,790.6457972135141,4.0,4.0
-210.61297400676068,790.9548390597502,4.0,4.0
-210.14955435461133,791.2540159055883,4.0,4.0
-209.67974712561326,791.5440584925763,4.0,4.0
-209.44348347426595,791.6870397922179,4.0,4.0
-209.2063640699092,791.8289249775598,4.0,4.0
-208.73033734844253,792.1097114808904,4.0,4.0
-208.2527825013214,792.3880012968013,4.0,4.0
-208.01366124769064,792.5267808334986,4.0,4.0
-207.7743413367912,792.6653776772956,4.0,4.0
-207.29535004420597,792.942084207662,4.0,4.0
-206.8162976298457,793.2185471702575,4.0,4.0
-206.57674850566985,793.3564741975019,4.0,4.0
-206.3371076966339,793.4944012346521,4.0,4.0
-205.85710786366775,793.7687329562461,4.0,4.0
-205.37402120957245,794.0360008535615,4.0,4.0
-204.8867169230763,794.2959613538019,4.0,4.0
-204.39721212954706,794.5525726183917,4.0,4.0
-203.9057360398486,794.8058955112976,4.0,4.0
-203.65950898942998,794.9317653069247,4.0,4.0
-203.41302215505905,795.0572088255179,4.0,4.0
-202.919666452138,795.3077304893272,4.0,4.0
-202.42605097301342,795.5574605401089,4.0,4.0
-201.93225212305987,795.807190608966,4.0,4.0
-201.4384838405171,796.0565553293668,4.0,4.0
-200.94466971803683,796.3055546962321,4.0,4.0
-200.45076390881536,796.5546149636289,4.0,4.0
-199.95681225541875,796.8036143342042,4.0,4.0
-199.70985171030281,796.9281444708192,4.0,4.0
-199.462906447129,797.0526137141263,4.0,4.0
-198.96901592213197,797.3014913117875,4.0,4.0
-198.4750337086635,797.5503080126628,4.0,4.0
-198.22804260133958,797.6745336768577,4.0,4.0
-197.98103621253318,797.7988202347079,4.0,4.0
-197.48696230930454,798.0472715614284,4.0,4.0
-196.9928425617368,798.295601096751,4.0,4.0
-196.74569864153926,798.4194613914055,4.0,4.0
-196.49811156548236,798.5422864788895,4.0,4.0
-196.0020052557876,798.7861098059986,4.0,4.0
-195.50531825721637,799.0288979178831,4.0,4.0
-195.25676845930212,799.1500179417546,4.0,4.0
-195.00815753551475,799.2707725922025,4.0,4.0
-194.51067590525352,799.5118556265871,4.0,4.0
-194.0129039280509,799.7525732811563,4.0,4.0
-193.51510137805556,799.9931691041522,4.0,4.0
-193.0172224186962,800.2336431259955,4.0,4.0
-192.51923648864994,800.473751770919,4.0,4.0
-192.02112830190345,800.713982182187,4.0,4.0
-191.52231717626168,800.9524466368132,4.0,4.0
-191.02087767899636,801.1837255229273,4.0,4.0
-190.5148385262276,801.4039824596022,4.0,4.0
-190.0040774621875,801.61449621669,4.0,4.0
-189.74762724075873,801.7175304273075,4.0,4.0
-189.49058105000407,801.8193467431045,4.0,4.0
-188.97497582912814,802.0196910764973,4.0,4.0
-188.45830092454796,802.2174169516356,4.0,4.0
-188.19975717578444,802.3158840766589,4.0,4.0
-187.94112174037934,802.4139249413134,4.0,4.0
-187.68248630915153,802.5118440341923,4.0,4.0
-187.42380503561392,802.6096413451528,4.0,4.0
-186.9063507976734,802.8050532666864,4.0,4.0
-186.64757783363947,802.9025460921748,4.0,4.0
-186.38880486900567,803.0000998082821,4.0,4.0
-186.1299707787158,803.0976535230867,4.0,4.0
-185.87104500008286,803.1951463411125,4.0,4.0
-185.3531781594689,803.3902537568786,4.0,4.0
-185.09425237939575,803.4878683589811,4.0,4.0
-184.83531131949206,803.5853611781032,4.0,4.0
-184.57635497966893,803.6828540030392,4.0,4.0
-184.31738335949578,803.7802859387964,4.0,4.0
-183.79939427724412,803.974845342017,4.0,4.0
-183.2813899153017,804.1691611770781,4.0,4.0
-183.02237245380394,804.2663495461354,4.0,4.0
-182.76335499290448,804.3635988116332,4.0,4.0
-182.2453353538653,804.5579755619683,4.0,4.0
-181.986317894359,804.6551639419856,4.0,4.0
-181.7273462790417,804.7523523223811,4.0,4.0
-181.46834410143617,804.8495407072776,4.0,4.0
-181.2093266427234,804.9466681949559,4.0,4.0
-180.6913375686312,805.1411058581841,4.0,4.0
-180.4323506698874,805.2379897588607,4.0,4.0
-180.17334848845144,805.334873652128,4.0,4.0
-179.9143157435311,805.4317575423338,4.0,4.0
-179.39623497010834,805.6253426308864,4.0,4.0
-179.1371410976712,805.7222265098706,4.0,4.0
-178.87803194294332,805.819110386878,4.0,4.0
-178.618922787526,805.915994260277,4.0,4.0
-178.35982891285417,806.012817236458,4.0,4.0
-177.84164116354629,806.2065240871808,4.0,4.0
-177.5825778554723,806.3032252937738,4.0,4.0
-177.3234992661309,806.4001091852111,4.0,4.0
-177.06434426821684,806.4969321716878,4.0,4.0
-176.80528095620002,806.5937551523358,4.0,4.0
-176.54614123687233,806.690395444462,4.0,4.0
-176.0279382073965,806.8833715659927,4.0,4.0
-175.76878320837403,806.9799509711197,4.0,4.0
-175.50961292763958,807.0764694794832,4.0,4.0
-175.25042736526,807.173048882137,4.0,4.0
-174.99124180250172,807.2696282837903,4.0,4.0
-174.47285539585303,807.4626652962904,4.0,4.0
-174.2136545541722,807.5592447089665,4.0,4.0
-173.95446899507286,807.6557632332886,4.0,4.0
-173.69526815545206,807.7523426568268,4.0,4.0
-173.43606731552896,807.848861185475,4.0,4.0
-172.91765035330897,808.0413501825062,4.0,4.0
-172.6585106381279,808.1375642353743,4.0,4.0
-172.39938620419238,808.2337173941472,4.0,4.0
-172.14027705065533,808.3299314426315,4.0,4.0
-171.62176839304888,808.5222986209311,4.0,4.0
-171.36249113893348,808.6185735354993,4.0,4.0
-171.10310691445488,808.7144221787976,4.0,4.0
-170.843600438522,808.8099054482623,4.0,4.0
-170.5840786804092,808.9053887116495,4.0,4.0
-170.32448051651468,809.0008110858122,4.0,4.0
-170.06485179077615,809.0961116731391,4.0,4.0
-169.54553321440906,809.286773743119,4.0,4.0
-169.28585864394552,809.3820134305124,4.0,4.0
-169.0261382292641,809.4769486425515,4.0,4.0
-168.76641781711882,809.5718838678372,4.0,4.0
-168.24687002160397,809.761754308638,4.0,4.0
-167.9870884818005,809.8566895215039,4.0,4.0
-167.72730694117828,809.9517465218216,4.0,4.0
-167.46757124461936,810.0466817350772,4.0,4.0
-167.20780498511738,810.1416169440934,4.0,4.0
-166.94803872446872,810.2365521481634,4.0,4.0
-166.68827246299975,810.3314873491132,4.0,4.0
-166.16860240594957,810.5209314767933,4.0,4.0
-165.90840826529978,810.6144051821011,4.0,4.0
-165.64770984235741,810.7057475656801,4.0,4.0
-165.38632376236006,810.7948368382297,4.0,4.0
-165.1240360875286,810.8810031544629,4.0,4.0
-164.8607551296136,810.9646118847588,4.0,4.0
-164.59683235712114,811.0470027108574,4.0,4.0
-164.33248170950262,811.128175638927,4.0,4.0
-164.06768790592304,811.2080697783722,4.0,4.0
-163.53713758050677,811.3648133255099,4.0,4.0
-163.27157971539367,811.4422107839525,4.0,4.0
-163.00588431896122,811.519121085558,4.0,4.0
-162.74009723484212,811.5956660192251,4.0,4.0
-162.47426430674727,811.6721500561071,4.0,4.0
-161.94238451214432,811.8245091771389,4.0,4.0
-161.676352925631,811.9006887315776,4.0,4.0
-161.41032133841225,811.9766855968894,4.0,4.0
-161.1442897506282,812.0525606688932,4.0,4.0
-160.8782428811691,812.1284357403702,4.0,4.0
-160.61219601186798,812.2042499166382,4.0,4.0
-160.3461185819114,812.2800641050901,4.0,4.0
-159.81365809259756,812.429926507089,4.0,4.0
-159.5469999714201,812.5023914616747,4.0,4.0
-159.27989869253085,812.5732731418582,4.0,4.0
-158.74474869738054,812.7131487702169,4.0,4.0
-158.47682222948106,812.7821427072886,4.0,4.0
-158.20869710421647,812.8506494815838,4.0,4.0
-157.94040388440035,812.9186690915677,4.0,4.0
-157.40354238641075,813.0533077589362,4.0,4.0
-157.1350505154109,813.1204139729521,4.0,4.0
-156.8665586451713,813.1874592999985,4.0,4.0
-156.59805149431895,813.2542610497796,4.0,4.0
-156.06106775907986,813.3878036771741,4.0,4.0
-155.79254533062274,813.4545445503267,4.0,4.0
-155.52402290106707,813.5213463160945,4.0,4.0
-155.255485189529,813.5877827080891,4.0,4.0
-154.9869474773383,813.6542799920248,4.0,4.0
-154.44979564696766,813.7872745607747,4.0,4.0
-154.1812273729606,813.853771849852,4.0,4.0
-153.91264381801275,813.9202691404207,4.0,4.0
-153.64407554453098,813.9867055381802,4.0,4.0
-153.37549198994788,814.0532028304052,4.0,4.0
-152.83838600655534,814.186197422922,4.0,4.0
-152.5698024527332,814.2526947206595,4.0,4.0
-152.30115777425704,814.3187048634695,4.0,4.0
-152.03234500263383,814.3836189013311,4.0,4.0
-151.76327244993826,814.4465234109833,4.0,4.0
-151.49380258437063,814.5068703374798,4.0,4.0
-151.223752031446,814.5642334175782,4.0,4.0
-150.68183245482481,814.6725656160295,4.0,4.0
-150.41033018155662,814.7248135294146,4.0,4.0
-150.13853756394673,814.775843541107,4.0,4.0
-149.86651572644718,814.8258383351315,4.0,4.0
-149.5943105128578,814.8749197042216,4.0,4.0
-149.321983048505,814.9233312240176,4.0,4.0
-148.77706833737687,815.0188754701395,4.0,4.0
-148.50451165282612,815.0661908759839,4.0,4.0
-148.2319244045249,815.1134453822377,4.0,4.0
-147.95929131157374,815.160638988332,4.0,4.0
-147.68661237414227,815.2077716982519,4.0,4.0
-147.4139334364821,815.2547217202726,4.0,4.0
-146.86856028171277,815.3486217778138,4.0,4.0
-146.5958660630982,815.3955109075262,4.0,4.0
-146.32315656281907,815.4423391427466,4.0,4.0
-146.05044706247037,815.4892282710457,4.0,4.0
-145.7777222805297,815.5359956095034,4.0,4.0
-145.5049669359813,815.5826411581045,4.0,4.0
-145.23221159103392,815.6293475991488,4.0,4.0
-144.95945624542344,815.6760540351144,4.0,4.0
-144.686716180611,815.7227604703489,4.0,4.0
-144.14125133175185,815.8160515482753,4.0,4.0
-143.86851126692727,815.8626970904961,4.0,4.0
-143.5957253573225,815.9090381518674,4.0,4.0
-143.322893603174,815.9549529448616,4.0,4.0
-143.05001600442216,816.0008677337668,4.0,4.0
-142.7771078427012,816.0467825220761,4.0,4.0
-142.50416911821455,816.0925755171377,4.0,4.0
-142.23121511284464,816.1382467250196,4.0,4.0
-141.95824582687712,816.1838570440825,4.0,4.0
-141.41226141232187,816.274834106973,4.0,4.0
-141.1392615648619,816.3202008513441,4.0,4.0
-140.86627699903963,816.3656284941487,4.0,4.0
-140.5932924344605,816.410995249885,4.0,4.0
-140.32029258921474,816.4564229024036,4.0,4.0
-140.04730802561394,816.5017287691408,4.0,4.0
-139.77429289975112,816.5470346386314,4.0,4.0
-139.50127777416958,816.5922796131296,4.0,4.0
-138.9552475244058,816.6827695749738,4.0,4.0
-138.68224768232855,816.7278318816973,4.0,4.0
-138.4092325600288,816.7729550870849,4.0,4.0
-138.13621743848435,816.8180174050852,4.0,4.0
-137.8632175985725,816.8631406203583,4.0,4.0
-137.59020247790616,816.907898468523,4.0,4.0
-137.31712623308795,816.9516211100298,4.0,4.0
-136.77066812052334,817.0369959849538,4.0,4.0
-136.4972709707849,817.0793789495851,4.0,4.0
-136.22384325864383,817.1213356530063,4.0,4.0
-135.95035442140374,817.162926987721,4.0,4.0
-135.67683502176794,817.2043965330342,4.0,4.0
-135.12967397261525,817.2866048907324,4.0,4.0
-134.85607816741373,817.3277090742322,4.0,4.0
-134.5824518001602,817.3685696814059,4.0,4.0
-134.30882543346826,817.4093085024641,4.0,4.0
-134.03515322342966,817.4501082219115,4.0,4.0
-133.4877629606534,817.5315858811443,4.0,4.0
-133.21406018937265,817.5723247158285,4.0,4.0
-132.94038798179534,817.6130635592757,4.0,4.0
-132.6667157753413,817.6538633054914,4.0,4.0
-132.39305885078173,817.6944194773353,4.0,4.0
-132.11938664546454,817.7349756516736,4.0,4.0
-131.84572972183582,817.7755927247226,4.0,4.0
-131.2984311558943,817.8564006088548,4.0,4.0
-131.02477423182413,817.8968958930212,4.0,4.0
-130.75110202611557,817.9372693850175,4.0,4.0
-130.47739925748803,817.9776428766836,4.0,4.0
-130.20369648824823,818.0180772579425,4.0,4.0
-129.65630622970164,818.098885121301,4.0,4.0
-129.38260345942166,818.1392586049517,4.0,4.0
-129.1089159702526,818.1797538799879,4.0,4.0
-128.8351979180197,818.2201273603753,4.0,4.0
-128.28776181065138,818.3006307254259,4.0,4.0
-128.01404375595465,818.3406997195436,4.0,4.0
-127.74030277903654,818.3808296058719,4.0,4.0
-127.46653887972437,818.4208985961939,4.0,4.0
-127.19276733921656,818.4610284776309,4.0,4.0
-126.91898815692,818.5011583513501,4.0,4.0
-126.64519369287493,818.5412273288127,4.0,4.0
-126.37140686893193,818.5814180944899,4.0,4.0
-125.82384086033102,818.6616778273267,4.0,4.0
-125.55003875423486,818.7015641139576,4.0,4.0
-125.27622900733326,818.7415721891405,4.0,4.0
-125.00241925997707,818.7814584722155,4.0,4.0
-124.7285942300869,818.8214056429194,4.0,4.0
-124.18092888834698,818.9009955071951,4.0,4.0
-123.90708857665048,818.9406990984894,4.0,4.0
-123.63324826503599,818.9805244782176,4.0,4.0
-123.35939267197305,819.0202889645225,4.0,4.0
-122.81169676708011,819.099878831828,4.0,4.0
-122.53784117391356,819.1396433181758,4.0,4.0
-122.26398558064484,819.1794686990045,4.0,4.0
-121.99011470591674,819.2191113974711,4.0,4.0
-121.7162361905273,819.2588149871897,4.0,4.0
-121.44236531574649,819.2983967895798,4.0,4.0
-120.89462356621821,819.3773777110615,4.0,4.0
-120.62072976976872,819.4168377259537,4.0,4.0
-120.34682069193744,819.4563586379295,4.0,4.0
-120.07291161431424,819.495757763859,4.0,4.0
-119.5251316635929,819.5747387052808,4.0,4.0
-119.25125314988765,819.6141987336962,4.0,4.0
-118.97735935516391,819.653597872241,4.0,4.0
-118.70347320141477,819.6931188020227,4.0,4.0
-118.15576201865115,819.7718561877463,4.0,4.0
-117.88191406774588,819.8110726445827,4.0,4.0
-117.60808139798284,819.8501673104288,4.0,4.0
-117.33424872826421,819.8893228718553,4.0,4.0
-117.06042369844766,819.9285393259634,4.0,4.0
-116.51271251153373,820.0067895326612,4.0,4.0
-116.23883399550651,820.0458841850214,4.0,4.0
-115.9649325572219,820.0850397316945,4.0,4.0
-115.69102347801834,820.1241952752227,4.0,4.0
-115.14320531851595,820.2025063582914,4.0,4.0
-114.8692885982577,820.2416619034906,4.0,4.0
-114.59537187848453,820.2807565550793,4.0,4.0
-114.32146279918062,820.319729416952,4.0,4.0
-114.04756136038947,820.3587022805057,4.0,4.0
-113.77364464012359,820.3976142480121,4.0,4.0
-113.22580355856012,820.4752554950959,4.0,4.0
-112.95187919780018,820.5141065713805,4.0,4.0
-112.67792427447802,820.5529576484262,4.0,4.0
-112.40396171068562,820.5918696205806,4.0,4.0
-112.12996858459555,820.630659805661,4.0,4.0
-111.85596017733786,820.6694499929711,4.0,4.0
-111.3079739278786,820.7472130733336,4.0,4.0
-111.03399608560144,820.7860032787227,4.0,4.0
-110.76004880599106,820.8247325960774,4.0,4.0
-110.48612444829988,820.8633401215794,4.0,4.0
-109.93823753020725,820.9404333895694,4.0,4.0
-109.66429025086482,820.978919130868,4.0,4.0
-109.39032768990947,821.0175266596688,4.0,4.0
-109.11637276849014,821.0560732861954,4.0,4.0
-108.84239492443731,821.0946808034876,4.0,4.0
-108.56840943942174,821.1332274248409,4.0,4.0
-108.29442395427506,821.171774044406,4.0,4.0
-108.02042318745166,821.2102597682564,4.0,4.0
-107.47239873093356,821.2868658427774,4.0,4.0
-107.19837504186916,821.3251688807662,4.0,4.0
-106.92434371226351,821.3633501297008,4.0,4.0
-106.65027417963036,821.4015922779149,4.0,4.0
-106.10209690969533,821.4781374600001,4.0,4.0
-105.82800445498123,821.5164405030471,4.0,4.0
-105.27984247011673,821.59292482464,4.0,4.0
-105.0057500175921,821.6311060992348,4.0,4.0
-104.73167284683633,821.6692873775438,4.0,4.0
-104.45758803571499,821.7073468704019,4.0,4.0
-103.90942605473394,821.7832222838601,4.0,4.0
-103.63534124414235,821.8210991001342,4.0,4.0
-103.36125643355119,821.8590977050383,4.0,4.0
-103.08717162297509,821.8969745236302,4.0,4.0
-102.53900964275721,821.9727890577683,4.0,4.0
-102.26494011378713,822.0107876727897,4.0,4.0
-101.990855303548,822.0486644994759,4.0,4.0
-101.71677049316155,822.0866022191685,4.0,4.0
-101.4426856828697,822.1244790456635,4.0,4.0
-101.16857795069038,822.1623558745209,4.0,4.0
-100.89445493728431,822.2001109145826,4.0,4.0
-100.62032428319287,822.237683271996,4.0,4.0
-100.07205533394738,822.3129497735661,4.0,4.0
-99.79793232046627,822.3505221346052,4.0,4.0
-99.52380930733419,822.3880944981404,4.0,4.0
-99.24967865367131,822.4257277607221,4.0,4.0
-98.97557092187766,822.4634219183329,4.0,4.0
-98.70147083036692,822.5009942818324,4.0,4.0
-98.15330120907402,822.5760172221414,4.0,4.0
-97.87920875767827,822.6135286917572,4.0,4.0
-97.60510866546966,822.6507965829064,4.0,4.0
-97.33100093132214,822.6881253581303,4.0,4.0
-97.05687027405402,822.7255150216242,4.0,4.0
-96.78271669440434,822.7628437854462,4.0,4.0
-96.50853255192001,822.8001116539506,4.0,4.0
-96.23434840932883,822.8374404152961,4.0,4.0
-95.68596484233291,822.9119761528418,4.0,4.0
-95.41175777744427,822.9492440202812,4.0,4.0
-95.1375507125945,822.9865727847221,4.0,4.0
-94.86332836648917,823.0238406568433,4.0,4.0
-94.58910602038318,823.0611694242237,4.0,4.0
-94.31486839323587,823.0983764044305,4.0,4.0
-94.04062312559503,823.135461599322,4.0,4.0
-93.49217079482675,823.2094493181876,4.0,4.0
-93.21795609119252,823.2463518422744,4.0,4.0
-92.94375666905958,823.2833152684639,4.0,4.0
-92.66954196579609,823.3203395904225,4.0,4.0
-92.39535018431306,823.3573639118824,4.0,4.0
-92.12116604319753,823.3943882355205,4.0,4.0
-91.57285888504563,823.468254188705,4.0,4.0
-91.29872822732258,823.5052785044254,4.0,4.0
-91.02459756877613,823.5421201314471,4.0,4.0
-90.75044398757092,823.5787790662102,4.0,4.0
-90.47626748313101,823.6154988862406,4.0,4.0
-90.20207569614081,823.6521578003519,4.0,4.0
-89.6536004319826,823.7254756101709,4.0,4.0
-89.37936279879922,823.7621954004313,4.0,4.0
-89.10511752435323,823.7988542925212,4.0,4.0
-88.55659641209844,823.8721720704493,4.0,4.0
-88.28232057453265,823.9088918547585,4.0,4.0
-88.00800653346869,823.9454898468911,4.0,4.0
-87.73370013264412,823.9819660479509,4.0,4.0
-87.18504912837699,824.0546748777776,4.0,4.0
-86.91071980656679,824.0910901946017,4.0,4.0
-86.63639048505291,824.127383725644,4.0,4.0
-86.36207644485769,824.163799051555,4.0,4.0
-86.08776240493131,824.2000925879745,4.0,4.0
-85.53909612248304,824.2728623557907,4.0,4.0
-85.26474388003129,824.3091559044273,4.0,4.0
-84.99039927835273,824.3455712423131,4.0,4.0
-84.71603175496125,824.381803901444,4.0,4.0
-84.16730434963264,824.4539647554992,4.0,4.0
-83.89295974958138,824.4900756415918,4.0,4.0
-83.61864571240895,824.5260647449977,4.0,4.0
-83.34431639435618,824.5621147463019,4.0,4.0
-82.79569596187339,824.6342147626262,4.0,4.0
-82.52137428500721,824.6702647754698,4.0,4.0
-82.24704496751986,824.7063147905279,4.0,4.0
-81.9726927282677,824.7423648083847,4.0,4.0
-81.4239653279167,824.8144648482861,4.0,4.0
-81.14961308854922,824.850210395701,4.0,4.0
-80.87525320899847,824.8859559502105,4.0,4.0
-80.60090097034802,824.9216406141536,4.0,4.0
-80.32654109121782,824.957447070689,4.0,4.0
-79.77788245793528,825.0289381989022,4.0,4.0
-79.50357606284557,825.064683763477,4.0,4.0
-79.22923910526478,825.100490223932,4.0,4.0
-78.95489450708499,825.136235792596,4.0,4.0
-78.6805499086117,825.1719204657771,4.0,4.0
-78.13179958470572,825.2432897953895,4.0,4.0
-77.85740150034135,825.2787308758183,4.0,4.0
-77.58300341591348,825.3141719612192,4.0,4.0
-77.30859769096476,825.3495521531054,4.0,4.0
-77.03418432513429,825.3849932401497,4.0,4.0
-76.75977859999824,825.4204343298172,4.0,4.0
-76.21095186815582,825.4911947244293,4.0,4.0
-75.93651558048438,825.5266967111679,4.0,4.0
-75.6620716520737,825.5620769129508,4.0,4.0
-75.38759716103776,825.5975180119353,4.0,4.0
-75.11313031069102,825.6328982168272,4.0,4.0
-74.83866346051674,825.668278425997,4.0,4.0
-74.56421189184631,825.7037804305919,4.0,4.0
-74.28976032351888,825.7389170711356,4.0,4.0
-73.7408571873236,825.8091294690024,4.0,4.0
-73.46639033820173,825.844205226525,4.0,4.0
-73.1919158482689,825.8792809841889,4.0,4.0
-72.91747956126049,825.9143567418803,4.0,4.0
-72.64305091452722,825.9494324992476,4.0,4.0
-72.36862226750573,825.9846300438193,4.0,4.0
-71.81981081726907,826.0546597732761,4.0,4.0
-71.54539745060224,826.0897355246892,4.0,4.0
-71.27096116119225,826.1249330569993,4.0,4.0
-70.99650958971323,826.160008795023,4.0,4.0
-70.44756060145,826.229612202699,4.0,4.0
-70.17304790350416,826.2643834582739,4.0,4.0
-69.89853520518388,826.2990938141694,4.0,4.0
-69.62403014712156,826.3338650631093,4.0,4.0
-69.34951744813172,826.3686972045257,4.0,4.0
-69.07500474899336,826.4034684539735,4.0,4.0
-68.52599463216234,826.4729500638523,4.0,4.0
-68.25148957327981,826.5077822079136,4.0,4.0
-67.97697687346948,826.5425534561284,4.0,4.0
-67.70246417344185,826.5773247061697,4.0,4.0
-66.8788649469348,826.6811512886591,4.0,4.0
-66.60432168340961,826.715557163981,4.0,4.0
-66.32978606026529,826.750023932856,4.0,4.0
-66.05525807764458,826.7845516005045,4.0,4.0
-65.50620211211786,826.8534851451504,4.0,4.0
-65.23166648826074,826.8879519154515,4.0,4.0
-64.95713850474934,826.9224795789997,4.0,4.0
-64.68259523959348,826.9568854515983,4.0,4.0
-64.40803669308684,826.9913522178767,4.0,4.0
-64.1334628652607,827.0258189882372,4.0,4.0
-63.584299927665725,827.094569839297,4.0,4.0
-63.30971463814481,827.1286712377592,4.0,4.0
-63.03513698922091,827.1628944271915,4.0,4.0
-62.76056316091103,827.1969958317395,4.0,4.0
-62.48600079368744,827.231097239863,4.0,4.0
-62.211438426151396,827.2652595437163,4.0,4.0
-61.66240155781887,827.3344975741488,4.0,4.0
-61.38788885385702,827.3690861416096,4.0,4.0
-61.11339907172763,827.4037964994695,4.0,4.0
-60.83891692980616,827.4384459599692,4.0,4.0
-60.56445006894133,827.4732172083518,4.0,4.0
-60.29002141072721,827.5079884561244,4.0,4.0
-60.01559657256402,827.5427596989161,4.0,4.0
-59.74119083567198,827.5775309407395,4.0,4.0
-59.19237553999116,827.6470125150216,4.0,4.0
-58.91795834011127,827.6817837372771,4.0,4.0
-58.64351439738903,827.7165549495994,4.0,4.0
-58.36905135236735,827.7513261566296,4.0,4.0
-58.094576845901855,827.7860973598674,4.0,4.0
-57.54563165175779,827.8557006418987,4.0,4.0
-57.271157143861245,827.8905327238291,4.0,4.0
-56.996678815367396,827.9253039084994,4.0,4.0
-56.7221966662601,827.9600750922552,4.0,4.0
-56.44771069651267,827.9948462721991,4.0,4.0
-55.89870819283132,828.0642059290842,4.0,4.0
-55.624187838830736,828.0986726197257,4.0,4.0
-55.34965220326818,828.1332002038699,4.0,4.0
-55.07511656753309,828.1676668919379,4.0,4.0
-54.80057329103464,828.2021944732478,4.0,4.0
-54.52603001435061,828.2367220556732,4.0,4.0
-54.251463815761525,828.2711278496893,4.0,4.0
-53.976882335893954,828.305655435174,4.0,4.0
-53.427692634072294,828.37464971532,4.0,4.0
-53.15309587307097,828.4091773104378,4.0,4.0
-52.87850293266006,828.443583121362,4.0,4.0
-52.60391381297196,828.4778062532985,4.0,4.0
-52.329328513777,828.5119076019182,4.0,4.0
-52.05475467569943,828.5461307475182,4.0,4.0
-51.78018847837434,828.5803538953201,4.0,4.0
-51.505633742122285,828.6145770474377,4.0,4.0
-51.231044623223134,828.6488002044882,4.0,4.0
-50.681812901056745,828.7171856370655,4.0,4.0
-50.40718557925075,828.7514088051857,4.0,4.0
-50.13256971850103,828.7855710857507,4.0,4.0
-49.857942397001246,828.8197333717468,4.0,4.0
-49.583334177608464,828.8535911916188,4.0,4.0
-49.03432785666595,828.9231945982053,4.0,4.0
-48.75999088013843,828.9594273366589,4.0,4.0
-48.485653903734246,828.9957209759048,4.0,4.0
-48.21141243517769,829.0321973020201,4.0,4.0
-47.93724355245591,829.0691607889237,4.0,4.0
-47.66311669313106,829.1063678556718,4.0,4.0
-47.114947021045225,829.18114735827,4.0,4.0
-46.84088128617832,829.2187197946423,4.0,4.0
-46.56681555088599,829.2562922265711,4.0,4.0
-46.29274981524209,829.2939864454895,4.0,4.0
-45.74460306208158,829.3694357728083,4.0,4.0
-45.47051058358075,829.4070690941312,4.0,4.0
-45.19639900336499,829.4447024158019,4.0,4.0
-44.92227596193551,829.4822748444263,4.0,4.0
-44.6481338186376,829.5198472701593,4.0,4.0
-44.09985717284502,829.5949921323925,4.0,4.0
-43.82572267034681,829.6326254648843,4.0,4.0
-43.55158816778146,829.6701979061941,4.0,4.0
-43.27746130582602,829.7077703510852,4.0,4.0
-42.72915409748759,829.7828543563503,4.0,4.0
-42.45496993068188,829.8204268111988,4.0,4.0
-42.18081632635306,829.8579992666555,4.0,4.0
-41.906662721686736,829.8955717217787,4.0,4.0
-41.632501476198144,829.9329614914595,4.0,4.0
-41.08421718869563,830.0073147905382,4.0,4.0
-40.810090326081976,830.0445827810379,4.0,4.0
-40.53595964278225,830.0818507691783,4.0,4.0
-40.26180985746347,830.119179651259,4.0,4.0
-39.98764861086284,830.1563867407154,4.0,4.0
-39.43936049944333,830.2311053825501,4.0,4.0
-39.16528329864113,830.2689823025737,4.0,4.0
-38.89122137884121,830.3067374305904,4.0,4.0
-38.61716709930343,830.3444925561353,4.0,4.0
-38.34312810056497,830.3823085701495,4.0,4.0
-37.795046281200996,830.4580623668011,4.0,4.0
-37.520995819946606,830.4961219353603,4.0,4.0
-37.24693007690836,830.5340597115551,4.0,4.0
-36.972845231987904,830.5719365876544,4.0,4.0
-36.69874128516078,830.6099352517117,4.0,4.0
-36.15052192994015,830.6856889932249,4.0,4.0
-35.87640270114427,830.7235658626885,4.0,4.0
-35.60228347230916,830.7614427329572,4.0,4.0
-35.32816806370138,830.7994413965437,4.0,4.0
-35.05405647536739,830.8373182718296,4.0,4.0
-34.77994870717542,830.8751951485772,4.0,4.0
-34.23172935019766,830.9510097982361,4.0,4.0
-33.95759483956466,830.9888866806273,4.0,4.0
-33.683441227252274,831.0266417763501,4.0,4.0
-33.40927615394312,831.0643359799681,4.0,4.0
-32.860919264889695,831.1395417093272,4.0,4.0
-32.58675037128708,831.1771141380439,4.0,4.0
-32.31259675919015,831.214808365046,4.0,4.0
-32.03845842834633,831.2523808101434,4.0,4.0
-31.764325828142873,831.2899532612141,4.0,4.0
-31.49020850909945,831.3275866141754,4.0,4.0
-31.216091190113797,831.3651590725271,4.0,4.0
-30.941979601452037,831.4027315355047,4.0,4.0
-30.39377934544539,831.4778764647492,4.0,4.0
-30.11969258823924,831.5153271387392,4.0,4.0
-29.845603920745415,831.552595131373,4.0,4.0
-29.29741130356658,831.627192001792,4.0,4.0
-29.02330926406337,831.6644599848723,4.0,4.0
-28.749193853086496,831.7016670705352,4.0,4.0
-28.47506889105788,831.7389959417278,4.0,4.0
-28.200949659153387,831.7762030202982,4.0,4.0
-27.65269782354132,831.8509216461399,4.0,4.0
-27.378551848637848,831.8881896156239,4.0,4.0
-27.104400143169794,831.925396689564,4.0,4.0
-26.830235066233392,831.9624210777574,4.0,4.0
-26.556056617926952,831.9994454615833,4.0,4.0
-26.007672978423972,832.0734333294167,4.0,4.0
-25.7334773380796,832.1104577160986,4.0,4.0
-25.459275967275158,832.1474212063131,4.0,4.0
-25.18510133835474,832.1845064855759,4.0,4.0
-24.6367616306658,832.2585552557298,4.0,4.0
-24.3625487980744,832.2955187472933,4.0,4.0
-24.08832832475556,832.332299558622,4.0,4.0
-23.814083019088496,832.369080366253,4.0,4.0
-23.539814791170805,832.4058611671549,4.0,4.0
-22.991261143501863,832.4793618847079,4.0,4.0
-22.716943251810726,832.5166907747442,4.0,4.0
-22.44255277439145,832.5532280500845,4.0,4.0
-22.167717228861815,832.5892781338326,4.0,4.0
-21.616936334861443,832.6626570859728,4.0,4.0
-21.34156212390279,832.6994379101135,4.0,4.0
-21.06672276185316,832.7372541245225,4.0,4.0
-20.7909053938566,832.773243322581,4.0,4.0
-20.515659162066513,832.8097805307,4.0,4.0
-19.966771232116017,832.8829767688287,4.0,4.0
-19.69232726722637,832.9195748994307,4.0,4.0
-19.417883302190667,832.9560512502271,4.0,4.0
-19.14344124727721,832.9922840270706,4.0,4.0
-18.868991551746667,833.0285777043011,4.0,4.0
-18.594566688100254,833.0649322794523,4.0,4.0
-18.320159015637287,833.101225960426,4.0,4.0
-18.045751343088448,833.137641434362,4.0,4.0
-17.496979931093694,833.2102288119202,4.0,4.0
-17.22259900034363,833.2465225056671,4.0,4.0
-16.948216159007803,833.2827553001082,4.0,4.0
-16.673835227638577,833.31886629989,4.0,4.0
-16.399442835058096,833.3548555106615,4.0,4.0
-15.850574002337748,833.4268948292311,4.0,4.0
-15.576130989890451,833.4628840402033,4.0,4.0
-15.301690842563822,833.4989950452168,4.0,4.0
-15.027244964472665,833.5349842572846,4.0,4.0
-14.752820098167962,833.5710343716804,4.0,4.0
-14.203696257814016,833.6428301801226,4.0,4.0
-13.930080343145352,833.6788194157871,4.0,4.0
-13.657409957012206,833.7143823896457,4.0,4.0
-13.38441579868352,833.75000625861,4.0,4.0
-13.111174274547587,833.7856301284189,4.0,4.0
-12.565637710117702,833.8566343319316,4.0,4.0
-12.294084765786241,833.892075521652,4.0,4.0
-12.022305467362028,833.9275167127954,4.0,4.0
-11.750272117764961,833.9630188032307,4.0,4.0
-11.2065645278281,834.0339621098817,4.0,4.0
-10.934768037354164,834.0693424340411,4.0,4.0
-10.66298873825204,834.1047836599461,4.0,4.0
-10.391247642166707,834.1400422054608,4.0,4.0
-10.119544748932,834.1751789619161,4.0,4.0
-9.576257391474154,834.2453915805638,4.0,4.0
-9.304667196873055,834.2804674393188,4.0,4.0
-9.033101833997481,834.3155432970766,4.0,4.0
-8.761549841963031,834.3506191540334,4.0,4.0
-8.218388552004107,834.4207708304388,4.0,4.0
-7.946793102824646,834.4558466561434,4.0,4.0
-7.675190490231113,834.4910442613008,4.0,4.0
-7.403579759164316,834.5261200721275,4.0,4.0
-7.131957566900791,834.5611958800819,4.0,4.0
-6.588707451203199,834.6313474806709,4.0,4.0
-6.317088600826867,834.6662405911384,4.0,4.0
-6.045467840210723,834.7010728043475,4.0,4.0
-5.77385185468378,834.7358441159689,4.0,4.0
-5.502233958914463,834.7705545359961,4.0,4.0
-5.230611287412849,834.8053258493088,4.0,4.0
-4.958963783719355,834.8400362609432,4.0,4.0
-4.415345003565324,834.9100051431844,4.0,4.0
-4.144185544689837,834.9442892779755,4.0,4.0
-3.874025337441111,834.9788169906768,4.0,4.0
-3.603762936414931,835.0134055934636,4.0,4.0
-3.3331672125321354,835.047994194379,4.0,4.0
-3.0627063936091368,835.0830091003288,4.0,4.0
-2.521864026456573,835.1514555807582,4.0,4.0
-2.2498280419622247,835.1862268532764,4.0,4.0
-1.9778340808493375,835.2208154442803,4.0,4.0
-1.7062053180471572,835.2553431511296,4.0,4.0
-1.4345408589389415,835.2898099656525,4.0,4.0
-0.8909928688725728,835.3588045028475,4.0,4.0
-0.6192110538461506,835.3933322271013,4.0,4.0
-0.3473889163477679,835.4277990629262,4.0,4.0
-0.07553136608807876,835.4623267974723,4.0,4.0
0.19634959878126423,835.4967327438876,4.0,4.0
0.7401151554226182,835.5653619795532,4.0,4.0
1.0119996428019142,835.5995852722652,4.0,4.0
1.2838861599934148,835.6336867822083,4.0,4.0
1.5557770946115923,835.6679100865997,4.0,4.0
1.8276772221847146,835.7020725053455,4.0,4.0
2.0995919149270037,835.7362349248742,4.0,4.0
2.3715242769209404,835.7703364566582,4.0,4.0
2.9154169377928447,835.8387222114484,4.0,4.0
3.1873777141395223,835.8728237465975,4.0,4.0
3.4595763055814217,835.906864408462,4.0,4.0
3.7321230236965803,835.9412095250118,4.0,4.0
4.0055422070951785,835.9755546469446,4.0,4.0
4.278832693899268,836.0098997705489,4.0,4.0
4.825230293194327,836.0781029108614,4.0,4.0
5.097985220147557,836.1124480615936,4.0,4.0
5.371618820030218,836.1468540602698,4.0,4.0
5.646425735345979,836.1811382716005,4.0,4.0
5.921068854805567,836.215239804511,4.0,4.0
6.195564414818664,836.2494631284951,4.0,4.0
6.4701339937180435,836.283625562053,4.0,4.0
7.01933714273861,836.3518895450243,4.0,4.0
7.293960684391854,836.3861128801313,4.0,4.0
7.5686081033560075,836.4202753214922,4.0,4.0
7.843278922054413,836.4544377623483,4.0,4.0
8.117975528106948,836.4886002019513,4.0,4.0
8.667452788079999,836.5569250857335,4.0,4.0
8.942223413557029,836.5910266347867,4.0,4.0
9.217010275700824,836.624945497226,4.0,4.0
9.491811464295647,836.6588034652202,4.0,4.0
9.766618383641825,836.692600541842,4.0,4.0
10.041430078625677,836.726458514001,4.0,4.0
10.316246549439581,836.7603773849962,4.0,4.0
10.865895728109317,836.8280324416384,4.0,4.0
11.140727480866135,836.8618904192634,4.0,4.0
11.415537267084721,836.8957483919454,4.0,4.0
11.690328906979147,836.9296672547875,4.0,4.0
12.239699204716379,836.9988446603226,4.0,4.0
12.51422819838815,837.0349557332431,4.0,4.0
12.788762922798012,837.0709450077891,4.0,4.0
13.063360682539539,837.1077259146466,4.0,4.0
13.337842878031474,837.1446895111393,4.0,4.0
13.888226516876705,837.2178250100337,4.0,4.0
14.162461346998045,837.2549103630884,4.0,4.0
14.43650325125255,837.29217839783,4.0,4.0
14.710698924066694,837.3297509406615,4.0,4.0
14.984133399363657,837.3672626189759,4.0,4.0
15.531279320667114,837.4416159580732,4.0,4.0
15.805780618770525,837.4790666560001,4.0,4.0
16.079967696088556,837.516334668498,4.0,4.0
16.35414044744168,837.5536026790273,4.0,4.0
16.628359042671963,837.5909315874202,4.0,4.0
17.1767408394483,837.6654676195061,4.0,4.0
17.45091741197914,837.7027356366134,4.0,4.0
17.725084434097393,837.739881867321,4.0,4.0
17.999243815669516,837.7770280963971,4.0,4.0
18.273382185585056,837.8139307464544,4.0,4.0
18.821613082590034,837.8878578349095,4.0,4.0
19.095717070458203,837.9247604844941,4.0,4.0
19.369811507698007,837.9617240278325,4.0,4.0
19.643904034982928,837.9986266756332,4.0,4.0
19.918002292815263,838.0356511072807,4.0,4.0
20.1921024609031,838.0725537456576,4.0,4.0
20.466206449520016,838.1095172756202,4.0,4.0
21.01443734909599,838.1832007553664,4.0,4.0
21.289080003355497,838.2197380315029,4.0,4.0
21.562620495585506,838.256701551212,4.0,4.0
21.835251752427713,838.2932388076769,4.0,4.0
22.107967056448636,838.329715167349,4.0,4.0
22.65374340340007,838.4026678738112,4.0,4.0
22.92655994826698,838.4389007215541,4.0,4.0
23.198858837291723,838.4755597266092,4.0,4.0
23.470238940196516,838.5119751564566,4.0,4.0
23.74172792223832,838.5482687900126,4.0,4.0
24.013444213168363,838.5846842091701,4.0,4.0
24.285076457230627,838.6208560451282,4.0,4.0
24.82818049246471,838.6929561435343,4.0,4.0
25.099743971264346,838.7290061886358,4.0,4.0
25.37133037183677,838.7651171189278,4.0,4.0
25.642924412811553,838.801288935417,4.0,4.0
25.91449744231663,838.8373998568889,4.0,4.0
26.18604372983551,838.8733889920732,4.0,4.0
26.729117203946863,838.9454890628372,4.0,4.0
27.000634839796863,838.9815999947505,4.0,4.0
27.272158206448772,839.0176500391158,4.0,4.0
27.543691124191355,839.053578296701,4.0,4.0
27.815237413385194,839.0895065597822,4.0,4.0
28.086793253650605,839.125313036913,4.0,4.0
28.358337633306096,839.1611195194653,4.0,4.0
28.629862911942276,839.1968651171221,4.0,4.0
29.17287335751633,839.2683563454481,4.0,4.0
29.444358524311344,839.3041019717435,4.0,4.0
29.71584751199005,839.3398476068073,4.0,4.0
29.987325038935694,839.375593244372,4.0,4.0
30.258804476443345,839.4113997796193,4.0,4.0
30.530282003973866,839.4470845283444,4.0,4.0
30.801763352221705,839.4828301727684,4.0,4.0
31.073259981952802,839.5184540313261,4.0,4.0
31.61692752857928,839.5896408604889,4.0,4.0
31.889852957523193,839.6252038143334,4.0,4.0
32.16273636328051,839.660705875725,4.0,4.0
32.435442124563195,839.6962688367755,4.0,4.0
32.707804060686556,839.7325626191441,4.0,4.0
32.98093387858709,839.7680038107655,4.0,4.0
33.2537198664436,839.8035058547933,4.0,4.0
33.7990970069277,839.8744490584918,4.0,4.0
34.07214277732308,839.9100120063456,4.0,4.0
34.34505865719612,839.945635853468,4.0,4.0
34.6180127404005,839.9811379072187,4.0,4.0
34.891027948957976,840.0167008559258,4.0,4.0
35.43713095255783,840.0878876472985,4.0,4.0
35.710214927189945,840.1230852229269,4.0,4.0
36.25645164271574,840.193663058054,4.0,4.0
36.52960438382695,840.228860633398,4.0,4.0
37.07597481183349,840.2993166796889,4.0,4.0
37.34919631897729,840.3345751496147,4.0,4.0
37.622436928091204,840.3698945114986,4.0,4.0
37.89568135763521,840.4050920868094,4.0,4.0
38.442200780148234,840.475669924457,4.0,4.0
38.71546813245497,840.5108675045831,4.0,4.0
38.98875076624577,840.5461259800941,4.0,4.0
39.262285541993975,840.5812626820498,4.0,4.0
39.5361526844364,840.6167647275524,4.0,4.0
40.08527374509822,840.6875861303768,4.0,4.0
40.35967573254352,840.7229663850715,4.0,4.0
40.6341159259182,840.7579813225839,4.0,4.0
40.90809003916259,840.7935442821667,4.0,4.0
41.45880799039804,840.8643655970086,4.0,4.0
41.73460057209539,840.8996849073324,4.0,4.0
42.01033202876218,840.9348824265691,4.0,4.0
42.286124610681654,840.9701408385181,4.0,4.0
42.56194393496334,841.0054601457747,4.0,4.0
42.83778618137778,841.0406576639716,4.0,4.0
43.3895203388314,841.1112353861179,4.0,4.0
43.665408429600014,841.1464329076517,4.0,4.0
43.94129652078178,841.1816913258377,4.0,4.0
44.21719225302236,841.2170106444416,4.0,4.0
44.493091805978466,841.2522081779222,4.0,4.0
44.76899135920769,841.2874666078754,4.0,4.0
45.04489855331488,841.3226641460855,4.0,4.0
45.59669384067898,841.3932419062726,4.0,4.0
45.87257047268062,841.4284394437393,4.0,4.0
46.14843564395856,841.4636978735637,4.0,4.0
46.42429699505392,841.49901719892,4.0,4.0
46.70014688515529,841.5340929409248,4.0,4.0
46.97600823620415,841.5689859947638,4.0,4.0
47.52775003883157,841.6388938646878,4.0,4.0
47.80363049075568,841.6738477913345,4.0,4.0
48.07951858322592,841.7087408195125,4.0,4.0
48.35542577736605,841.7436947409233,4.0,4.0
48.63134825290912,841.7785268731013,4.0,4.0
48.90727072855883,841.813419899198,4.0,4.0
49.1834262450116,841.8489218959357,4.0,4.0
49.73432375887459,841.9180990086109,4.0,4.0
50.01018129032764,841.9529920456512,4.0,4.0
50.28611522857858,841.9878241920144,4.0,4.0
50.56163275638865,842.0233262480546,4.0,4.0
50.837761533570536,842.0578539568252,4.0,4.0
51.11335928447886,842.0925643157425,4.0,4.0
51.66421860040358,842.1621677420513,4.0,4.0
51.940225127125856,842.1971217018333,4.0,4.0
52.21601771665538,842.2319538763932,4.0,4.0
52.49181794731322,842.2667251641285,4.0,4.0
52.76763345978155,842.3013137710267,4.0,4.0
53.043418410642005,842.3358414941202,4.0,4.0
53.5949386500118,842.4050796471544,4.0,4.0
53.870658657169535,842.4396682839881,4.0,4.0
54.14637484449231,842.474317820105,4.0,4.0
54.42209103229022,842.5089673597579,4.0,4.0
54.69779193918491,842.5436169007014,4.0,4.0
54.973496666598145,842.5782664434072,4.0,4.0
55.52489466145455,842.6474437444159,4.0,4.0
55.800603210173264,842.6820932906502,4.0,4.0
56.07631557931879,842.716742836288,4.0,4.0
56.35203176890903,842.7511488007085,4.0,4.0
56.6277555992863,842.7854329781821,4.0,4.0
56.90348325027038,842.8197171533332,4.0,4.0
57.17921854235446,842.8541231207214,4.0,4.0
57.454950014256085,842.8884072997603,4.0,4.0
58.00641677885492,842.9570974412811,4.0,4.0
58.282117688459095,842.9913816148157,4.0,4.0
58.55783769978727,843.0256657860305,4.0,4.0
58.833542429905826,843.0600108505339,4.0,4.0
59.10926244135957,843.0943559104112,4.0,4.0
59.384997733852536,843.1287009679052,4.0,4.0
59.93655236455179,843.1972692611466,4.0,4.0
60.212356421797764,843.231614294468,4.0,4.0
60.4881719398818,843.2658984300001,4.0,4.0
60.76401802048592,843.3002434568946,4.0,4.0
61.03986410092331,843.3345884774274,4.0,4.0
61.315683438886566,843.3685681242763,4.0,4.0
61.86731065345118,843.4365882989109,4.0,4.0
62.14313381153232,843.470567934142,4.0,4.0
62.41895696962613,843.5045475690551,4.0,4.0
62.69482597070795,843.5384662944515,4.0,4.0
62.970721713326256,843.5724459044238,4.0,4.0
63.24662509632958,843.6064864024023,4.0,4.0
63.79848152587938,843.6745064908523,4.0,4.0
64.07444221326297,843.7084860846476,4.0,4.0
64.35039908053729,843.7424047821632,4.0,4.0
64.62636358831236,843.7764452666811,4.0,4.0
64.90232809610593,843.8104248567092,4.0,4.0
65.17830788526696,843.8444044446735,4.0,4.0
65.45427239367666,843.87838403649,4.0,4.0
66.00622433289767,843.9463432249036,4.0,4.0
66.28218884174953,843.9803228177989,4.0,4.0
66.55816099140385,844.0141806225846,4.0,4.0
66.83413314136735,844.047855743311,4.0,4.0
67.11010529140138,844.0815917582809,4.0,4.0
67.38606980078856,844.1152059806336,4.0,4.0
67.93793005405325,844.1825562141424,4.0,4.0
68.21385636044117,844.2162922245677,4.0,4.0
68.48977502630783,844.249967341332,4.0,4.0
68.76570897327677,844.2836424525613,4.0,4.0
69.31760742838532,844.3509926518345,4.0,4.0
69.5935642963105,844.3846677458087,4.0,4.0
69.8695211643135,844.4183428397159,4.0,4.0
70.14547803225422,844.4520788261193,4.0,4.0
70.42144254087185,844.4857539182656,4.0,4.0
70.97333335488004,844.5531040958817,4.0,4.0
71.24928258228039,844.5865356021759,4.0,4.0
71.52520888778699,844.6199671092204,4.0,4.0
71.80114283409095,844.6533377199992,4.0,4.0
72.35303364803987,844.7200789337948,4.0,4.0
72.62898287528608,844.7535104323443,4.0,4.0
72.9049397430453,844.786881033701,4.0,4.0
73.18089661091629,844.8201907402049,4.0,4.0
73.45685347892913,844.8535613417368,4.0,4.0
74.00879013728441,844.9204243349579,4.0,4.0
74.28476228702063,844.9537949368197,4.0,4.0
74.5607420774775,844.9871655397798,4.0,4.0
74.83671422753619,845.02053614338,4.0,4.0
75.1126634562606,845.0539676482407,4.0,4.0
75.38861268542537,845.0873991548342,4.0,4.0
75.94052642540433,845.1537141180845,4.0,4.0
76.21649093637772,845.1867802568095,4.0,4.0
76.49244780684879,845.2199072911727,4.0,4.0
76.76844288089904,845.2529734345454,4.0,4.0
77.04446087766496,845.2860395860805,4.0,4.0
77.5965732796713,845.3522936961664,4.0,4.0
77.8726600438621,845.3852989662091,4.0,4.0
78.1487315276334,845.4184260341034,4.0,4.0
78.42478009133487,845.4514922258829,4.0,4.0
78.70081337534914,845.4846193273061,4.0,4.0
78.97680845749822,845.5176855464834,4.0,4.0
79.52879098413752,845.5839398016367,4.0,4.0
79.80476314690574,845.6170060416639,4.0,4.0
80.08072002881502,845.6497069155813,4.0,4.0
80.35666927047895,845.6825295797241,4.0,4.0
80.63261087184372,845.7152913521102,4.0,4.0
80.90854483309712,845.7480531272232,4.0,4.0
81.46044331773491,845.8136375646068,4.0,4.0
81.73640020021602,845.8464602220848,4.0,4.0
82.01239528561581,845.8791610862279,4.0,4.0
82.28838273039769,845.9119228417001,4.0,4.0
82.84041874457589,845.9775072386448,4.0,4.0
83.11641382938294,846.0102689834046,4.0,4.0
83.39241655477231,846.0430916204514,4.0,4.0
83.6684039986259,846.0757924655745,4.0,4.0
84.22038652617613,846.1412550332866,4.0,4.0
84.49640453123956,846.1737731730319,4.0,4.0
84.7724301765067,846.2061695171072,4.0,4.0
85.04847874299351,846.2386876427543,4.0,4.0
85.60062171839799,846.3035411925987,4.0,4.0
85.87673140912369,846.3359375154428,4.0,4.0
86.1528487400396,846.3683947288291,4.0,4.0
86.42895078932499,846.4007910413989,4.0,4.0
86.70503755712268,846.4332482450131,4.0,4.0
86.98111668403301,846.465705446619,4.0,4.0
87.25719581125543,846.4981017538305,4.0,4.0
87.53327493846766,846.5304980616231,4.0,4.0
88.0854637532562,846.595412438322,4.0,4.0
88.36156580062783,846.6278696193075,4.0,4.0
88.63769841025399,846.6602658999786,4.0,4.0
88.91384630114948,846.6927839709663,4.0,4.0
89.46621848990362,846.7572720613407,4.0,4.0
89.74242750648182,846.7893638718474,4.0,4.0
90.01865180469,846.8215774720052,4.0,4.0
90.2948608223864,846.8537301843976,4.0,4.0
90.57105455979223,846.8859437996391,4.0,4.0
90.84723301704162,846.9180356351844,4.0,4.0
91.12341147522852,846.9502492670125,4.0,4.0
91.39958229354596,846.9823411149823,4.0,4.0
91.67573019055968,847.0144938637407,4.0,4.0
92.22799542370768,847.0787993700842,4.0,4.0
92.50414332232532,847.1109521278968,4.0,4.0
92.78029122147369,847.1431048904012,4.0,4.0
93.05643148046359,847.1752576550416,4.0,4.0
93.33257938053032,847.2074104242749,4.0,4.0
93.88485225998369,847.2714114904516,4.0,4.0
94.16097723986711,847.3032597958163,4.0,4.0
94.43710986104875,847.3350472110997,4.0,4.0
94.71322720146303,847.36689552351,4.0,4.0
94.98935218289644,847.3986829439555,4.0,4.0
95.26545424279516,847.4304703650927,4.0,4.0
95.54156394379356,847.46225778801,4.0,4.0
95.8176812858421,847.4940452142127,4.0,4.0
96.09380626883586,847.525893536842,4.0,4.0
96.36993889275902,847.5576809641257,4.0,4.0
96.92224998439835,847.6212558163095,4.0,4.0
97.19836732807335,847.6531041460617,4.0,4.0
97.47451523485535,847.6848915813491,4.0,4.0
97.75065550148169,847.7166790207434,4.0,4.0
98.02677284649349,847.7484664597574,4.0,4.0
98.57895405183754,847.8119195442263,4.0,4.0
98.85497206797183,847.8436460803638,4.0,4.0
99.13099008384506,847.8754944044272,4.0,4.0
99.40700045892896,847.9071600370905,4.0,4.0
99.68305667629213,847.9387647616023,4.0,4.0
100.23520730993471,848.0022177511378,4.0,4.0
100.51132464794647,848.0338224344956,4.0,4.0
100.78744962539946,848.0653662106923,4.0,4.0
101.06360516464939,848.0969099809676,4.0,4.0
101.33981418826498,848.1285755382733,4.0,4.0
101.89231628204908,848.1916630688838,4.0,4.0
102.16856350830582,848.2232677256327,4.0,4.0
102.4448183750664,848.2547505877657,4.0,4.0
102.72105032114027,848.2864161456201,4.0,4.0
103.27346837288633,848.3491992322308,4.0,4.0
103.549692680063,848.3804994323654,4.0,4.0
103.82593226860857,848.4116778408304,4.0,4.0
104.1021718572214,848.4429171461477,4.0,4.0
104.37840380523272,848.474095554571,4.0,4.0
104.93086770144656,848.5364523695356,4.0,4.0
105.20710729045096,848.5676307787901,4.0,4.0
105.48335452042868,848.5988091877855,4.0,4.0
105.75960939094203,848.6299875952989,4.0,4.0
106.31214205410693,848.6923444124307,4.0,4.0
106.58838164398595,848.7235837176631,4.0,4.0
106.86464415625171,848.7547621305062,4.0,4.0
107.14088374682353,848.785940545642,4.0,4.0
107.69340877333282,848.8484800660208,4.0,4.0
107.96967892774998,848.8796584870587,4.0,4.0
108.24594144187779,848.9107151209505,4.0,4.0
108.52221923762343,848.9417717554738,4.0,4.0
109.07475190885249,849.0036414563181,4.0,4.0
109.35101442521818,849.0345763123286,4.0,4.0
109.62726166076868,849.0655720674906,4.0,4.0
109.90350889667747,849.0963851385902,4.0,4.0
110.17975613306632,849.127259106979,4.0,4.0
110.45600336971393,849.1581939710228,4.0,4.0
110.73225824729091,849.1890679422238,4.0,4.0
111.28477564427097,849.2508767842487,4.0,4.0
111.56105344511752,849.2818725519467,4.0,4.0
111.83733888691421,849.312685635438,4.0,4.0
112.11362432931061,849.3435596160718,4.0,4.0
112.38990977199501,849.3744944957573,4.0,4.0
112.6662181375882,849.4053075916573,4.0,4.0
112.94250358214684,849.436120691282,4.0,4.0
113.49505919229242,849.4973815364086,4.0,4.0
113.77132935734923,849.5279510673006,4.0,4.0
114.04758424163785,849.5585814947697,4.0,4.0
114.32381620412936,849.5890901327516,4.0,4.0
114.60005580740655,849.6196596638736,4.0,4.0
115.15252737368083,849.6807987277725,4.0,4.0
115.42878225817599,849.7113073617812,4.0,4.0
115.7050447828966,849.7418768858803,4.0,4.0
115.98129966664592,849.7724464065806,4.0,4.0
116.53384763670081,849.8336463338577,4.0,4.0
116.81012544165128,849.8641549508955,4.0,4.0
117.08641088704341,849.8947244591354,4.0,4.0
117.3626657695359,849.9252939652155,4.0,4.0
117.6389282923282,849.9558634666796,4.0,4.0
118.1914533370296,850.0166979874095,4.0,4.0
118.46772349922807,850.0470238972764,4.0,4.0
118.74399366063541,850.0774715909149,4.0,4.0
119.02027910232732,850.1076756974007,4.0,4.0
119.29658746528487,850.137940692267,4.0,4.0
119.84924239293201,850.1984706685937,4.0,4.0
120.12558895817766,850.2287356550995,4.0,4.0
120.40196608608798,850.2590615378527,4.0,4.0
120.67836613655564,850.2893874211854,4.0,4.0
121.23121972339483,850.3499174075005,4.0,4.0
121.50765797891634,850.3802433049723,4.0,4.0
121.78409623577319,850.410447417984,4.0,4.0
122.06050393215413,850.4405297566253,4.0,4.0
122.33689634906308,850.4706729998973,4.0,4.0
122.61328112679016,850.5006335683829,4.0,4.0
123.16602776415016,850.560615624358,4.0,4.0
123.44240490451888,850.5905762111338,4.0,4.0
123.71876676388538,850.6205976952053,4.0,4.0
123.99511334234705,850.6504973908668,4.0,4.0
124.27143699928116,850.6805188776315,4.0,4.0
124.82404611197104,850.740440069725,4.0,4.0
125.10036212845401,850.7704615543976,4.0,4.0
125.37669342557979,850.8003003483018,4.0,4.0
125.653032362855,850.8301391378329,4.0,4.0
126.2057560800645,850.8896949173261,4.0,4.0
126.48211793820023,850.9195945895528,4.0,4.0
126.75847215546152,850.9491897864832,4.0,4.0
127.03481873169187,850.9787849804873,4.0,4.0
127.31118058908538,851.0084410666146,4.0,4.0
127.86391958475247,851.0677532332152,4.0,4.0
128.1402814412505,851.0973484153635,4.0,4.0
128.4166509378251,851.1270653846088,4.0,4.0
128.6930433559285,851.1566605593737,4.0,4.0
128.9694204923389,851.1863166225312,4.0,4.0
129.5222358900003,851.2456287503294,4.0,4.0
129.79865887007475,851.275345707733,4.0,4.0
130.0750971315598,851.3047581891084,4.0,4.0
130.35152011183087,851.3342315669134,4.0,4.0
130.62797365488487,851.3637658395861,4.0,4.0
131.18083489827114,851.4226517031452,4.0,4.0
131.45725787989673,851.4519423998865,4.0,4.0
131.73368086206753,851.481233100229,4.0,4.0
132.01011912591812,851.5106455921218,4.0,4.0
132.28654210881197,851.5399362940011,4.0,4.0
132.56296509213058,851.569348788013,4.0,4.0
133.11585690324011,851.627930198819,4.0,4.0
133.3922951683091,851.6573426944412,4.0,4.0
133.6687181523269,851.6866333999357,4.0,4.0
133.94512585547596,851.7160458963154,4.0,4.0
134.22154884035203,851.7453366061202,4.0,4.0
134.49797182483994,851.7745055212675,4.0,4.0
135.05081779334438,851.8328433476115,4.0,4.0
135.3272560586108,851.862012257518,4.0,4.0
135.6037096051583,851.8912420616725,4.0,4.0
135.88016315174016,851.9203500756425,4.0,4.0
136.15661669809725,851.9493362961854,4.0,4.0
136.43305496310876,851.9783225161442,4.0,4.0
136.98593149323395,852.0363558515628,4.0,4.0
137.26236975839268,852.0654029648404,4.0,4.0
137.5388233044418,852.0944500758386,4.0,4.0
137.81526156901154,852.1234362895806,4.0,4.0
138.09173039594745,852.1524224989487,4.0,4.0
138.36819922289274,852.1814696050981,4.0,4.0
138.9211674394243,852.2395638169268,4.0,4.0
139.19765154759844,852.2684282325997,4.0,4.0
139.4741050929951,852.2972926499158,4.0,4.0
139.750543357,852.3262179591688,4.0,4.0
140.02699690230367,852.3550214778484,4.0,4.0
140.30345044801643,852.3837641047651,4.0,4.0
140.8563728192284,852.4412493439246,4.0,4.0
141.13284164437778,852.4698701684054,4.0,4.0
141.4093257501263,852.498612776192,4.0,4.0
141.68580985564262,852.527294487609,4.0,4.0
141.96230924233822,852.5560370912115,4.0,4.0
142.23882391036437,852.5847188006051,4.0,4.0
142.51533857834625,852.6135222971111,4.0,4.0
142.79186852782078,852.6422040072341,4.0,4.0
143.34492842775282,852.6996283242737,4.0,4.0
143.62142781617965,852.7282491447763,4.0,4.0
143.89795776784467,852.7568699698041,4.0,4.0
144.17448772015638,852.7853690080467,4.0,4.0
144.45101767304848,852.8138680485995,4.0,4.0
144.72754762627108,852.8424888794532,4.0,4.0
145.00407757996237,852.8710488184819,4.0,4.0
145.2805769715141,852.899486968724,4.0,4.0
145.83366744394988,852.956302383051,4.0,4.0
146.1102126808946,852.9846796463944,4.0,4.0
146.38677319958126,853.0131178045489,4.0,4.0
146.66331843737044,853.0414950711968,4.0,4.0
146.93986367631416,853.0698723427781,4.0,4.0
147.216393634909,853.0983105141906,4.0,4.0
147.76946883571395,853.1550650789969,4.0,4.0
148.04598351511572,853.1834423663944,4.0,4.0
148.5990281560666,853.2401969424817,4.0,4.0
148.87555811783713,853.268452442435,4.0,4.0
149.42863332334247,853.324902548163,4.0,4.0
149.70517856626844,853.3531580466437,4.0,4.0
149.98172380960048,853.3813526512392,4.0,4.0
150.25828433452722,853.4095472561514,4.0,4.0
150.53481429718755,853.437802755644,4.0,4.0
151.36441946710391,853.5218994120145,4.0,4.0
151.6409494299646,853.5498504355658,4.0,4.0
151.91747939283516,853.5779232477227,4.0,4.0
152.19400935571872,853.6059960603652,4.0,4.0
152.47052403729373,853.6340688720352,4.0,4.0
152.74706928015146,853.6620807803363,4.0,4.0
153.30015976455627,853.7181654822605,4.0,4.0
153.57673556902864,853.7462382785461,4.0,4.0
153.85331137317195,853.7742501775556,4.0,4.0
154.12988717746896,853.8022620759976,4.0,4.0
154.40646298162804,853.8302130770587,4.0,4.0
154.6830540676372,853.858164083179,4.0,4.0
154.95969099841415,853.8861150910725,4.0,4.0
155.51305655015628,853.9418344381334,4.0,4.0
155.7897393273039,853.969602772722,4.0,4.0
156.0664373870314,853.9974320094477,4.0,4.0
156.34310488718157,854.02520036921,4.0,4.0
156.61974182769222,854.0530296368275,4.0,4.0
156.89636348916682,854.0807371264976,4.0,4.0
157.1729698712082,854.108505518748,4.0,4.0
157.72616735801552,854.1641032212701,4.0,4.0
158.00274318085923,854.1918107352233,4.0,4.0
158.27931900432426,854.2195791465535,4.0,4.0
158.55587954725132,854.247225771431,4.0,4.0
158.8324400904298,854.2748723962234,4.0,4.0
159.1090159152671,854.3024581261925,4.0,4.0
159.66216756437518,854.3576904770705,4.0,4.0
159.93875866999142,854.3852762023333,4.0,4.0
160.21533449426312,854.4127401368721,4.0,4.0
160.49192559983408,854.4402649652385,4.0,4.0
160.76854726811032,854.467668002737,4.0,4.0
161.0451689362077,854.4951319330944,4.0,4.0
161.32176004152643,854.5226567568286,4.0,4.0
161.59836642791447,854.5500597893456,4.0,4.0
162.15153335716298,854.6050485359451,4.0,4.0
162.42812446255851,854.6324515672943,4.0,4.0
162.70473084826838,854.6599154857554,4.0,4.0
162.98133723328704,854.6873185063171,4.0,4.0
163.25795889897896,854.7145997324001,4.0,4.0
163.53456528288055,854.7418809544217,4.0,4.0
164.08786973742886,854.7964433929704,4.0,4.0
164.36453724617894,854.823724611474,4.0,4.0
164.64120475508696,854.8511276191928,4.0,4.0
164.91788754552147,854.8782870485454,4.0,4.0
165.47125312605743,854.9325450085382,4.0,4.0
165.74795119871803,854.9597044402057,4.0,4.0
166.02463399129738,854.9868638775818,4.0,4.0
166.30130150365443,855.0140233183579,4.0,4.0
166.57798429803103,855.0411218673187,4.0,4.0
166.854636530501,855.0682813140534,4.0,4.0
167.40795627842942,855.1226002133965,4.0,4.0
167.6846085124217,855.149637875049,4.0,4.0
167.961276028161,855.1766755393039,4.0,4.0
168.23792826285685,855.2036523072406,4.0,4.0
168.79124801424558,855.2576058462939,4.0,4.0
169.06790024977482,855.2845826164959,4.0,4.0
169.34455248562176,855.3116202830001,4.0,4.0
169.62122000311263,855.3384143705048,4.0,4.0
169.89787223955082,855.3652084571142,4.0,4.0
170.45114615019585,855.4189184216788,4.0,4.0
170.72779838715542,855.4457734031805,4.0,4.0
171.0044353430664,855.4725674923044,4.0,4.0
171.28111814305535,855.4993615792275,4.0,4.0
171.5578162241654,855.5262165604302,4.0,4.0
171.83452958651353,855.553071539957,4.0,4.0
172.38792574972445,855.6065379234433,4.0,4.0
172.66462383181778,855.6332711167177,4.0,4.0
172.9413219143392,855.6599434150153,4.0,4.0
173.21800471591854,855.6866157139973,4.0,4.0
173.7713856006054,855.7400212071323,4.0,4.0
174.0480836837895,855.7665717155294,4.0,4.0
174.32479704824078,855.7930613292881,4.0,4.0
174.60151041299986,855.8196727318073,4.0,4.0
174.8782237775278,855.8461623443543,4.0,4.0
175.43168106832167,855.8992633503221,4.0,4.0
175.70840971342673,855.925752957337,4.0,4.0
175.98512307721958,855.9522425601074,4.0,4.0
176.26188228526846,855.9788539569663,4.0,4.0
176.815339575594,856.0315895817703,4.0,4.0
177.09203765738724,856.058018286356,4.0,4.0
177.64537269548896,856.1108147910347,4.0,4.0
177.92200965316613,856.1371217059686,4.0,4.0
178.47532940639968,856.1896137148457,4.0,4.0
178.7520274837117,856.215798812711,4.0,4.0
179.02875612233026,856.2420447958573,4.0,4.0
179.58221339758023,856.294536754152,4.0,4.0
180.13573179680668,856.3470287048491,4.0,4.0
180.41249099660837,856.3731528888104,4.0,4.0
180.68926547812273,856.3992770747575,4.0,4.0
180.96603996085315,856.4257666365065,4.0,4.0
181.51932914500253,856.4819122945601,4.0,4.0
181.79595081732558,856.5103505011236,4.0,4.0
182.07245024055035,856.5390931876259,4.0,4.0
182.34893438328953,856.5682012465614,4.0,4.0
182.62538796389157,856.5975528854412,4.0,4.0
183.1781881578704,856.6567433317051,4.0,4.0
183.45453477099727,856.6865821336746,4.0,4.0
183.73086610329833,856.7165427286502,4.0,4.0
184.00721271639856,856.7463815301862,4.0,4.0
184.28355932967173,856.776281226488,4.0,4.0
184.83623727515882,856.8361415157938,4.0,4.0
185.1125838887742,856.8661021064083,4.0,4.0
185.38893050248072,856.8960018013881,4.0,4.0
185.66524655357762,856.9259014973946,4.0,4.0
186.21787865533489,856.9856399884869,4.0,4.0
186.49424054949904,857.0156005716424,4.0,4.0
186.77057188114367,857.0455002602362,4.0,4.0
187.04690321188735,857.0754608390175,4.0,4.0
187.32323454174883,857.1052996229128,4.0,4.0
187.59958115195832,857.1352601926673,4.0,4.0
187.87594304225826,857.1651598593713,4.0,4.0
188.15228965025665,857.1949986287898,4.0,4.0
188.4286515388859,857.224776497384,4.0,4.0
188.70507455200004,857.254554365196,4.0,4.0
188.98148228362393,857.2842713339824,4.0,4.0
189.2579052960912,857.3138665098452,4.0,4.0
189.53431302706588,857.3435225813956,4.0,4.0
189.81070547662878,857.3732395452502,4.0,4.0
190.0871284887416,857.4028347186659,4.0,4.0
190.36353621944932,857.432429892212,4.0,4.0
190.63994395014268,857.4620859589825,4.0,4.0
190.91636696181524,857.4916811298926,4.0,4.0
191.1927746921264,857.5213371922496,4.0,4.0
191.46918242243711,857.5509932569453,4.0,4.0
191.74560543415345,857.5806493199426,4.0,4.0
192.02204372767252,857.6102444906767,4.0,4.0
192.2984973028534,857.6398396628249,4.0,4.0
192.57495087827724,857.6694348338574,4.0,4.0
192.85141973532478,857.6989691134047,4.0,4.0
193.12785803028913,857.7283816014115,4.0,4.0
193.40429632620055,857.7578549910116,4.0,4.0
193.68073462378632,857.7872674911495,4.0,4.0
193.95718820334278,857.816558204338,4.0,4.0
194.23361122101295,857.8459707088396,4.0,4.0
194.51003423924544,857.8752614267239,4.0,4.0
194.7864419764568,857.9045521431973,4.0,4.0
195.06283443215457,857.9339037554821,4.0,4.0
195.33924216934275,857.9631944728291,4.0,4.0
195.61561934413777,857.9924851882914,4.0,4.0
195.89199651913563,858.0218976955183,4.0,4.0
196.168388975267,858.0511884118177,4.0,4.0
196.44478143030602,858.0804791210153,4.0,4.0
196.7212044468883,858.109830720402,4.0,4.0
196.9976121820743,858.1391823208769,4.0,4.0
197.27403519839223,858.1683512343955,4.0,4.0
197.5504582147642,858.1975201476773,4.0,4.0
197.82686594967132,858.2266281632567,4.0,4.0
198.1032584028691,858.2557970715196,4.0,4.0
198.37965085588237,858.2849659796886,4.0,4.0
198.65604330861194,858.3139521999453,4.0,4.0
198.9324968863048,858.3429384203623,4.0,4.0
199.20891990091155,858.3719246376735,4.0,4.0
199.48534291480502,858.4009108513173,4.0,4.0
199.76176592744156,858.4298970588886,4.0,4.0
200.03820422047002,858.4590050517999,4.0,4.0
200.31464251280033,858.4879912522022,4.0,4.0
200.59112664841524,858.5169774475149,4.0,4.0
200.86762606509905,858.5460854344913,4.0,4.0
201.14412548173365,858.5750716308831,4.0,4.0
201.69713959603575,858.6331049122562,4.0,4.0
201.9736542940039,858.6619693162395,4.0,4.0
202.25015371123047,858.6908946178655,4.0,4.0
202.52665312885517,858.7197590239122,4.0,4.0
202.80315254669753,858.7485625370235,4.0,4.0
203.0796519648907,858.7774269466138,4.0,4.0
203.35615138331653,858.8061086714961,4.0,4.0
203.9091196573007,858.8635330105778,4.0,4.0
204.1855885128539,858.8922147332534,4.0,4.0
204.46205736837737,858.9208964549088,4.0,4.0
204.7385109427453,858.9495781758183,4.0,4.0
205.01497979815704,858.9782598965141,4.0,4.0
205.29146393353315,859.0070633984948,4.0,4.0
205.84441692103232,859.064426816871,4.0,4.0
206.1209010548766,859.0931694184289,4.0,4.0
206.39740046994157,859.1217902286292,4.0,4.0
206.6738998846678,859.1504110377807,4.0,4.0
207.22686815075505,859.2074090712351,4.0,4.0
207.50336756490103,859.2359689811415,4.0,4.0
207.77982113557465,859.2644679979625,4.0,4.0
208.05635111259986,859.2928452245503,4.0,4.0
208.60941106478947,859.3496605614758,4.0,4.0
208.88591047770797,859.3779768857848,4.0,4.0
209.16242517195664,859.4064149984642,4.0,4.0
209.4389857102268,859.4347922188151,4.0,4.0
209.71553096726893,859.4631694372061,4.0,4.0
209.99209150565775,859.4915466564601,4.0,4.0
210.5452125831084,859.5483619877328,4.0,4.0
210.821757842409,859.576739214639,4.0,4.0
211.09831838343254,859.6050555493734,4.0,4.0
211.37490948749866,859.6332500942005,4.0,4.0
211.6514394668206,859.6614446393821,4.0,4.0
212.20457583265443,859.7179555239948,4.0,4.0
212.48116693841288,859.7461500736283,4.0,4.0
212.75775804473113,859.7741619409417,4.0,4.0
213.03437971416173,859.8022347055414,4.0,4.0
213.31097082168827,859.830368365363,4.0,4.0
213.86421416362398,859.8865747993509,4.0,4.0
214.14080527417929,859.9147084726814,4.0,4.0
214.41738110442995,859.942781251995,4.0,4.0
214.69394165354913,859.9708540323749,4.0,4.0
215.24698634480768,860.0269386957834,4.0,4.0
215.52347048712429,860.0550114755458,4.0,4.0
215.799969910288,860.0829015660065,4.0,4.0
216.0764693314922,860.1108525420548,4.0,4.0
216.6295292915088,860.1666326771068,4.0,4.0
216.9060745503887,860.194644524282,4.0,4.0
217.18265037068232,860.2225345777498,4.0,4.0
217.45921090797336,860.2503637269037,4.0,4.0
218.0122708533054,860.3058393245691,4.0,4.0
218.28878554375672,860.3336684616665,4.0,4.0
218.56533079758447,860.3614367065331,4.0,4.0
218.8418607681651,860.3892049441348,4.0,4.0
219.11842129878295,860.4169122773012,4.0,4.0
219.3950123901554,860.4446804953297,4.0,4.0
219.67160348054512,860.4723269216316,4.0,4.0
220.22486206418702,860.5279242333653,4.0,4.0
220.5015142769228,860.5556924386021,4.0,4.0
220.77816648910914,860.5833388505787,4.0,4.0
221.05483398372093,860.6109243707003,4.0,4.0
221.60812312903994,860.6660954148587,4.0,4.0
221.8847753426985,860.6938636212465,4.0,4.0
222.16150396450502,860.7213273596465,4.0,4.0
222.43824786936324,860.7487911062658,4.0,4.0
222.71506818202204,860.7762548572896,4.0,4.0
223.26864768776036,860.8313041711685,4.0,4.0
223.54540688426113,860.8588288500882,4.0,4.0
223.82215080557427,860.8862926575547,4.0,4.0
224.37544000402738,860.9412203211871,4.0,4.0
224.65203112381465,860.9686841720212,4.0,4.0
224.92862224601555,860.996148030727,4.0,4.0
225.20519808878743,861.0234292117243,4.0,4.0
225.4817892128135,861.0507103938983,4.0,4.0
226.03498674407035,861.1052727595311,4.0,4.0
226.3115778698878,861.1325539446691,4.0,4.0
226.5881537141333,861.1598351285636,4.0,4.0
226.86471427688537,861.1871163104865,4.0,4.0
227.41778955763826,861.2414959878852,4.0,4.0
227.6943348371816,861.2686553707156,4.0,4.0
227.97091067712822,861.295753850931,4.0,4.0
228.24748651387196,861.3229132135658,4.0,4.0
228.5240470661115,861.3500116691558,4.0,4.0
229.07710703786083,861.4042694441638,4.0,4.0
229.3536523019382,861.4313678747803,4.0,4.0
229.63016700163283,861.4585271898446,4.0,4.0
229.90674282110655,861.4856255889472,4.0,4.0
230.183349198787,861.5127848675213,4.0,4.0
230.45998613607918,861.5397614510094,4.0,4.0
231.0134280990566,861.5937754901822,4.0,4.0
231.29020256310562,861.6207520560616,4.0,4.0
231.56702287028125,861.6477895127389,4.0,4.0
231.84381261581103,861.6746442886337,4.0,4.0
232.1205870819528,861.7014990692935,4.0,4.0
232.67412073855016,861.7552695498263,4.0,4.0
232.9508952098269,861.7820634561924,4.0,4.0
233.2276238385187,861.8088573669509,4.0,4.0
233.50439831217386,861.8357730710368,4.0,4.0
234.05791669944412,861.8894826972758,4.0,4.0
234.33466061361167,861.9162766221873,4.0,4.0
234.61140452871908,861.9430096555809,4.0,4.0
234.88813316353048,861.9696817978114,4.0,4.0
235.16487708025105,861.9963539413418,4.0,4.0
235.71831907132946,862.0497591274197,4.0,4.0
235.99506298891225,862.0764921689487,4.0,4.0
236.27176106234634,862.103103418047,4.0,4.0
236.54847441665993,862.1297755632979,4.0,4.0
236.82518777079895,862.1562650177191,4.0,4.0
237.37855335314134,862.2093048235402,4.0,4.0
237.6552514244673,862.2357942745829,4.0,4.0
237.9319494942626,862.2622837206542,4.0,4.0
238.2086628441615,862.2887731618266,4.0,4.0
238.48537619327573,862.3153234936494,4.0,4.0
239.03884873348125,862.3683632561836,4.0,4.0
239.3156079247951,862.394913580724,4.0,4.0
239.59233655399356,862.4214030142284,4.0,4.0
239.86908046442403,862.4478315497822,4.0,4.0
240.14580909357102,862.4741382971886,4.0,4.0
240.42253772274015,862.5005059397134,4.0,4.0
240.6992663518858,862.526934475275,4.0,4.0
240.9759797001943,862.5532412249524,4.0,4.0
241.52943695991817,862.6060374055703,4.0,4.0
241.80618087105296,862.6322223651296,4.0,4.0
242.0829553448864,862.6584073241586,4.0,4.0
242.35972981885692,862.6847140723987,4.0,4.0
242.6365042933011,862.7108990343162,4.0,4.0
243.19002268313,862.7633298611098,4.0,4.0
243.46678188062037,862.7895757302363,4.0,4.0
243.7435257983641,862.8158216056502,4.0,4.0
244.02026971729777,862.8420674869583,4.0,4.0
244.29704419950224,862.8680697883209,4.0,4.0
244.5738186811849,862.8941938778966,4.0,4.0
244.85060844692094,862.9202570825336,4.0,4.0
245.40423382968834,862.972383517867,4.0,4.0
245.6810541645125,862.9984467437971,4.0,4.0
245.95785921954595,863.0244490798027,4.0,4.0
246.23466427690676,863.0505123202336,4.0,4.0
246.51140821183145,863.0765146719498,4.0,4.0
246.78815214870352,863.1024561374302,4.0,4.0
247.34153305790954,863.1543390822208,4.0,4.0
247.61823115462883,863.1802196641363,4.0,4.0
247.89492925030194,863.2060393484765,4.0,4.0
248.1716273441016,863.2320417072297,4.0,4.0
248.44832543662153,863.2578004851149,4.0,4.0
248.7250540906061,863.2836810447686,4.0,4.0
249.00181330635928,863.3095616049865,4.0,4.0
249.55537758019423,863.3594958676861,4.0,4.0
249.83215207633583,863.381905412089,4.0,4.0
250.1088807293148,863.4016355811493,4.0,4.0
250.38579275691657,863.4189908464892,4.0,4.0
250.66302569012632,863.4353108935723,4.0,4.0
250.94042671697866,863.4505957238164,4.0,4.0
251.49547326657319,863.4783642056004,4.0,4.0
251.77310350682362,863.4907869551337,4.0,4.0
252.05073374503604,863.5029052234465,4.0,4.0
252.32840982547984,863.5144145355607,4.0,4.0
252.6061011857894,863.5257411587367,4.0,4.0
253.16159086789528,863.5476027446673,4.0,4.0
253.4393586257462,863.5584421793328,4.0,4.0
253.71717222486697,863.5692207062393,4.0,4.0
253.9949858220892,863.5798774388841,4.0,4.0
254.2728146991059,863.5906559559597,4.0,4.0
254.82857942174797,863.6117258293414,4.0,4.0
255.10651526951438,863.6221998775845,4.0,4.0
255.3844969626887,863.6327348268751,4.0,4.0
255.6624786572969,863.6432697794753,4.0,4.0
256.21848789529713,863.6643397024488,4.0,4.0
256.49646959931056,863.674813792167,4.0,4.0
256.7743749012574,863.685348790626,4.0,4.0
257.0522496441537,863.6957011164432,4.0,4.0
257.33009382729205,863.7061143453767,4.0,4.0
257.60790745007506,863.7164666874467,4.0,4.0
258.16350413614447,863.7371104847759,4.0,4.0
258.44131775980725,863.7474628287746,4.0,4.0
258.7191313828942,863.7578760658414,4.0,4.0
258.99694500552454,863.7680457198476,4.0,4.0
259.2747891904567,863.7782762701793,4.0,4.0
259.5526028128525,863.7883850287437,4.0,4.0
259.8304164353132,863.7986155761064,4.0,4.0
260.10823005743924,863.8087243323107,4.0,4.0
260.38604367916713,863.8189548788519,4.0,4.0
260.94157923406266,863.8392941767052,4.0,4.0
261.21939285431546,863.8494638193422,4.0,4.0
261.4971759111276,863.8595725663573,4.0,4.0
261.77502009149305,863.869803096863,4.0,4.0
262.05280314565726,863.8799118338945,4.0,4.0
262.3306167614272,863.8899596710542,4.0,4.0
262.60849150170475,863.899946612248,4.0,4.0
263.16411873228805,863.9199813925159,4.0,4.0
263.4419629101699,863.9299683350091,4.0,4.0
263.71977652601174,863.9396508024815,4.0,4.0
263.9975290177227,863.9481153768174,4.0,4.0
264.2751286977738,863.9547531033328,4.0,4.0
264.55257556605727,863.9586505626694,4.0,4.0
265.1073164931891,863.9572503612776,4.0,4.0
265.384702239817,863.9519526962649,4.0,4.0
265.6623019243374,863.9447672896043,4.0,4.0
265.93993217214313,863.9361813047835,4.0,4.0
266.49525379296006,863.9148684753586,4.0,4.0
266.77291460307816,863.9024461060792,4.0,4.0
267.05051428792297,863.8892929975844,4.0,4.0
267.3281139725124,863.8756527300936,4.0,4.0
267.8832522170919,863.8475196644491,4.0,4.0
268.160851902059,863.8331486568222,4.0,4.0
268.43842102382484,863.8186558561038,4.0,4.0
268.7160512702033,863.8039803695601,4.0,4.0
268.9936509535001,863.7893657766938,4.0,4.0
269.5488808828191,863.7599539057323,4.0,4.0
269.82651112919314,863.7452175225085,4.0,4.0
270.1041719373396,863.7304811368076,4.0,4.0
270.3817410572009,863.715683854517,4.0,4.0
270.65937130159546,863.7008865696853,4.0,4.0
270.93697098314254,863.6858457045523,4.0,4.0
271.2145401025195,863.670804838703,4.0,4.0
271.4921703432146,863.655703069609,4.0,4.0
271.7697394541443,863.6406012815149,4.0,4.0
272.0473391238849,863.6255603776463,4.0,4.0
272.32493879050327,863.610519462389,4.0,4.0
272.60256901875715,863.5954176504556,4.0,4.0
273.15792116375667,863.5653358184063,4.0,4.0
273.4357347669922,863.5502340050169,4.0,4.0
273.71357893275604,863.5351930850445,4.0,4.0
273.9914842240264,863.5201521678935,4.0,4.0
274.2693589550076,863.5049894680146,4.0,4.0
274.54717256747057,863.4900703673621,4.0,4.0
274.8249250646412,863.4749686147193,4.0,4.0
275.10267756982444,863.4598668837832,4.0,4.0
275.38033839371457,863.4448260692626,4.0,4.0
275.65796865870726,863.4298461598078,4.0,4.0
275.9355377969299,863.4145617716688,4.0,4.0
276.21307637432625,863.3993382826131,4.0,4.0
276.4906149544151,863.3839321161574,4.0,4.0
277.0456921206617,863.3531806982904,4.0,4.0
277.3232918262237,863.337835427504,4.0,4.0
277.60086096418337,863.3224901413241,4.0,4.0
277.8784301031187,863.3070839621453,4.0,4.0
278.15599924308975,863.2916777863327,4.0,4.0
278.4335072587185,863.276332506178,4.0,4.0
278.7110152747542,863.2609872273322,4.0,4.0
278.9884316039662,863.2455810568104,4.0,4.0
279.26587849498304,863.230174882131,4.0,4.0
279.5433559474176,863.2148296009784,4.0,4.0
279.8208028363275,863.1994843136299,4.0,4.0
280.0982497242171,863.1840172339355,4.0,4.0
280.37575773199956,863.1686719275073,4.0,4.0
280.93074317502027,863.1373723345187,4.0,4.0
281.20822061493055,863.1215398516742,4.0,4.0
281.4856980548094,863.1058291577295,4.0,4.0
281.7632060565346,863.0901184624611,4.0,4.0
282.0406834936778,863.0741032859843,4.0,4.0
282.3180386805902,863.0569920011513,4.0,4.0
282.5950882425933,863.0379929735044,4.0,4.0
282.8717099295278,863.0164363605779,4.0,4.0
283.14799542871003,862.9919567928225,4.0,4.0
283.4239141796333,862.9640671164982,4.0,4.0
283.6995884290107,862.9332544797212,4.0,4.0
284.2507841070676,862.8665140068981,4.0,4.0
284.526152725207,862.8309515479223,4.0,4.0
284.8014602166777,862.7939885025244,4.0,4.0
285.07676770323457,862.7561120146612,4.0,4.0
285.62719928476224,862.678532144992,4.0,4.0
285.9023845071534,862.6391332422806,4.0,4.0
286.17753916840024,862.5993080804897,4.0,4.0
286.45272439552224,862.5594829280312,4.0,4.0
286.72790962143154,862.5194750871749,4.0,4.0
287.00300315861216,862.4794063478099,4.0,4.0
287.2781578200709,862.439276710664,4.0,4.0
287.8283754671037,862.3588956808882,4.0,4.0
288.1035301377544,862.3187051775521,4.0,4.0
288.3786848076265,862.2783928801384,4.0,4.0
288.653870039359,862.2380805818152,4.0,4.0
288.9290858346442,862.1977682860877,4.0,4.0
289.4794563151086,862.1171437377867,4.0,4.0
289.754610997852,862.0768314778566,4.0,4.0
290.0296434330623,862.0361538569061,4.0,4.0
290.3043396835429,861.9942583469351,4.0,4.0
290.85220406949753,861.9042560813448,4.0,4.0
291.1251888245422,861.8550532012175,4.0,4.0
291.39780682839114,861.8032927314958,4.0,4.0
291.6703942683304,861.7500098846542,4.0,4.0
291.9428288957858,861.6953873520845,4.0,4.0
292.48699521240076,861.5824276937153,4.0,4.0
292.75878802557,861.5245168285368,4.0,4.0
293.03048915069934,861.4661188056672,4.0,4.0
293.3020680254277,861.4071118322283,4.0,4.0
293.5736163344836,861.3478612684776,4.0,4.0
294.1165295669351,861.2287511614419,4.0,4.0
294.38792505373766,861.1690134101386,4.0,4.0
294.659289976841,861.109153865237,4.0,4.0
295.2020809446311,860.9891911848641,4.0,4.0
295.74493302059074,860.8690457688676,4.0,4.0
296.01635905456453,860.8088817086915,4.0,4.0
296.2878156497114,860.7487785371894,4.0,4.0
296.8307288405951,860.6285721973491,4.0,4.0
297.3729390955186,860.5067825942604,4.0,4.0
297.64323431814614,860.4433911093893,4.0,4.0
297.91273491690725,860.377442044812,4.0,4.0
298.44947448924455,860.2367141603029,4.0,4.0
298.71646896300604,860.1611437102517,4.0,4.0
298.9823937470423,860.0819195599165,4.0,4.0
299.51170664031247,859.9144588610277,4.0,4.0
300.0390941295445,859.7396299803779,4.0,4.0
300.3021460703044,859.6499929041981,4.0,4.0
300.56483126032504,859.5594424026082,4.0,4.0
301.08931533406184,859.3763318868516,4.0,4.0
301.61312703973266,859.1915772282412,4.0,4.0
301.8749564844293,859.0988954193731,4.0,4.0
302.1366942329372,859.0060917965909,4.0,4.0
302.66010858172564,858.820240901913,4.0,4.0
303.18355347114704,858.6342681544726,4.0,4.0
303.4452606246394,858.541220857764,4.0,4.0
303.7070594571096,858.4480517454476,4.0,4.0
303.9688582827808,858.3548826148697,4.0,4.0
304.2306265405825,858.2615307826425,4.0,4.0
304.49239479399216,858.1683616258532,4.0,4.0
305.01605355593534,857.9815970583488,4.0,4.0
305.2778829321572,857.8880625218518,4.0,4.0
305.53922330575665,857.793492769272,4.0,4.0
305.79973848968854,857.6972179555012,4.0,4.0
306.0590922990792,857.5984464561475,4.0,4.0
306.3172541792209,857.4969956086993,4.0,4.0
306.82978820169114,857.2845943560715,4.0,4.0
307.08403809162775,857.1735830506732,4.0,4.0
307.337737857151,857.0606231114205,4.0,4.0
307.59091806171176,856.9463234895993,4.0,4.0
307.84333420743195,856.8303188234438,4.0,4.0
308.34657726857364,856.5950212287602,4.0,4.0
308.5976792426119,856.4761545523027,4.0,4.0
308.8485672823357,856.3568007224226,4.0,4.0
309.0993636283229,856.2372641921372,4.0,4.0
309.60043676564806,855.9970950481245,4.0,4.0
309.85080524480986,855.8767669080971,4.0,4.0
310.10117372600985,855.756438774205,4.0,4.0
310.35151164447035,855.6361106377083,4.0,4.0
310.6018495608302,855.5157216023234,4.0,4.0
310.85215691385736,855.3952107715099,4.0,4.0
311.1024337037104,855.2746390467246,4.0,4.0
311.60295671894465,855.0333129039597,4.0,4.0
311.8531723832636,854.9125584909664,4.0,4.0
312.1034186076566,854.7918040725385,4.0,4.0
312.353664828809,854.6711714325763,4.0,4.0
312.85320982625103,854.4282619735968,4.0,4.0
313.1016222916818,854.3047063698183,4.0,4.0
313.34865944651324,854.1788367698825,4.0,4.0
313.59429072073306,854.0504704685769,4.0,4.0
314.0807243772116,853.7847862856715,4.0,4.0
314.3211294483008,853.6468594608762,4.0,4.0
314.559731330163,853.5059487868054,4.0,4.0
314.79741633768657,853.3629067976825,4.0,4.0
315.27040246878715,853.0723165759675,4.0,4.0
315.50579528138064,852.9249510369643,4.0,4.0
315.74063796767496,852.7768547538612,4.0,4.0
315.97505277905475,852.6279668420148,4.0,4.0
316.20916196490964,852.4786526627388,4.0,4.0
316.6767690819087,852.1791108724135,4.0,4.0
316.91041982629343,852.0290659447207,4.0,4.0
317.1440094448855,851.8787774361992,4.0,4.0
317.3775379367961,851.7284889239504,4.0,4.0
317.84453378837196,851.4278509829319,4.0,4.0
318.0780011485339,851.277440662231,4.0,4.0
318.3114379447061,851.1267258620588,4.0,4.0
318.54490530342946,850.9761328523722,4.0,4.0
318.7783115386841,850.8254789517473,4.0,4.0
319.2452156939437,850.5242320370605,4.0,4.0
319.478469113973,850.373334549834,4.0,4.0
319.71095847069034,850.2215845329473,4.0,4.0
320.17181125181224,849.9129084657366,4.0,4.0
320.39968567220166,849.755190768202,4.0,4.0
320.6260625274397,849.5952199600774,4.0,4.0
320.85182813066,849.4339094597528,4.0,4.0
321.30121996160585,849.1081828273295,4.0,4.0
321.5249073154696,848.9437058011492,4.0,4.0
321.7480751055645,848.7785589273736,4.0,4.0
322.1934021204811,848.4469254931838,4.0,4.0
322.6378428243284,848.1141350616039,4.0,4.0
322.85997149031294,847.9474049260348,4.0,4.0
323.08200846782046,847.780674790147,4.0,4.0
323.52602129647835,847.4471536190651,4.0,4.0
323.9698201953189,847.1132062038404,4.0,4.0
324.41227435334866,846.7778582340977,4.0,4.0
324.8526502641183,846.4403789554231,4.0,4.0
325.2926899787728,846.101742654678,4.0,4.0
325.7319045083615,845.7621320411805,4.0,4.0
326.1706911674841,845.4219124922927,4.0,4.0
326.60914164552656,845.0812058014526,4.0,4.0
326.82830576027436,844.9107611136313,4.0,4.0
327.2665728652835,844.5698108468496,4.0,4.0
327.48567585577587,844.3994270561766,4.0,4.0
327.7047177214442,844.2289823714141,4.0,4.0
327.92372902335364,844.0584767899197,4.0,4.0
328.1428014489013,843.8880320970145,4.0,4.0
328.36184331091755,843.7175874022189,4.0,4.0
328.5806406719677,843.5467773361772,4.0,4.0
328.7992546563905,843.375723688029,4.0,4.0
329.0178380767454,843.2047918237788,4.0,4.0
329.23620755791245,843.0333727983899,4.0,4.0
329.4542408497362,842.8617101867651,4.0,4.0
329.67224357758465,842.6898648894053,4.0,4.0
329.8901851796155,842.5179586928919,4.0,4.0
330.10803509599845,842.3460525045839,4.0,4.0
330.3258238865705,842.1740245201215,4.0,4.0
330.5434904241641,842.0019965305096,4.0,4.0
330.7611569593578,841.8297858493038,4.0,4.0
330.9788234926273,841.6574533729606,4.0,4.0
331.1964594613768,841.4851208911056,4.0,4.0
331.4140037400443,841.3127884064602,4.0,4.0
331.6313952044758,841.1402123352144,4.0,4.0
331.84796147960475,840.9665401535867,4.0,4.0
332.2765096478868,840.6151158305522,4.0,4.0
332.48788029020875,840.436145792117,4.0,4.0
332.6970809918578,840.2547399569812,4.0,4.0
332.903867252778,840.0706547461635,4.0,4.0
333.3097380143553,839.6939590411284,4.0,4.0
333.51007558054897,839.5023837625821,4.0,4.0
333.7093740198275,839.3095905851417,4.0,4.0
333.90748051924334,839.1156404018768,4.0,4.0
334.30109570065116,838.724634392851,4.0,4.0
334.4969711351501,838.5281266253389,4.0,4.0
334.69254094752444,838.3312534971765,4.0,4.0
334.8877745721789,838.1340758955041,4.0,4.0
335.2777528201223,837.7392335281626,4.0,4.0
335.4725585691453,837.5416905564323,4.0,4.0
335.66721150931465,837.3439649087416,4.0,4.0
335.86186445216504,837.1463001603861,4.0,4.0
336.2512008910557,836.7505443822381,4.0,4.0
336.4458538259455,836.5527578243245,4.0,4.0
336.64038450969105,836.3549103722484,4.0,4.0
337.0296292538356,835.9590936765619,4.0,4.0
337.41869061208365,835.5632769540632,4.0,4.0
337.8076297152768,835.1675211149122,4.0,4.0
338.1965688264881,834.7717043988144,4.0,4.0
338.58419374319885,834.3746088797259,4.0,4.0
338.9657978415173,833.9726417729148,4.0,4.0
339.34125887591904,833.564950563024,4.0,4.0
339.71396928782576,833.1539101504069,4.0,4.0
340.0838679522722,832.7404948529676,4.0,4.0
340.45205511890754,832.3255571906642,4.0,4.0
340.63579723438465,832.1177229947875,4.0,4.0
340.8193865378851,831.9097670104697,4.0,4.0
341.18632064570596,831.4933678830628,4.0,4.0
341.55294913024795,831.0769687612951,4.0,4.0
341.73617168528983,830.8688300979235,4.0,4.0
341.91933311593453,830.6604478540124,4.0,4.0
342.2842195433744,830.2426481661594,4.0,4.0
342.64281008509494,829.8204640436098,4.0,4.0
342.81866706876895,829.6069666305602,4.0,4.0
342.99201792259623,829.3912161020704,4.0,4.0
343.3326988016688,828.9544171728186,4.0,4.0
343.6687952940104,828.5135991683359,4.0,4.0
343.83523900595293,828.2920027129155,4.0,4.0
344.0008269668543,828.0697364137231,4.0,4.0
344.33062756671643,827.6239250063917,4.0,4.0
344.6592362093773,827.1772610246151,4.0,4.0
344.9871724707858,826.7300489755747,4.0,4.0
345.3149559123258,826.2825933309323,4.0,4.0
345.6425559640993,825.8349549646767,4.0,4.0
345.96850563906213,825.3862813862836,4.0,4.0
346.2919797516903,824.9359636544673,4.0,4.0
346.45344174462014,824.7103480767895,4.0,4.0
346.61465923760835,824.4846716045249,4.0,4.0
346.9362996068427,824.0327706279907,4.0,4.0
347.25729817026144,823.5802607184019,4.0,4.0
347.41775160912107,823.3540362131594,4.0,4.0
347.5780522357959,823.1277508147903,4.0,4.0
347.89850068332015,822.6749973494609,4.0,4.0
348.2189185710226,822.2221829959738,4.0,4.0
348.37876076499117,821.9956540294882,4.0,4.0
348.5375638334695,821.7685161187085,4.0,4.0
348.84954646413956,821.3109519726393,4.0,4.0
349.15443858415784,820.8486989208932,4.0,4.0
349.3057843911891,820.6165067298746,4.0,4.0
349.4561827596316,820.3837664862212,4.0,4.0
349.7546873078073,819.9167027342296,4.0,4.0
350.05135810166036,819.4482992918472,4.0,4.0
350.3470203269133,818.979165099146,4.0,4.0
350.64216299000253,818.5097264331666,4.0,4.0
350.9370917245132,818.0402268926618,4.0,4.0
351.23098133803944,817.5700575239878,4.0,4.0
351.5245347662594,817.0995836837658,4.0,4.0
351.817721443577,816.6290489473929,4.0,4.0
352.11054136453606,816.1584533025068,4.0,4.0
352.40308621911174,815.6879185439254,4.0,4.0
352.6956616224103,815.2168356981136,4.0,4.0
352.98802306759933,814.7455701196582,4.0,4.0
353.2804761943812,814.2741218430549,4.0,4.0
353.4263818506421,814.0383368083778,4.0,4.0
353.57127894394586,813.8020037221258,4.0,4.0
353.8552356930307,813.326536405485,4.0,4.0
354.1285872522274,812.8454058932788,4.0,4.0
354.26061752875995,812.6023135077548,4.0,4.0
354.3891025521917,812.357455173563,4.0,4.0
354.63800408697716,811.8632931807192,4.0,4.0
354.8804569166735,811.3651121044581,4.0,4.0
354.9996203606675,811.1150168036024,4.0,4.0
355.1178974902515,810.8644343406108,4.0,4.0
355.3524957440904,810.3622950921911,4.0,4.0
355.5855353105976,809.859546900527,4.0,4.0
355.81799419335124,809.3562506639488,4.0,4.0
356.0500251886019,808.8530152949464,4.0,4.0
356.28181167550605,808.3497190131378,4.0,4.0
356.5118560891247,807.8456919737016,4.0,4.0
356.7389359178592,807.3402643103002,4.0,4.0
356.96515999074745,806.8340449996577,4.0,4.0
357.1902532471238,806.3273994236656,4.0,4.0
357.4146741303475,805.8200231121871,4.0,4.0
357.52671648702517,805.5664567680915,4.0,4.0
357.6387282832418,805.3128295324352,4.0,4.0
357.8625685033921,804.8056359624447,4.0,4.0
358.08628647484943,804.2983815028747,4.0,4.0
358.30979050869496,803.7912488317124,4.0,4.0
358.53320285489366,803.2841161599008,4.0,4.0
358.7566151962105,802.776983477391,4.0,4.0
358.8683519281215,802.5232953433535,4.0,4.0
358.9800275338349,802.2697898930629,4.0,4.0
359.2032870546369,801.7625962962044,4.0,4.0
359.42636319862186,801.2554026955542,4.0,4.0
359.5378859892677,801.0018363434624,4.0,4.0
359.64940877801405,800.7482699869162,4.0,4.0
359.8724543539961,800.2410154801717,4.0,4.0
360.0955304931711,799.7336391845486,4.0,4.0
360.3185149459248,799.2263237853713,4.0,4.0
360.5414077210468,798.7189475141965,4.0,4.0
360.7641171314308,798.2116930556085,4.0,4.0
360.98514561066463,797.7037687741081,4.0,4.0
361.19883908708357,797.1934087126767,4.0,4.0
361.4047696781472,796.6798212250271,4.0,4.0
361.60694107773423,796.164224209339,4.0,4.0
361.8056894697697,795.647104814881,4.0,4.0
362.0023290436974,795.1292546777026,4.0,4.0
362.19786836764274,794.6108564873093,4.0,4.0
362.3928270059188,794.0920320392254,4.0,4.0
362.49019935731866,793.8326198186046,4.0,4.0
362.5874800239829,793.5731467071984,4.0,4.0
362.78201080483484,793.0542614024705,4.0,4.0
362.9762970915589,792.5353152170234,4.0,4.0
363.0733638285418,792.2758421238507,4.0,4.0
363.17043056490184,792.0163690301936,4.0,4.0
363.36456403367424,791.497544621396,4.0,4.0
363.55857523773335,790.9786592862316,4.0,4.0
363.6555502692823,790.7191861527265,4.0,4.0
363.7525252967098,790.4597130104822,4.0,4.0
363.946475343798,789.94064491941,4.0,4.0
364.14036426046715,789.4213332366435,4.0,4.0
364.237278155202,789.1614947092753,4.0,4.0
364.33419205077865,788.9017779734631,4.0,4.0
364.52801984661187,788.3822836141715,4.0,4.0
364.7216948378451,787.8628501669505,4.0,4.0
364.91533927356335,787.3434167351579,4.0,4.0
365.1088614690892,786.8239224305862,4.0,4.0
365.30241423978117,786.3041845731043,4.0,4.0
365.49599758766453,785.7845076399676,4.0,4.0
365.6893975905751,785.2648916687755,4.0,4.0
365.88276705626606,784.7454584331562,4.0,4.0
366.0759531588762,784.2260861205701,4.0,4.0
366.2690170159977,783.7068356061079,4.0,4.0
366.36547253680345,783.4471798980021,4.0,4.0
366.46201974341824,783.1876459753905,4.0,4.0
366.6549002072121,782.6683345253366,4.0,4.0
366.8477195329945,782.1490230479858,4.0,4.0
366.9441139112404,781.8893064056043,4.0,4.0
367.04050828784654,781.6296506556135,4.0,4.0
367.23311365766,781.1102782431457,4.0,4.0
367.4257495819439,780.5910276015927,4.0,4.0
367.52205226079366,780.3313718272981,4.0,4.0
367.61832437382844,780.0715942570964,4.0,4.0
367.8108074600291,779.5519172973904,4.0,4.0
368.00329053493283,779.0321794158879,4.0,4.0
368.19562079130526,778.5124415217917,4.0,4.0
368.38801216894876,777.9927645163484,4.0,4.0
368.5803118629747,777.472965724884,4.0,4.0
368.77255043482734,776.9532887334717,4.0,4.0
368.96469731881365,776.4335508430629,4.0,4.0
369.1566913916678,775.9138129574781,4.0,4.0
369.3487771569535,775.3939532921523,4.0,4.0
369.5407712410438,774.8740936382152,4.0,4.0
369.73267364765087,774.3542340048505,4.0,4.0
369.9245149461415,773.8342526188966,4.0,4.0
370.1163562520611,773.3142712470642,4.0,4.0
370.2121699356071,773.0544327953542,4.0,4.0
370.3079224940206,772.794472554969,4.0,4.0
370.4993359221266,772.2745520724836,4.0,4.0
370.6908715816801,771.7548142345331,4.0,4.0
370.7864713078975,771.4948539525176,4.0,4.0
370.8821321558191,771.2348327694408,4.0,4.0
371.0733927195674,770.7148512806182,4.0,4.0
371.26456159306343,770.1947479974868,4.0,4.0
371.36013074750383,769.934726801619,4.0,4.0
371.45569990105804,769.6745838144394,4.0,4.0
371.6467770840239,769.1545414189387,4.0,4.0
371.83779315136553,768.6344990420565,4.0,4.0
372.0291148422685,768.1146393476747,4.0,4.0
372.2246541574136,767.5961802197729,4.0,4.0
372.4256336021163,767.0795479294754,4.0,4.0
372.62875243209555,766.5638290780087,4.0,4.0
372.83419401731487,766.0489018625653,4.0,4.0
373.04098036322296,765.5345227189289,4.0,4.0
373.2483474216318,765.0205089938536,4.0,4.0
373.4559895567339,764.5066779813751,4.0,4.0
373.5598717529424,764.2497624809546,4.0,4.0
373.6636928251338,763.9929078797326,4.0,4.0
373.87139609587143,763.479137781799,4.0,4.0
374.07912992527497,762.9654285712928,4.0,4.0
374.1829509944875,762.7086348579401,4.0,4.0
374.2867414982679,762.4517193471997,4.0,4.0
374.4943530620591,761.9378883134555,4.0,4.0
374.7019340566676,761.4241790538352,4.0,4.0
374.8056328637009,761.1672635249752,4.0,4.0
374.9093927942405,760.9103479926252,4.0,4.0
375.11679040084385,760.396273337542,4.0,4.0
375.32406575097957,759.8823204616933,4.0,4.0
375.42764229602955,759.625161324783,4.0,4.0
375.5311882760403,759.3681848713585,4.0,4.0
375.73834135432145,758.8540492645934,4.0,4.0
375.94543330300405,758.3399136467641,4.0,4.0
376.15243356227074,757.8258389214473,4.0,4.0
376.35934212993817,757.3117032920754,4.0,4.0
376.56628126554324,756.7974458844465,4.0,4.0
376.773128716831,756.2833711668286,4.0,4.0
376.98000673393443,755.7692355612121,4.0,4.0
377.1867930669237,755.2550390666197,4.0,4.0
377.3934265901638,754.7409034743844,4.0,4.0
377.599998991521,754.2267069912941,4.0,4.0
377.7032699131281,753.9696087561128,4.0,4.0
377.8065408360472,753.7125714158778,4.0,4.0
378.01127949664124,753.1977051123406,4.0,4.0
378.20877484083127,752.6809510814635,4.0,4.0
378.3033660087211,752.4212343833663,4.0,4.0
378.3947786726748,752.1603606850799,4.0,4.0
378.5669988003563,751.635142281958,4.0,4.0
378.7238765305442,751.1051740804407,4.0,4.0
378.79829641896396,750.8387589449874,4.0,4.0
378.8710353666766,750.5716739668891,4.0,4.0
379.011623254312,750.03610342237,4.0,4.0
379.14805463493474,749.4993149796051,4.0,4.0
379.2820410110915,748.9618566926314,4.0,4.0
379.41504938557625,748.4238503478165,4.0,4.0
379.54738538178185,747.8858439998437,4.0,4.0
379.67947687800955,747.347776757644,4.0,4.0
379.8113238753982,746.8097095163464,4.0,4.0
379.9431097485843,746.271642278002,4.0,4.0
380.0748344997757,745.7335750446777,4.0,4.0
380.2064064366686,745.1951424399948,4.0,4.0
380.33785612739024,744.6567707351765,4.0,4.0
380.4691835688516,744.1181554523932,4.0,4.0
380.60044988576607,743.5794792768525,4.0,4.0
380.73214407864936,743.0411684681803,4.0,4.0
380.86808646281975,742.5040146587836,4.0,4.0
381.0098357316611,741.9680178528671,4.0,4.0
381.08147443102723,741.7002021370315,4.0,4.0
381.15378550368507,741.4328126797681,4.0,4.0
381.2999663425346,740.8981555610662,4.0,4.0
381.44749193806996,740.3641074005147,4.0,4.0
381.5215145182754,740.0971442170237,4.0,4.0
381.5955982237161,739.8302419265631,4.0,4.0
381.74404069409434,739.2966200258952,4.0,4.0
381.8925137230031,738.7629981183946,4.0,4.0
381.96681135939184,738.4962176031295,4.0,4.0
382.0410478674644,738.2293152950465,4.0,4.0
382.18958199520375,737.6956933325355,4.0,4.0
382.33808554999723,737.1619495626337,4.0,4.0
382.4863446016546,736.6280231012657,4.0,4.0
382.6348175803254,736.0942793042512,4.0,4.0
382.78316830815976,735.5607181885713,4.0,4.0
382.9313967842418,735.0270961767308,4.0,4.0
383.07983917137955,734.4934741128283,4.0,4.0
383.2281287299159,733.9596693307558,4.0,4.0
383.3764182868666,733.4258645482757,4.0,4.0
383.5245550354041,732.8917552988381,4.0,4.0
383.67263068019656,732.3576460898782,4.0,4.0
383.82067579448074,731.8237196276386,4.0,4.0
383.96856812405247,731.2897932179121,4.0,4.0
384.04246845181564,731.022951817483,4.0,4.0
384.1163076580032,730.7560495258392,4.0,4.0
384.2639860793109,730.2223058571914,4.0,4.0
384.4116033850622,729.6884404150021,4.0,4.0
384.48544260245944,729.421599040569,4.0,4.0
384.5592512592287,729.1546358786105,4.0,4.0
384.7066240803545,728.6208313616445,4.0,4.0
384.8539052236251,728.0870268619408,4.0,4.0
385.00118636869985,727.5533441562061,4.0,4.0
385.1484369506347,727.0196614465071,4.0,4.0
385.2955652772574,726.4857351472447,4.0,4.0
385.44260190181654,725.951626135585,4.0,4.0
385.58954682975894,725.4172735266993,4.0,4.0
385.7365223139156,724.8829209051798,4.0,4.0
385.88511760430276,724.349238109937,4.0,4.0
386.0366163286995,723.8164078280961,4.0,4.0
386.1889096698981,723.2837602136233,4.0,4.0
386.34230324769715,722.7512952537832,4.0,4.0
386.4962774994991,722.2187693717465,4.0,4.0
386.65061849396017,721.6865479495896,4.0,4.0
386.80517342457756,721.1544483144869,4.0,4.0
386.959667232937,720.6220442087338,4.0,4.0
387.0369294211351,720.355872607335,4.0,4.0
387.11409992512176,720.0897010148345,4.0,4.0
387.2684103819256,719.5572360572811,4.0,4.0
387.42256804209654,719.0246493397439,4.0,4.0
387.4996468750182,718.7584777761871,4.0,4.0
387.5767562716993,718.4922453200074,4.0,4.0
387.73085281924364,717.959841310598,4.0,4.0
387.88470487143405,717.4273764142677,4.0,4.0
387.9616614567764,717.1610221703688,4.0,4.0
388.03864860467075,716.8947897150932,4.0,4.0
388.19247009360737,716.3622030282852,4.0,4.0
388.3460776532671,715.8296772503768,4.0,4.0
388.4228814330438,715.5634448091957,4.0,4.0
388.49965465049377,715.2972123668212,4.0,4.0
388.6532622129147,714.7648692771553,4.0,4.0
388.8067475220957,714.2323434979161,4.0,4.0
388.96014113275294,713.6998176960616,4.0,4.0
389.11341249720846,713.1672919032612,4.0,4.0
389.266653302237,712.6347661144226,4.0,4.0
389.41980241821074,712.1023012185295,4.0,4.0
389.5728598432325,711.5699581040499,4.0,4.0
389.6492357389436,711.303725645598,4.0,4.0
389.7257033183589,711.037493177578,4.0,4.0
389.8785773409316,710.5051500150496,4.0,4.0
390.0314513503301,709.9726850354373,4.0,4.0
390.10788835217846,709.7063916470412,4.0,4.0
390.1843253531057,709.4401591499349,4.0,4.0
390.33698541536484,708.9075723646021,4.0,4.0
390.489614914613,708.375046472637,4.0,4.0
390.565899104071,708.1086921885983,4.0,4.0
390.64224442040546,707.8423988036731,4.0,4.0
390.79484337016515,707.3099338297451,4.0,4.0
390.947289512098,706.7772861785206,4.0,4.0
391.0234208955231,706.5110536958988,4.0,4.0
391.0995522789417,706.2448821077323,4.0,4.0
391.2518150478831,705.7124171446387,4.0,4.0
391.40404725489594,705.1799521848225,4.0,4.0
391.5563100150351,704.6475481004645,4.0,4.0
391.70820601986696,704.1150222178027,4.0,4.0
391.8601937099665,703.5821918568038,4.0,4.0
392.0121813966539,703.0494223839082,4.0,4.0
392.16407739891065,702.5166529163137,4.0,4.0
392.3160039614945,701.9838225490539,4.0,4.0
392.4676248904659,701.4507485883902,4.0,4.0
392.61924581767823,700.9174919375232,4.0,4.0
392.6950715618246,700.6509549537884,4.0,4.0
392.7709278676089,700.3843570731319,4.0,4.0
392.92251823060667,699.8512222109991,4.0,4.0
393.0741391638594,699.3180873608128,4.0,4.0
393.1498426604245,699.0516112763737,4.0,4.0
393.22548503058744,698.7850133991138,4.0,4.0
393.37689201681314,698.2519394283711,4.0,4.0
393.5282684358533,697.7188654480053,4.0,4.0
393.60394136473633,697.4522675637202,4.0,4.0
393.67952260701674,697.1857305761341,4.0,4.0
393.8306545259222,696.6524739114163,4.0,4.0
393.9817558824001,696.1192172465767,4.0,4.0
394.05727600446943,695.8526193728101,4.0,4.0
394.1327961301858,695.5860215055566,4.0,4.0
394.2838058275695,695.0528257852466,4.0,4.0
394.43454047045753,694.5195691851825,4.0,4.0
394.585305682014,693.9864343851126,4.0,4.0
394.7360097746573,693.4532387004602,4.0,4.0
394.88671387322563,692.9201039225311,4.0,4.0
395.0372651633614,692.3869082546519,4.0,4.0
395.18763308316744,691.8537734902345,4.0,4.0
395.3380621268936,691.3206996185556,4.0,4.0
395.4883994817286,690.7875648504955,4.0,4.0
395.63873683987447,690.2545518762703,4.0,4.0
395.7889213710155,689.7215388760571,4.0,4.0
395.93901420250177,689.1884649594559,4.0,4.0
396.08907646541684,688.6552692436594,4.0,4.0
396.16416872187034,688.3886713842367,4.0,4.0
396.23923041613523,688.1220735285511,4.0,4.0
396.3892926822915,687.5887560266757,4.0,4.0
396.539171581941,687.0555603297187,4.0,4.0
396.6140499128927,686.7889624906973,4.0,4.0
396.688958809661,686.5223646596897,4.0,4.0
396.83877660803915,685.9889863205296,4.0,4.0
396.9884415963706,685.4555470874004,4.0,4.0
397.0631671217874,685.1888883672825,4.0,4.0
397.137892646917,684.9221078559128,4.0,4.0
397.2874048150237,684.3884859252398,4.0,4.0
397.43691697081834,683.8548030789863,4.0,4.0
397.5862457417255,683.3211202141606,4.0,4.0
397.73542169350446,682.7873155490461,4.0,4.0
397.8845670764287,682.2536326624415,4.0,4.0
398.0337430163119,681.720010662245,4.0,4.0
398.1828272632363,681.1863277567745,4.0,4.0
398.3317586855967,680.6526448308779,4.0,4.0
398.4805678496673,680.1189618899925,4.0,4.0
398.6293770114892,679.5850962608225,4.0,4.0
398.70379687229274,679.3181938909958,4.0,4.0
398.7782472949093,679.0512915204037,4.0,4.0
398.92705645489895,678.5175476778422,4.0,4.0
399.0757433698517,677.9838038427973,4.0,4.0
399.1500409815818,677.7169623706147,4.0,4.0
399.2243385931156,677.4500600015532,4.0,4.0
399.37281156497085,676.9163161573606,4.0,4.0
399.52131509935913,676.3824505230983,4.0,4.0
399.59558214827234,676.1156090514206,4.0,4.0
399.66951300981424,675.8485239994725,4.0,4.0
399.81407398618694,675.3139885391723,4.0,4.0
399.95738190345367,674.7787223500859,4.0,4.0
400.02856214528515,674.5109674697867,4.0,4.0
400.0994062005865,674.2432734864288,4.0,4.0
400.24036081665105,673.7076419529003,4.0,4.0
400.38082643739915,673.1718886380083,4.0,4.0
400.52104756310524,672.6356481731468,4.0,4.0
400.6609325143024,672.0993468347044,4.0,4.0
400.8008785993704,671.5630455098355,4.0,4.0
400.9406107521796,671.026744195548,4.0,4.0
401.0802512197056,670.4905646740931,4.0,4.0
401.21983056294687,669.9543851539772,4.0,4.0
401.3593793429786,669.4181447364358,4.0,4.0
401.4987753069901,668.8819043139674,4.0,4.0
401.63807958013734,668.3456638849602,4.0,4.0
401.7774449754611,667.8094843467447,4.0,4.0
401.91668811715385,667.2733048019049,4.0,4.0
402.0555339429967,666.7370034614298,4.0,4.0
402.1908039487896,666.2001540649676,4.0,4.0
402.32479031807037,665.6623912261769,4.0,4.0
402.3912945002356,665.3934184631742,4.0,4.0
402.45743193074696,665.1243848014049,4.0,4.0
402.5890955367792,664.5864392643826,4.0,4.0
402.7202090116794,664.0483719269052,4.0,4.0
402.85098629502056,663.5102436888317,4.0,4.0
402.98161075587734,662.9715673780577,4.0,4.0
403.11211295725246,662.4328910547349,4.0,4.0
403.24243178008595,661.8940929366295,4.0,4.0
403.3726589164781,661.3553557120332,4.0,4.0
403.5028860581476,660.8164358123324,4.0,4.0
403.63317432730696,660.2776377068967,4.0,4.0
403.763248675053,659.7387178387121,4.0,4.0
403.8932619114982,659.1999197832017,4.0,4.0
404.0232140285236,658.661182629663,4.0,4.0
404.1530744618457,658.1224454817826,4.0,4.0
404.28107058069713,657.5836474412502,4.0,4.0
404.40613269389183,657.0444231355555,4.0,4.0
404.5301556760569,656.5047116624374,4.0,4.0
404.5916475993493,656.2348254716717,4.0,4.0
404.6528950201556,655.9648174856777,4.0,4.0
404.77496198153403,655.4243143493461,4.0,4.0
404.8965705023265,654.8836894193078,4.0,4.0
404.9572983560074,654.613376953588,4.0,4.0
405.01796508437775,654.3430035934834,4.0,4.0
405.1392985432809,653.8023177685305,4.0,4.0
405.2603263826139,653.2616928491818,4.0,4.0
405.32084030367895,652.9913803910254,4.0,4.0
405.3813542255074,652.7210679344,4.0,4.0
405.5024431967748,652.180443024821,4.0,4.0
405.62328767248584,651.6398181245181,4.0,4.0
405.7440099019362,651.099071436659,4.0,4.0
405.8647321386782,650.5583856584027,4.0,4.0
405.98545438677377,650.0176998956795,4.0,4.0
406.10608495469654,649.4770750406026,4.0,4.0
406.2265015856059,648.9365719760729,4.0,4.0
406.3469182173021,648.3959471233159,4.0,4.0
406.46730428495215,647.8552613723336,4.0,4.0
406.5877209043131,647.3144538122781,4.0,4.0
406.7078930201808,646.7737071442964,4.0,4.0
406.82797344501586,646.2328995755361,4.0,4.0
406.94805386564383,645.6920311022092,4.0,4.0
407.06810372169167,645.1512235204752,4.0,4.0
407.188092444577,644.6102941390744,4.0,4.0
407.3078366602453,644.0693647439754,4.0,4.0
407.3677087670687,643.7989304924165,4.0,4.0
407.42758087340644,643.5284353457483,4.0,4.0
407.54735564850813,642.9875059438192,4.0,4.0
407.66706929941716,642.4465765463691,4.0,4.0
407.7268497188944,642.1760813991648,4.0,4.0
407.7865384512174,641.9055862535422,4.0,4.0
407.9060076075592,641.3645959686382,4.0,4.0
408.02544620666106,640.8236665855108,4.0,4.0
408.0851349450695,640.5531714482552,4.0,4.0
408.14488480895545,640.2827372087856,4.0,4.0
408.2640789129184,639.7418078322053,4.0,4.0
408.3814392685537,639.2005130975201,4.0,4.0
408.495804495694,638.6587312008173,4.0,4.0
408.6091305981493,638.1165230451157,4.0,4.0
408.72117307807855,637.5740713160219,4.0,4.0
408.8324514973826,637.0313760109427,4.0,4.0
408.9433631691009,636.4885589196828,4.0,4.0
409.0540303426842,635.9457418341945,4.0,4.0
409.16454470728775,635.4029247525457,4.0,4.0
409.2749368266301,634.8601076790393,4.0,4.0
409.33010232503597,634.5886991430216,4.0,4.0
409.38523726037187,634.3172906080902,4.0,4.0
409.49538487853647,633.7745953208291,4.0,4.0
409.6055630545796,633.2318391313457,4.0,4.0
409.66054517068034,632.9604305858284,4.0,4.0
409.71555784469376,632.6890220298263,4.0,4.0
409.8255526172836,632.1462049019341,4.0,4.0
409.93551681271805,631.6033268560343,4.0,4.0
409.9904989071551,631.3317964854855,4.0,4.0
410.0454504378146,631.0602661137993,4.0,4.0
410.15523124616897,630.5171444677134,4.0,4.0
410.2650120526734,629.9740228212199,4.0,4.0
410.3198413322819,629.7024924458319,4.0,4.0
410.3746400499193,629.4309011772093,4.0,4.0
410.4842374866039,628.8877795377978,4.0,4.0
410.59371267443873,628.3446579002034,4.0,4.0
410.7031573029372,627.8015362667126,4.0,4.0
410.81251024705927,627.2583537428791,4.0,4.0
410.9217715072201,626.7151712251194,4.0,4.0
411.03103277650115,626.1720496165966,4.0,4.0
411.14014123965893,625.6288671221369,4.0,4.0
411.2492497067456,625.0857455277304,4.0,4.0
411.35820536134656,624.5426848289353,4.0,4.0
411.4671610154594,623.9996241284725,4.0,4.0
411.52153187343976,623.7280937790072,4.0,4.0
411.57596385403315,623.456624319424,4.0,4.0
411.6847055596945,622.9135027075415,4.0,4.0
411.7933861357506,622.3703810879708,4.0,4.0
411.8477264225078,622.0988507234223,4.0,4.0
411.90200558313165,621.8271985693711,4.0,4.0
412.0105027775899,621.2840160458682,4.0,4.0
412.11903053356764,620.7408335185833,4.0,4.0
412.22734434718757,620.1975900919525,4.0,4.0
412.3338549697784,619.6541639793243,4.0,4.0
412.4327860854294,619.1098853437136,4.0,4.0
412.52328193935506,618.5641452340669,4.0,4.0
412.6097740999652,618.0171872258481,4.0,4.0
412.6924765126155,617.4695593877074,4.0,4.0
412.7729478662332,616.9215661903819,4.0,4.0
412.85216615951833,616.3733294191522,4.0,4.0
412.93071207858145,615.8250317548103,4.0,4.0
413.00907462231226,615.2766731953325,4.0,4.0
413.08719266340245,614.728314631966,4.0,4.0
413.16521901411664,614.1798951687399,4.0,4.0
413.24312310869107,613.6312930133433,4.0,4.0
413.3210883251142,613.0827517465864,4.0,4.0
413.3599945269058,612.8084811127906,4.0,4.0
413.3988701655593,612.5341495842898,4.0,4.0
413.4765908789402,611.9855474181752,4.0,4.0
413.5542199085814,611.4370670473817,4.0,4.0
413.5929732995289,611.1627355204381,4.0,4.0
413.63175725188773,610.8885257849665,4.0,4.0
413.7092945917322,610.3399845139327,4.0,4.0
413.7866179910296,609.7914432403145,4.0,4.0
413.8639719497341,609.2429019628422,4.0,4.0
413.94123421862747,608.6943606801697,4.0,4.0
414.01837423175266,608.145819390443,4.0,4.0
414.0956059277762,607.5972780929692,4.0,4.0
414.17271536997526,607.0487367895415,4.0,4.0
414.2497636873759,606.500134591666,4.0,4.0
414.32672032238065,605.9514715066013,4.0,4.0
414.4036464019343,605.4026866398008,4.0,4.0
414.4803585570362,604.8540235837133,4.0,4.0
414.55694848120544,604.3054214517852,4.0,4.0
414.63353841780054,603.7568193373295,4.0,4.0
414.71180930062025,603.2084608086465,4.0,4.0
414.79304475454995,602.6604676570524,4.0,4.0
414.8751970877746,602.1126571926202,4.0,4.0
414.916701130594,601.8388737503153,4.0,4.0
414.9583885489911,601.5650903104652,4.0,4.0
415.04222182439463,601.0175843231651,4.0,4.0
415.1262995982158,600.4701392249239,4.0,4.0
415.16832320335436,600.1965384661659,4.0,4.0
415.2104384957251,599.922937706628,4.0,4.0
415.29476076727025,599.3754317101709,4.0,4.0
415.3788690931228,598.8279865968639,4.0,4.0
415.42086212989005,598.554203145341,4.0,4.0
415.46288572905047,598.2805414806345,4.0,4.0
415.5469329266095,597.7330354681076,4.0,4.0
415.6309495613532,597.1855294527995,4.0,4.0
415.7150273209553,596.6379625458158,4.0,4.0
415.79870776622437,596.0902738446365,4.0,4.0
415.88244933807397,595.5426460378136,4.0,4.0
415.96616034811296,594.9950182361688,4.0,4.0
416.04999361352435,594.4472686472141,4.0,4.0
416.1335212499832,593.899701740334,4.0,4.0
416.2170488862946,593.3521348322482,4.0,4.0
416.3004237196372,592.8046897280733,4.0,4.0
416.34198887761676,592.5309062682713,4.0,4.0
416.3835845947549,592.2570619077849,4.0,4.0
416.46659264622014,591.7094340737208,4.0,4.0
416.5494478774433,591.1616844393844,4.0,4.0
416.59089077190094,590.8877791690836,4.0,4.0
416.6322725402726,590.6139347939242,4.0,4.0
416.7150971988614,590.0661242491391,4.0,4.0
416.79786072754285,589.5183745899955,4.0,4.0
416.83930361505884,589.2445302056381,4.0,4.0
416.88065481389157,588.9706249257647,4.0,4.0
416.96323495636284,588.422936146171,4.0,4.0
417.04575397023837,587.8751864685862,4.0,4.0
417.08704403967266,587.6013420751779,4.0,4.0
417.12790623363543,587.3274367879011,4.0,4.0
417.20914160592156,586.7795044049018,4.0,4.0
417.2901630432238,586.2315720224269,4.0,4.0
417.3707871707168,585.6835178577041,4.0,4.0
417.4510445440553,585.1355854771361,4.0,4.0
417.531363042333,584.587592199416,4.0,4.0
417.6113759079911,584.0395380189358,4.0,4.0
417.6914193220639,583.491362026759,4.0,4.0
417.77140161116506,582.943246929295,4.0,4.0
417.85141446581457,582.3951318402069,4.0,4.0
417.93121338631863,581.8469558555907,4.0,4.0
417.9710670034434,581.5728069722161,4.0,4.0
418.0109511833746,581.2987189804184,4.0,4.0
418.0906584305168,580.7504821249552,4.0,4.0
418.17024343223636,580.202245273159,4.0,4.0
418.2099748085744,579.9280964006672,4.0,4.0
418.2497367478865,579.6540084256457,4.0,4.0
418.3290772535878,579.1057106845221,4.0,4.0
418.4075008892279,578.5573520591236,4.0,4.0
418.4465904583992,578.2831422989642,4.0,4.0
418.48555777806706,578.0088716469722,4.0,4.0
418.5631868028447,577.4603303563558,4.0,4.0
418.6405102170345,576.9117890877245,4.0,4.0
418.67911080294016,576.6375184577153,4.0,4.0
418.71765026368655,576.3632478291289,4.0,4.0
418.7946986191962,575.8148283545883,4.0,4.0
418.87150246786877,575.2665306604982,4.0,4.0
418.94821461079096,574.7182938357905,4.0,4.0
419.02489616242036,574.1698742866886,4.0,4.0
419.10145543430764,573.6214546961027,4.0,4.0
419.1779841264238,573.0729132959792,4.0,4.0
419.25274018160786,572.5241282994944,4.0,4.0
419.3197027836561,571.9750997219353,4.0,4.0
419.3782606880126,571.4249750406276,4.0,4.0
419.4328148904531,570.8739978181117,4.0,4.0
419.48357933124316,570.322472535388,4.0,4.0
419.53202101586555,569.77058188079,4.0,4.0
419.57927076283386,569.2185694383927,4.0,4.0
419.6026205747173,568.942532770757,4.0,4.0
419.62590926310617,568.6664352110231,4.0,4.0
419.6721504564161,568.114361887911,4.0,4.0
419.7183916660714,567.5622276919065,4.0,4.0
419.7413747441875,567.286191049348,4.0,4.0
419.764418948549,567.0102153012106,4.0,4.0
419.8104156732444,566.458263810467,4.0,4.0
419.856229026711,565.9063123262105,4.0,4.0
419.9020118138728,565.3543608354144,4.0,4.0
419.94761122060277,564.8023484436148,4.0,4.0
419.9932717531016,564.2503969477871,4.0,4.0
420.03884059721304,563.6983845551447,4.0,4.0
420.08422606219233,563.1464939479276,4.0,4.0
420.12951983583145,562.5945424406817,4.0,4.0
420.174905288856,562.0427127122653,4.0,4.0
420.2201073517728,561.4907611723456,4.0,4.0
420.2652482801781,560.9388096233517,4.0,4.0
420.31026695092646,560.3867971660836,4.0,4.0
420.35525505034724,559.8349064887146,4.0,4.0
420.40021258397354,559.2830767018443,4.0,4.0
420.4450784162685,558.7311860008817,4.0,4.0
420.48985254635517,558.1792343884456,4.0,4.0
420.51219376424314,557.9032585763139,4.0,4.0
420.5345349806142,557.6272218676094,4.0,4.0
420.57918684351387,557.0753311267945,4.0,4.0
420.62377757295803,556.5234403746347,4.0,4.0
420.6459965306617,556.2474645500198,4.0,4.0
420.66827661063206,555.971549616428,4.0,4.0
420.7126228164613,555.4195979390215,4.0,4.0
420.7569384440619,554.8676462408557,4.0,4.0
420.80122350360284,554.3156336416149,4.0,4.0
420.8455085664371,553.7634383633099,4.0,4.0
420.88967138469883,553.2111821954927,4.0,4.0
420.9336814107518,552.6590478474104,4.0,4.0
420.97769146346343,552.1069135323713,4.0,4.0
421.02170153426215,551.5548401357574,4.0,4.0
421.06739255523536,551.0028276503315,4.0,4.0
421.1160175888423,550.4510587523678,4.0,4.0
421.1655900694036,549.8993507608602,4.0,4.0
421.2162322450267,549.3478254620651,4.0,4.0
421.26757736669856,548.7964219624046,4.0,4.0
421.29334161624325,548.5206897671642,4.0,4.0
421.31910586584587,548.2450793599206,4.0,4.0
421.37081774062705,547.6937367580763,4.0,4.0
421.4225907402302,547.1424550529521,4.0,4.0
421.4484161116656,546.8667228532045,4.0,4.0
421.4741497933584,546.5911124405854,4.0,4.0
421.5256782781441,546.0397089238418,4.0,4.0
421.5771761967067,545.4883662993919,4.0,4.0
421.60294043566233,545.2126340916014,4.0,4.0
421.6286741103091,544.936901879829,4.0,4.0
421.6801414553062,544.3853765569189,4.0,4.0
421.7313337322,543.8338512264306,4.0,4.0
421.75691458489837,543.5580581075179,4.0,4.0
421.78255655860374,543.2822040890934,4.0,4.0
421.8337182468223,542.7306178300971,4.0,4.0
421.8848493661974,542.1789097750384,4.0,4.0
421.9359499210553,541.6271408213113,4.0,4.0
421.98683653687215,541.0753718660303,4.0,4.0
422.0376620329006,540.5236638134525,4.0,4.0
422.0885486607484,539.9719557711808,4.0,4.0
422.13937416581314,539.4202477294964,4.0,4.0
422.18998573644035,538.8685396948957,4.0,4.0
422.24059731272604,538.3167707715929,4.0,4.0
422.2911783296679,537.7649409573402,4.0,4.0
422.3416371081637,537.2131720540758,4.0,4.0
422.39197364788686,536.6615249538401,4.0,4.0
422.4422185032925,536.1098169650618,4.0,4.0
422.46746317978335,535.8339629678882,4.0,4.0
422.49246335357566,535.5582307574904,4.0,4.0
422.54246369366507,535.0067663289603,4.0,4.0
422.59246402136654,534.4554236750713,4.0,4.0
422.617494736207,534.1796914386609,4.0,4.0
422.6424948787077,533.9039591900503,4.0,4.0
422.6922200777357,533.3524337676497,4.0,4.0
422.7418841299408,532.800786528021,4.0,4.0
422.7666397434413,532.5249933475984,4.0,4.0
422.79145647977424,532.2492001654778,4.0,4.0
422.841059386146,531.6975529007566,4.0,4.0
422.8906928475665,531.145783837994,4.0,4.0
422.9402957427758,530.5940147709458,4.0,4.0
422.9896847072975,530.0423066084554,4.0,4.0
423.03895142596946,529.4905984527617,4.0,4.0
423.0882487108472,528.9388903008368,4.0,4.0
423.1375459989858,528.3871821524906,4.0,4.0
423.18672103574636,527.8354740061582,4.0,4.0
423.23574326278253,527.2837658609468,4.0,4.0
423.2847654932926,526.732057723232,4.0,4.0
423.3092460472259,526.4562036558808,4.0,4.0
423.3337266015951,526.180349588443,4.0,4.0
423.3827182746975,525.6286414572382,4.0,4.0
423.43152657465265,525.0769333286487,4.0,4.0
423.4558543191573,524.8010792651287,4.0,4.0
423.4802126266319,524.5251643066844,4.0,4.0
423.5288986819527,523.973456186889,4.0,4.0
423.5776153032644,523.4218089670153,4.0,4.0
423.60197361850146,523.1458331241588,4.0,4.0
423.62620968664334,522.8699181808703,4.0,4.0
423.67462070450114,522.317966514041,4.0,4.0
423.7230622999201,521.7660148652202,4.0,4.0
423.74729839452124,521.490099956832,4.0,4.0
423.77153449502566,521.2141850532628,4.0,4.0
423.8198538971921,520.662416159691,4.0,4.0
423.8680510588382,520.1107690682222,4.0,4.0
423.9161870942922,519.559182873744,4.0,4.0
423.9641397476078,519.0078402453846,4.0,4.0
424.0121840713291,518.4563758091183,4.0,4.0
424.0599838608763,517.904728646347,4.0,4.0
424.1078141836706,517.3528987632803,4.0,4.0
424.15552223893377,516.8008861755164,4.0,4.0
424.2030469018615,516.2489953567741,4.0,4.0
424.25054098921,515.6971654158767,4.0,4.0
424.27437972178194,515.4213113421503,4.0,4.0
424.29803507169044,515.1453963654528,4.0,4.0
424.3452234986006,514.5935663835785,4.0,4.0
424.39232021696125,514.041614588779,4.0,4.0
424.41579216374123,513.7656386834698,4.0,4.0
424.4393557952782,513.4897236696534,4.0,4.0
424.48648305352657,512.9377718485521,4.0,4.0
424.5335186187227,512.3857591243903,4.0,4.0
424.5570211156159,512.109722311518,4.0,4.0
424.58061530080926,511.83368549929014,4.0,4.0
424.6275897353859,511.2816727706614,4.0,4.0
424.6743807978842,510.7296600478387,4.0,4.0
424.69776104830606,510.45365368748054,4.0,4.0
424.72120242414815,510.1776473272581,4.0,4.0
424.76802405159464,509.62566505617724,4.0,4.0
424.81475399341605,509.0736827871675,4.0,4.0
424.861422807613,508.52167006890954,4.0,4.0
424.9079082457003,507.9696877981941,4.0,4.0
424.9545464918371,507.4177359697043,4.0,4.0
425.00094022937753,506.8659363713738,4.0,4.0
425.04727283364525,506.31413676145746,4.0,4.0
425.09357485324716,505.7623675750959,4.0,4.0
425.13978515843536,505.2104765671593,4.0,4.0
425.18599544875184,504.65849420119343,4.0,4.0
425.2321140588932,504.10623781613833,4.0,4.0
425.2782021204005,503.55370742276943,4.0,4.0
425.32407627263325,503.00117706287415,4.0,4.0
425.3469675295938,502.7250793746906,4.0,4.0
425.36991992806725,502.4489208105882,4.0,4.0
425.4157636366864,501.896695068938,4.0,4.0
425.4615462465286,501.3447433869341,4.0,4.0
425.4843458667208,501.0687979950834,4.0,4.0
425.50711492551665,500.79294394736235,4.0,4.0
425.5526530445059,500.2412663047613,4.0,4.0
425.5981911306375,499.68952772609555,4.0,4.0
425.6209601609065,499.4135823038781,4.0,4.0
425.6436374973969,499.13763687574334,4.0,4.0
425.6889921566388,498.5856851073352,4.0,4.0
425.7343162390142,498.03376377053894,4.0,4.0
425.77964030929377,497.48187286631537,4.0,4.0
425.82481155744966,496.9299819522553,4.0,4.0
425.86992166776764,496.3780910234648,4.0,4.0
425.91487894991366,495.8261087362778,4.0,4.0
425.9597750983491,495.2740350964326,4.0,4.0
426.0046406844414,494.72180922215466,4.0,4.0
426.0496285250177,494.16946156188294,4.0,4.0
426.09434131360445,493.61705302098244,4.0,4.0
426.1166824350328,493.34089443175105,4.0,4.0
426.13911525081596,493.0647358501743,4.0,4.0
426.1837363971582,492.5124796017701,4.0,4.0
426.22838811490374,491.9601929153713,4.0,4.0
426.2506681299181,491.68415613975276,4.0,4.0
426.27288701931803,491.4081193612102,4.0,4.0
426.31729423428226,490.85607625369664,4.0,4.0
426.3616097374531,490.3039722230369,4.0,4.0
426.3837674793645,490.02781363239217,4.0,4.0
426.4058335289017,489.75168548216243,4.0,4.0
426.4499044926281,489.19945961992545,4.0,4.0
426.49391432368634,488.64714240756564,4.0,4.0
426.5378935888429,488.0947642949957,4.0,4.0
426.58181172920644,487.5423557374723,4.0,4.0
426.62566875070866,486.99003853120337,4.0,4.0
426.66946465362247,486.4376908845496,4.0,4.0
426.71323000026854,485.8854041417325,4.0,4.0
426.7568731022966,485.33299561571715,4.0,4.0
426.8003022664508,484.7806784325853,4.0,4.0
426.84382312728405,484.22851349771463,4.0,4.0
426.8871606127628,483.6762267740122,4.0,4.0
426.9303758374172,483.1240009350545,4.0,4.0
426.973346550616,482.5717750837009,4.0,4.0
427.0165923225164,482.0195796737672,4.0,4.0
427.0597464057645,481.46723202896925,4.0,4.0
427.1027476629049,480.9147930265136,4.0,4.0
427.12429413952157,480.638573529629,4.0,4.0
427.14584062075465,480.3623844880826,4.0,4.0
427.1889335927293,479.80997596468126,4.0,4.0
427.2319960061228,479.25771968512686,4.0,4.0
427.25342024366006,478.981652439992,4.0,4.0
427.27478335543583,478.70552429706856,4.0,4.0
427.3176012600804,478.15345069542514,4.0,4.0
427.3602968948101,477.6012857289239,4.0,4.0
427.3816294226341,477.32518801338495,4.0,4.0
427.4029008211661,477.0490598453978,4.0,4.0
427.445443610271,476.49677305388866,4.0,4.0
427.4878641429089,475.9444253598788,4.0,4.0
427.509135532831,475.6682667375594,4.0,4.0
427.53031523440825,475.3920776655345,4.0,4.0
427.57264407907087,474.8397299734788,4.0,4.0
427.61494236470895,474.287412735564,4.0,4.0
427.6360303828238,474.0112541172176,4.0,4.0
427.65705727610697,473.73509549908687,4.0,4.0
427.69911106028366,473.1828087087318,4.0,4.0
427.7412259685464,472.63058281328074,4.0,4.0
427.76225286089135,472.3544546416308,4.0,4.0
427.78321862613655,472.07829602341064,4.0,4.0
427.82511958620825,471.5259178810256,4.0,4.0
427.8670816719207,470.97360063344115,4.0,4.0
427.88798630950214,470.6974420136635,4.0,4.0
427.90892151036616,470.4212529456139,4.0,4.0
427.95079191258657,469.86896615332194,4.0,4.0
427.992478937537,469.3166793614441,4.0,4.0
428.01329188698514,469.04055118912515,4.0,4.0
428.03410483545304,468.76448391008756,4.0,4.0
428.0756390400284,468.21225800459604,4.0,4.0
428.09636029375366,467.93612982338516,4.0,4.0
428.1170509822814,467.659971193563,4.0,4.0
428.137711106775,467.3838734546906,4.0,4.0
428.15834066837004,467.1076539281088,4.0,4.0
428.1996914790845,466.55530621637394,4.0,4.0
428.2203516036162,466.2790562429333,4.0,4.0
428.2409811662212,466.00283671718284,4.0,4.0
428.26154960689144,465.72661719633527,4.0,4.0
428.2821180510236,465.45042812671585,4.0,4.0
428.3233160748868,464.8980195515053,4.0,4.0
428.34382340333195,464.6218304928314,4.0,4.0
428.364361295915,464.34567188250605,4.0,4.0
428.38486862647113,464.06954372142184,4.0,4.0
428.4053148319738,463.7934155600945,4.0,4.0
428.4462989315094,463.2411592415317,4.0,4.0
428.46674513797427,462.96506152883234,4.0,4.0
428.4871607791044,462.68893336787994,4.0,4.0
428.5279920515976,462.1366465869497,4.0,4.0
428.5687621939861,461.5843293522088,4.0,4.0
428.609471208712,461.03204256607336,4.0,4.0
428.65008853366186,460.47972532924564,4.0,4.0
428.69064473221897,459.9274385401107,4.0,4.0
428.7311398037281,459.3751213022035,4.0,4.0
428.7715431851857,458.8228345118091,4.0,4.0
428.79177543803456,458.5466758910218,4.0,4.0
428.8119771281582,458.27051727190457,4.0,4.0
428.8523805075545,457.71810868983385,4.0,4.0
428.89250882001005,457.1657609990219,4.0,4.0
428.91255769307224,456.8895110340927,4.0,4.0
428.9326065662627,456.61332196477724,4.0,4.0
428.9727043065662,456.06082202915843,4.0,4.0
429.0126492181305,455.508261182712,4.0,4.0
429.03260638779824,455.2320112025684,4.0,4.0
429.05247186716383,454.9557307723811,4.0,4.0
429.092263945895,454.40310901177617,4.0,4.0
429.13205601991837,453.85048724647584,4.0,4.0
429.17178696568874,453.29786548047946,4.0,4.0
429.21142622167537,452.74527416088586,4.0,4.0
429.25097378958327,452.1926219459357,4.0,4.0
429.2708086987292,451.91628061624806,4.0,4.0
429.29058248295314,451.63993928566765,4.0,4.0
429.3299772358451,451.0873479671218,4.0,4.0
429.36934142431556,450.5348479888537,4.0,4.0
429.40864448617833,449.98240890655575,4.0,4.0
429.44785584372516,449.42987846418725,4.0,4.0
429.486822688668,448.8772871161274,4.0,4.0
429.52578952887234,448.3246044225592,4.0,4.0
429.56475636806607,447.77186083150764,4.0,4.0
429.5841633827678,447.49551948781016,4.0,4.0
429.6035398372685,447.21914769885643,4.0,4.0
429.6423844426428,446.6664345768289,4.0,4.0
429.68125962165925,446.11381280968965,4.0,4.0
429.7006055286012,445.8374105898623,4.0,4.0
429.71998200084965,445.561008372311,4.0,4.0
429.75858213968803,445.008203947827,4.0,4.0
429.79715173168483,444.45549088256246,4.0,4.0
429.83569078478837,443.90280828915945,4.0,4.0
429.8741687278271,443.3501866090025,4.0,4.0
429.912585552392,442.79762583122056,4.0,4.0
429.9510023837752,442.2450346134232,4.0,4.0
429.9892664031876,441.69235205687164,4.0,4.0
430.0275304203536,441.1396086024019,4.0,4.0
430.0657027607332,440.58692605371687,4.0,4.0
430.10393623459925,440.03424351525103,4.0,4.0
430.1420474637178,439.4815914318375,4.0,4.0
430.18003644670705,438.9289089061515,4.0,4.0
430.2179337479365,438.37622638778055,4.0,4.0
430.2558310516435,437.82363521380444,4.0,4.0
430.2936977858278,437.2711658247344,4.0,4.0
430.33144226251625,436.71875732231877,4.0,4.0
430.35029921696207,436.44250739928657,4.0,4.0
430.3690950376199,436.1663183613397,4.0,4.0
430.40665609387133,435.6138184735943,4.0,4.0
430.44424769334904,435.0612576701624,4.0,4.0
430.46301292436436,434.7849772653835,4.0,4.0
430.48174758896863,434.5087273024641,4.0,4.0
430.5190335329803,433.95628826295706,4.0,4.0
430.55638058982,433.4038492120827,4.0,4.0
430.5937276236431,432.851257901056,4.0,4.0
430.6309523911784,432.2985447865417,4.0,4.0
430.6679632137112,431.7457098762696,4.0,4.0
430.70494347074197,431.1928140694448,4.0,4.0
430.74198486877515,430.63997917372285,4.0,4.0
430.77887346345466,430.08723563277465,4.0,4.0
430.81744300407775,429.5345225445859,4.0,4.0
430.8590076821899,428.9819312571271,4.0,4.0
430.90151980786305,428.4293399781227,4.0,4.0
430.94516276206963,427.8770531896479,4.0,4.0
430.9894169810732,427.3250099979088,4.0,4.0
431.03400739660884,426.7730277075822,4.0,4.0
431.0785672541749,426.22098452857716,4.0,4.0
431.12315767081407,425.6690022440879,4.0,4.0
431.14546816009215,425.3929958771522,4.0,4.0
431.16780921144095,425.11698951046577,4.0,4.0
431.2123996249425,424.5650376711716,4.0,4.0
431.2569900362255,424.0130858310756,4.0,4.0
431.2792393964457,423.73707946235277,4.0,4.0
431.3014581924767,423.461133987812,4.0,4.0
431.34583465467614,422.90915169087145,4.0,4.0
431.3901194272916,422.3571084993453,4.0,4.0
431.4122465322014,422.0810412315829,4.0,4.0
431.43440419978214,421.8050044135023,4.0,4.0
431.4786889755463,421.25296122673257,4.0,4.0
431.5228209462741,420.7009484964843,4.0,4.0
431.5449174976103,420.42491168790974,4.0,4.0
431.5670140511313,420.14887487954365,4.0,4.0
431.61114603566665,419.5967708239034,4.0,4.0
431.65518632969145,419.0445754219969,4.0,4.0
431.6992877621464,418.4923800348529,4.0,4.0
431.74320582539787,417.9402759979349,4.0,4.0
431.78706276941,417.3882024142575,4.0,4.0
431.8308280222072,416.83594614223347,4.0,4.0
431.874532136267,416.2836898610167,4.0,4.0
431.91808342795696,415.73149446468017,4.0,4.0
431.9616041478969,415.17923816478856,4.0,4.0
432.0050331709069,414.6269209635717,4.0,4.0
432.02673239840965,414.35076236103635,4.0,4.0
432.0484316245639,414.0746037575632,4.0,4.0
432.0917689521903,413.5222865496518,4.0,4.0
432.13504515829237,412.96993890018894,4.0,4.0
432.1566526991338,412.69374985170134,4.0,4.0
432.17822967758707,412.4175912528475,4.0,4.0
432.22129194801795,411.86524360597963,4.0,4.0
432.2643236632613,411.3128350749347,4.0,4.0
432.28587008716045,411.03667648588004,4.0,4.0
432.3073553879327,410.76042655279593,4.0,4.0
432.3502343072824,410.2079571438343,4.0,4.0
432.3931132423466,409.65548775194793,4.0,4.0
432.4145068755302,409.37923784154907,4.0,4.0
432.4359922021069,409.1030183845875,4.0,4.0
432.47868780565364,408.5504881383798,4.0,4.0
432.5212917303118,407.99807969546526,4.0,4.0
432.5639262334057,407.44588439781467,4.0,4.0
432.60662187697426,406.89371956583864,4.0,4.0
432.6490118753091,406.34146337134393,4.0,4.0
432.6916158017615,405.7892376158158,4.0,4.0
432.7341891686236,405.236920521785,4.0,4.0
432.7765180249637,404.68448163003586,4.0,4.0
432.818908015415,404.1320427481872,4.0,4.0
432.8613285786778,403.5796343213933,4.0,4.0
432.8824777402354,403.3034453378605,4.0,4.0
432.9036574677973,403.02722591021256,4.0,4.0
432.94583355238905,402.47487840250824,4.0,4.0
432.9880096414943,401.92256134877556,4.0,4.0
433.0090060043051,401.64643327260023,4.0,4.0
433.03000236595267,401.3703051972521,4.0,4.0
433.0719645197563,400.8181099360623,4.0,4.0
433.1138044147337,400.26585377364586,4.0,4.0
433.1346479469219,399.98969523586163,4.0,4.0
433.155583164896,399.71362803790475,4.0,4.0
433.1973619110967,399.1614023005194,4.0,4.0
433.23914065276523,398.60917656146785,4.0,4.0
433.2808582583304,398.056676786817,4.0,4.0
433.32248417544133,397.50417700858884,4.0,4.0
433.3658521723662,396.95176859030937,4.0,4.0
433.4167080183325,396.39996914444635,4.0,4.0
433.47575463299404,395.84880910272256,4.0,4.0
433.53871326949223,395.29837981493256,4.0,4.0
433.60533941996835,394.7484376957451,4.0,4.0
433.6740743901072,394.19876960919623,4.0,4.0
433.743787337418,393.64913194755843,4.0,4.0
433.8141726676828,393.099768320307,4.0,4.0
433.8847413841829,392.5505873880533,4.0,4.0
433.9199798811784,392.2758598949735,4.0,4.0
433.9552794942653,392.00110194451986,4.0,4.0
434.02597040087517,391.4515555894368,4.0,4.0
434.0966307396425,390.90203968037815,4.0,4.0
434.13199147098516,390.6272817245457,4.0,4.0
434.1673216388707,390.35255421585373,4.0,4.0
434.2378291588952,389.8030991970021,4.0,4.0
434.3082144243947,389.2537050696435,4.0,4.0
434.3433917717492,388.9790080022333,4.0,4.0
434.3785996783756,388.7042804870671,4.0,4.0
434.4490154843854,388.1547645524821,4.0,4.0
434.51918678349165,387.6052486106048,4.0,4.0
434.55424186887166,387.3304906418755,4.0,4.0
434.5892663906557,387.05579356396754,4.0,4.0
434.65934599498576,386.50636896422964,4.0,4.0
434.72948671639756,385.9569443556428,4.0,4.0
434.7994134845311,385.4074892881009,4.0,4.0
434.86918742676676,384.85812555235736,4.0,4.0
434.93905306170944,384.30876182313597,4.0,4.0
435.0087658662314,383.75924584192217,4.0,4.0
435.0782952797148,383.2095776100583,4.0,4.0
435.1477635774233,382.6600007292649,4.0,4.0
435.2172318901945,382.1104847583724,4.0,4.0
435.28844227401476,381.56112103195795,4.0,4.0
435.3264007770416,381.28678931061035,4.0,4.0
435.3670487826897,381.0128838521616,4.0,4.0
435.45399886497665,380.4655905468921,4.0,4.0
435.54479982507496,379.9192715559874,4.0,4.0
435.5916214591819,379.6463099671522,4.0,4.0
435.6392377172624,379.3735006127937,4.0,4.0
435.7357538527998,378.828064584196,4.0,4.0
435.8333091014187,378.28287212574514,4.0,4.0
435.88233122539833,378.0103063440041,4.0,4.0
435.9314144743306,377.7377710087429,4.0,4.0
436.02967265657014,377.19266989123224,4.0,4.0
436.1280225175731,376.64750787104697,4.0,4.0
436.1771974447004,376.3749420830226,4.0,4.0
436.22634180787736,376.1023458461945,4.0,4.0
436.3245388483147,375.55727516530885,4.0,4.0
436.4227664429417,375.0122044792545,4.0,4.0
436.5209023396207,374.4669815461606,4.0,4.0
436.61909934776793,373.9218195000264,4.0,4.0
436.7171129592863,373.37668788219753,4.0,4.0
436.8149737418957,372.83152580695935,4.0,4.0
436.9129261970827,372.28630282491963,4.0,4.0
437.0108480764504,371.7409580437877,4.0,4.0
437.1086782618791,371.19555236292143,4.0,4.0
437.20632507340673,370.6502075808071,4.0,4.0
437.25516376252574,370.37751996903467,4.0,4.0
437.3039718900369,370.10483235693215,4.0,4.0
437.4015881405847,369.5596093685009,4.0,4.0
437.49923494447006,369.0143254800884,4.0,4.0
437.54801250061007,368.74169875795604,4.0,4.0
437.59675949305836,368.4689806933141,4.0,4.0
437.69413122129066,367.923696796448,4.0,4.0
437.79144182201765,367.37850424245033,4.0,4.0
437.8401276845324,367.1059688599798,4.0,4.0
437.8887829834837,366.83334213547334,4.0,4.0
437.9861241374388,366.28811912933486,4.0,4.0
438.0832513395376,365.74268298214554,4.0,4.0
438.1803479772065,365.1972163860013,4.0,4.0
438.2774446338667,364.6516889137738,4.0,4.0
438.37441905915375,364.1061919055622,4.0,4.0
438.4714240529808,363.56087759025047,4.0,4.0
438.5682456734126,363.01565461994176,4.0,4.0
438.6667176746009,362.47061433697326,4.0,4.0
438.7726163544914,361.92703552070003,4.0,4.0
438.88685860458116,361.3848268353074,4.0,4.0
439.0048294920518,360.8435011367967,4.0,4.0
439.1264067494461,360.3029975126493,4.0,4.0
439.2500622647748,359.76295060575586,4.0,4.0
439.3123790254336,359.4930641701191,4.0,4.0
439.3748180384866,359.22317773419604,4.0,4.0
439.50006282009326,358.68352666039425,4.0,4.0
439.62539928626546,358.14393647971286,4.0,4.0
439.68811336228606,357.8741413887967,4.0,4.0
439.7507968757113,357.6043158523186,4.0,4.0
439.8763167113911,357.0646343281551,4.0,4.0
440.00171428999045,356.52486145823764,4.0,4.0
440.0644283603915,356.25497502459893,4.0,4.0
440.1270507447952,355.98511903938584,4.0,4.0
440.2540987110209,355.44577244570996,4.0,4.0
440.38842056812683,354.90807002037195,4.0,4.0
440.5341728157923,354.3731992135271,4.0,4.0
440.69383104474474,353.84213435631176,4.0,4.0
440.86605050175166,353.31487545490995,4.0,4.0
441.04508542326,352.79029594322145,4.0,4.0
441.22925487227934,352.267665088427,4.0,4.0
441.41623607794486,351.74600855610396,4.0,4.0
441.6047148244617,351.2249000618831,4.0,4.0
441.793804820469,350.7041264869668,4.0,4.0
441.98320042729677,350.1833224569409,4.0,4.0
442.17271825947586,349.6625793024061,4.0,4.0
442.3622666383741,349.1417752429158,4.0,4.0
442.45701025768886,348.8813884313207,4.0,4.0
442.5517844336838,348.6209711680625,4.0,4.0
442.7413327786168,348.1000757447229,4.0,4.0
442.93078943213317,347.57905852721217,4.0,4.0
443.025502477523,347.3185499202892,4.0,4.0
443.120246087762,347.05804131643674,4.0,4.0
443.3096416333931,346.5371459082702,4.0,4.0
443.49885381249686,346.01634184957976,4.0,4.0
443.6880048610615,345.49559868544753,4.0,4.0
443.87706421397127,344.9748555151968,4.0,4.0
444.0661541221637,344.453960105664,4.0,4.0
444.1606837922738,344.1934515033254,4.0,4.0
444.2551828988603,343.9329429010246,4.0,4.0
444.44580092265767,343.4124737488938,4.0,4.0
444.6433566539814,342.8947753269887,4.0,4.0
444.8518843424564,342.3812482108193,4.0,4.0
445.07061991015837,341.8717401546555,4.0,4.0
445.2947650517586,341.36491147856947,4.0,4.0
445.52337231348434,340.8601836714058,4.0,4.0
445.75451625305845,340.35661285981564,4.0,4.0
445.9868521376951,339.8535596606986,4.0,4.0
446.21967700323825,339.35068913391865,4.0,4.0
446.45286860314303,338.84790993823304,4.0,4.0
446.56952553064644,338.5965355684555,4.0,4.0
446.6862741449024,338.34510030136795,4.0,4.0
446.9195879880217,337.84229065808626,4.0,4.0
447.1528407030025,337.339420118522,4.0,4.0
447.26937537747403,337.0879544069768,4.0,4.0
447.38587948945224,336.83645824795383,4.0,4.0
447.6189488369547,336.33349637730464,4.0,4.0
447.85198762017677,335.8305345067888,4.0,4.0
447.96849172947026,335.5791296887626,4.0,4.0
448.0849958398557,335.32769442734394,4.0,4.0
448.3180651890904,334.82476301122745,4.0,4.0
448.5509511508542,334.32180114166533,4.0,4.0
448.66733300199655,334.070335428932,4.0,4.0
448.78371485562064,333.8188392678145,4.0,4.0
449.01647856765754,333.31590784955773,4.0,4.0
449.2492422741228,332.81297642948067,4.0,4.0
449.4820059762793,332.30995366750795,4.0,4.0
449.71461686603124,331.8068700095256,4.0,4.0
449.9471054968475,331.30366455912576,4.0,4.0
450.17968581974384,330.8004895617532,4.0,4.0
450.41220502530524,330.29716233405213,4.0,4.0
450.6447242321621,329.7938960062452,4.0,4.0
450.87706007756543,329.2906296885975,4.0,4.0
451.10927368272957,328.7874547233055,4.0,4.0
451.22538048441953,328.53586724094805,4.0,4.0
451.3414872857276,328.28424931191785,4.0,4.0
451.5737314522932,327.7809830077465,4.0,4.0
451.80597562017977,327.2777471530529,4.0,4.0
451.9220518607934,327.02612922646597,4.0,4.0
452.03800585268766,326.77445040833527,4.0,4.0
452.2699749691317,326.27109277684065,4.0,4.0
452.5018829666031,325.7677047046792,4.0,4.0
452.61786752803295,325.5159954449085,4.0,4.0
452.73385209421747,325.2643166382556,4.0,4.0
452.9657906793737,324.7609285883366,4.0,4.0
453.19769871051,324.257479650489,4.0,4.0
453.42945393131725,323.7540611639306,4.0,4.0
453.6611174817035,323.25052090179963,4.0,4.0
453.8944314164094,322.7476504908693,4.0,4.0
454.1344996749718,322.24809885606544,4.0,4.0
454.3851120193367,321.7537232970618,4.0,4.0
454.6455655030875,321.26415843913696,4.0,4.0
454.911245175707,320.7774860853376,4.0,4.0
455.18123415441926,320.293249523602,4.0,4.0
455.3172983321752,320.05164884887347,4.0,4.0
455.4536987021742,319.81035265272146,4.0,4.0
455.7273246359089,319.32806473908363,4.0,4.0
456.0015006976263,318.8459899619197,4.0,4.0
456.13866513612237,318.60496779982043,4.0,4.0
456.2758295753997,318.36403697948646,4.0,4.0
456.5502807122809,317.8822666900162,4.0,4.0
456.82479298799353,317.4002528290765,4.0,4.0
456.96201856244585,317.1592611243492,4.0,4.0
457.09930525648826,316.9182694157505,4.0,4.0
457.37372584848214,316.43631645658024,4.0,4.0
457.6481464666325,315.95427217570193,4.0,4.0
457.7853720594665,315.71321959124185,4.0,4.0
457.9226282136263,315.47213655657833,4.0,4.0
458.19692660807203,314.9900618508034,4.0,4.0
458.4711944651507,314.5079567151316,4.0,4.0
458.74534009167434,314.0258820423107,4.0,4.0
459.01948572482075,313.5438378225292,4.0,4.0
459.2935091080849,313.06185449878853,4.0,4.0
459.56750194580064,312.5797798471244,4.0,4.0
459.84140309959326,312.09749206506467,4.0,4.0
460.11533481684364,311.61514339133697,4.0,4.0
460.38749393556833,311.13215534094707,4.0,4.0
460.6532960676665,310.6465488262249,4.0,4.0
460.78502047750493,310.4029387140362,4.0,4.0
460.9162864483607,310.1589632269777,4.0,4.0
461.1770457546107,309.6699465966824,4.0,4.0
461.435971298037,309.1798642971155,4.0,4.0
461.56503675362273,308.93461001399,4.0,4.0
461.69388827149805,308.6892643877903,4.0,4.0
461.95122456263925,308.1982686688209,4.0,4.0
462.2082552194289,307.70715115095686,4.0,4.0
462.33667885690096,307.4615619451893,4.0,4.0
462.4651636203991,307.2160031865132,4.0,4.0
462.7218275246354,306.724824776276,4.0,4.0
462.97843028705745,306.23349412079597,4.0,4.0
463.23494134902955,305.74210256250933,4.0,4.0
463.4914218378803,305.25074144471114,4.0,4.0
463.74793288368807,304.7592585354196,4.0,4.0
463.87620368610607,304.51348663256135,4.0,4.0
464.0044439231502,304.2676842808915,4.0,4.0
464.26092439153496,303.7761100221377,4.0,4.0
464.5173131718498,303.28453576468405,4.0,4.0
464.77382419997673,302.79302240131835,4.0,4.0
465.0311604098393,302.30199619411155,4.0,4.0
465.2887105600158,301.8109395428461,4.0,4.0
465.5463829499524,301.31997422805944,4.0,4.0
465.8043609652737,300.82900891595017,4.0,4.0
466.0623389981194,300.33810450931617,4.0,4.0
466.3203170468808,299.84720011651075,4.0,4.0
466.57814230294855,299.3563261838508,4.0,4.0
466.70708549921306,299.11085877489427,4.0,4.0
466.8359981358179,298.86542181495713,4.0,4.0
467.0937011719352,298.37454790513607,4.0,4.0
467.35128197300884,297.8837349005559,4.0,4.0
467.48007237701717,297.6383284005223,4.0,4.0
467.608771095008,297.3929218999386,4.0,4.0
467.86613797041935,296.902078457904,4.0,4.0
468.1235354056323,296.41120456785575,4.0,4.0
468.2522646853259,296.1657067287266,4.0,4.0
468.3809634018448,295.92020888850084,4.0,4.0
468.63829970332375,295.4292132037835,4.0,4.0
468.89566656424665,294.93827841455584,4.0,4.0
469.15288060931306,294.44743496590286,4.0,4.0
469.41000295977017,293.9564392772876,4.0,4.0
469.6671558573781,293.46535223822883,4.0,4.0
469.9242476203788,292.97420429842504,4.0,4.0
470.18124769869974,292.48305636240167,4.0,4.0
470.4382783331653,291.9919693167044,4.0,4.0
470.69512558850636,291.5008213769844,4.0,4.0
470.9519728338422,291.0095211938384,4.0,4.0
471.2087589413831,290.5181601097564,4.0,4.0
471.4656061735068,290.0268294745029,4.0,4.0
471.7223006123841,289.5352857187175,4.0,4.0
471.85069368194837,289.289422504849,4.0,4.0
471.97908675484877,289.04355928996836,4.0,4.0
472.23584235003415,288.55192421466586,4.0,4.0
472.4923840420265,288.06047184675816,4.0,4.0
472.62062433665426,287.8147913406612,4.0,4.0
472.74886463648596,287.5691108379431,4.0,4.0
473.0053452237321,287.07778027276754,4.0,4.0
473.2613673607322,286.5862974648413,4.0,4.0
473.5131413013797,286.09304870315145,4.0,4.0
473.75959733674244,285.5972118932641,4.0,4.0
474.0039751130194,285.099852708132,4.0,4.0
474.2460912557414,284.6012756236098,4.0,4.0
474.4868015075555,284.102028687803,4.0,4.0
474.7266560121958,283.6022945950738,4.0,4.0
474.9661743203923,283.10234736669736,4.0,4.0
475.2054786863852,282.6023087944312,4.0,4.0
475.4446302471365,282.10205709539946,4.0,4.0
475.68359842656,281.6018662885103,4.0,4.0
475.9224749210399,281.1017668257957,4.0,4.0
476.04185204471315,280.8517323204005,4.0,4.0
476.16125973004625,280.6016978143172,4.0,4.0
476.40013620504624,280.101446106947,4.0,4.0
476.6389515398425,279.6011030471519,4.0,4.0
476.75826751600806,279.3509162939478,4.0,4.0
476.8776140553159,279.1007295400051,4.0,4.0
477.1146567592388,278.5997470867075,4.0,4.0
477.3443950197993,278.0961766012519,4.0,4.0
477.4552451773993,277.8428233140636,4.0,4.0
477.56313076989096,277.588160789031,4.0,4.0
477.76838844877176,277.07469488957133,4.0,4.0
477.9615739294288,276.5560833730786,4.0,4.0
478.0555230139577,276.29557494365986,4.0,4.0
478.147821725596,276.03442711906507,4.0,4.0
478.32881277370836,275.5107917860016,4.0,4.0
478.5069003841969,274.9859994535892,4.0,4.0
478.683398744968,274.4608113056221,4.0,4.0
478.85916360501847,273.9352273410691,4.0,4.0
479.03450058509304,273.40946069191773,4.0,4.0
479.20965418525685,272.8836635941961,4.0,4.0
479.3845938584936,272.35771426397264,4.0,4.0
479.5595029647536,271.83173448719293,4.0,4.0
479.7342286961893,271.305754709449,4.0,4.0
479.90892387410355,270.77977493896117,4.0,4.0
480.08361904813916,270.25382561572695,4.0,4.0
480.25813084733414,269.7278762928055,4.0,4.0
480.43264264498885,269.2018356255139,4.0,4.0
480.51992909931187,268.9388609613333,4.0,4.0
480.6070627416404,268.67585584969214,4.0,4.0
480.7797102178384,268.14941936656567,4.0,4.0
480.9448393130743,267.62130827397914,4.0,4.0
481.0232320697251,267.3561718424306,4.0,4.0
481.0984768854692,267.09015243172206,4.0,4.0
481.2380862556712,266.555312449608,4.0,4.0
481.3615280508291,266.0167578807891,4.0,4.0
481.4167849727854,265.746080015193,4.0,4.0
481.4675797645312,265.47448872557516,4.0,4.0
481.55886976882084,264.92896169003944,4.0,4.0
481.6421523748551,264.38157734987215,4.0,4.0
481.7192002564804,263.8329751334162,4.0,4.0
481.79282515495555,263.283855321617,4.0,4.0
481.8649524886177,262.7344919305051,4.0,4.0
481.93604072434226,262.18500676386157,4.0,4.0
482.0067622205495,261.6355216043553,4.0,4.0
482.07726977819914,261.08591465706814,4.0,4.0
482.1475634054915,260.5362772664323,4.0,4.0
482.2177042215323,259.9866094303318,4.0,4.0
482.28784504700724,259.43688070433285,4.0,4.0
482.357985882184,258.8871215363305,4.0,4.0
482.4280044811393,258.3373623772369,4.0,4.0
482.4630290654056,258.0625436947306,4.0,4.0
482.49802308867606,257.7877554616621,4.0,4.0
482.56617739174493,257.2381181029213,4.0,4.0
482.6266299368616,256.68829805981,4.0,4.0
482.6525774467541,256.4131749013802,4.0,4.0
482.6752547607605,256.13774726570153,4.0,4.0
482.7094846246618,255.58628304574353,4.0,4.0
482.7303892015122,255.03372270493776,4.0,4.0
482.73802972774996,254.75713805446637,4.0,4.0
482.7439281893416,254.48037072060498,4.0,4.0
482.7519964793989,253.92633366626615,4.0,4.0
482.75673345230535,253.3719921371494,4.0,4.0
482.75985064108716,252.81768107338672,4.0,4.0
482.76217325228976,252.26375062733,4.0,4.0
482.76412914115417,251.71003333013664,4.0,4.0
482.76577939302655,251.15631602616568,4.0,4.0
482.7673379212103,250.60244646574148,4.0,4.0
482.76859079990913,250.04845510356162,4.0,4.0
482.76810160297225,249.49452463257586,4.0,4.0
482.76000233572694,248.94146191166504,4.0,4.0
482.7516281048105,248.66524264081636,4.0,4.0
482.73998368757447,248.38916038325348,4.0,4.0
482.7056312120069,247.837604815164,4.0,4.0
482.65474439698045,247.28741937497017,4.0,4.0
482.6232037621445,247.0128442616488,4.0,4.0
482.589248685866,246.73826914774614,4.0,4.0
482.51577615047387,246.18952995560534,4.0,4.0
482.4363744840067,245.6413388198284,4.0,4.0
482.39520665164093,245.36737265533515,4.0,4.0
482.3535498213909,245.09343693918743,4.0,4.0
482.26916647665126,244.54568730079552,4.0,4.0
482.183896825988,243.99808990184437,4.0,4.0
482.14104807880716,243.72433688153728,4.0,4.0
482.0981687737793,243.45055341733598,4.0,4.0
482.01234904301884,242.90309305645795,4.0,4.0
481.9264070720371,242.35569359537723,4.0,4.0
481.84037343364514,241.8082636974305,4.0,4.0
481.75440090424416,241.26095558212228,4.0,4.0
481.66812275078104,240.71379970494974,4.0,4.0
481.5819057135593,240.16656770505318,4.0,4.0
481.4955663879872,239.6193204629352,4.0,4.0
481.4090742406726,239.07196665098377,4.0,4.0
481.32102340368607,238.52500865521176,4.0,4.0
481.2255764318732,237.98002974298328,4.0,4.0
481.1742007276552,237.70831669717438,4.0,4.0
481.1216942141995,237.43661887800266,4.0,4.0
481.0137166125191,236.8935277114071,4.0,4.0
480.9020409378437,236.35107593745727,4.0,4.0
480.8453167821574,236.0800022855584,4.0,4.0
480.7881647465737,235.80900474963718,4.0,4.0
480.6730049195137,235.26713146725146,4.0,4.0
480.55717271569114,234.72531907728285,4.0,4.0
480.49919548880666,234.45445855430177,4.0,4.0
480.44109600883655,234.1835980309038,4.0,4.0
480.32477480293403,233.6419074312815,4.0,4.0
480.20839248082945,233.10020161414565,4.0,4.0
480.15014019527734,232.8293867636565,4.0,4.0
480.09185734447396,232.55854146716513,4.0,4.0
479.97513884039324,232.01691177141163,4.0,4.0
479.85848147149744,231.47532775374754,4.0,4.0
479.7399903618825,230.93435268891892,4.0,4.0
479.6141642664018,230.39564596953906,4.0,4.0
479.47693835614626,229.86006011775794,4.0,4.0
479.3287099500506,229.32694051710945,4.0,4.0
479.1743690653396,228.79496270688867,4.0,4.0
479.0151381947416,228.2642636983366,4.0,4.0
478.8531567250792,227.73440200864067,4.0,4.0
478.6897694043125,227.20493614836664,4.0,4.0
478.5256485964263,226.67574432153896,4.0,4.0
478.361099925756,226.1466286195705,4.0,4.0
478.1964290135164,225.61757381608726,4.0,4.0
478.1140018701551,225.35304641245943,4.0,4.0
478.0315136022415,225.0885190127618,4.0,4.0
477.8665065054527,224.55954032941608,4.0,4.0
477.70149940933743,224.0306073178603,4.0,4.0
477.61898058114116,223.76614081266348,4.0,4.0
477.5364006255308,223.5016134109455,4.0,4.0
477.3712712695078,222.97252815740518,4.0,4.0
477.20592797020873,222.44347334711165,4.0,4.0
477.04049298749703,221.9144946615545,4.0,4.0
476.8750885680985,221.385576867755,4.0,4.0
476.709623024548,220.85668952285658,4.0,4.0
476.5441574852635,220.32774128558918,4.0,4.0
476.37863082281365,219.79874737817835,4.0,4.0
476.212951355972,219.26979914407394,4.0,4.0
476.0472413423019,218.74085091922217,4.0,4.0
475.88140908689246,218.21205493480602,4.0,4.0
475.71554627963866,217.68327417706968,4.0,4.0
475.54974460670775,217.1545086493917,4.0,4.0
475.3839123752724,216.62575834777198,4.0,4.0
475.21808015223286,216.09714506150294,4.0,4.0
475.05200343403897,215.56847088376713,4.0,4.0
474.8858350318676,215.0397967060898,4.0,4.0
474.8027661134036,214.77545200830485,4.0,4.0
474.7196666379819,214.51113775757221,4.0,4.0
474.5535288282528,213.98255493632615,4.0,4.0
474.38732990764765,213.45403301565727,4.0,4.0
474.3041387624314,213.18974922256052,4.0,4.0
474.22088649627136,212.9255263241298,4.0,4.0
474.0544430984494,212.39706531016375,4.0,4.0
473.88796914794307,211.86863474707008,4.0,4.0
473.80471689561057,211.60444230201526,4.0,4.0
473.7214646443145,211.34021941051677,4.0,4.0
473.5549601440339,210.81178885226302,4.0,4.0
473.38818058290235,210.2834039655924,4.0,4.0
473.22140103092784,209.75509520119152,4.0,4.0
473.0545909229743,209.22681688721258,4.0,4.0
472.88784194250155,208.69853857461112,4.0,4.0
472.72103184113575,208.17026026224565,4.0,4.0
472.5539466807347,207.64201239947485,4.0,4.0
472.3868920816631,207.11374931013643,4.0,4.0
472.21980691724,206.58557756458234,4.0,4.0
472.05278287482025,206.05746671099928,4.0,4.0
471.88551432271055,205.5293558519715,4.0,4.0
471.7180929406877,205.00113841924775,4.0,4.0
471.5506715477013,204.4728600876038,4.0,4.0
471.46696085005703,204.20869808615618,4.0,4.0
471.38328071496244,203.94456653068156,4.0,4.0
471.21561481838864,203.41636431549588,4.0,4.0
471.04794892057373,202.88823821732024,4.0,4.0
470.96405484723056,202.62416755618125,4.0,4.0
470.880221894382,202.3601121172361,4.0,4.0
470.71252541656685,201.8320469061845,4.0,4.0
470.5445844303087,201.30393602193658,4.0,4.0
470.4605986549983,201.03986535447518,4.0,4.0
470.3765517544284,200.775825134075,4.0,4.0
470.20858020307304,200.24780558956184,4.0,4.0
470.04063921262156,199.7197860423247,4.0,4.0
469.87233146799906,199.19181216626876,4.0,4.0
469.70396259558066,198.6637621703348,4.0,4.0
469.53568541282533,198.13568172758625,4.0,4.0
469.3673165616741,197.60764696204177,4.0,4.0
469.19870322481154,197.07979488969733,4.0,4.0
469.03008989910927,196.55200371482715,4.0,4.0
468.86153769882355,196.0243038822607,4.0,4.0
468.69292436939037,195.4966192727445,4.0,4.0
468.6085718582815,195.23277696556858,4.0,4.0
468.5241582180027,194.96898032955502,4.0,4.0
468.35523923774764,194.44141749787534,4.0,4.0
468.1863202460411,193.9138394373898,4.0,4.0
468.10181490307417,193.6500732405461,4.0,4.0
468.01734012149075,193.38624614844753,4.0,4.0
467.84832943222546,192.85854629430662,4.0,4.0
467.6790131169966,192.33075509760477,4.0,4.0
467.5943855244724,192.06686711105192,4.0,4.0
467.50975793590163,191.80310091557254,4.0,4.0
467.3405333289981,191.27570554242664,4.0,4.0
467.17127816230806,190.7483710678237,4.0,4.0
467.00180903718086,190.22102135647447,4.0,4.0
466.83224820239747,189.69371730949794,4.0,4.0
466.66271791347674,189.16638280647618,4.0,4.0
466.49291253851294,188.6390026241107,4.0,4.0
466.3230765820759,188.11163765872618,4.0,4.0
466.15327117930815,187.5842270150141,4.0,4.0
465.9830990186006,187.05684681925936,4.0,4.0
465.812896287445,186.52940572338179,4.0,4.0
465.6427546960478,186.0019341869135,4.0,4.0
465.4722769351741,185.47449310615156,4.0,4.0
465.3017074947984,184.94705202535275,4.0,4.0
465.2165603152892,184.6833619383047,4.0,4.0
465.1313520179449,184.41971752356795,4.0,4.0
464.96075205658394,183.8925352654097,4.0,4.0
464.7901215394207,183.3653834557461,4.0,4.0
464.7047910048257,183.10183038869002,4.0,4.0
464.6194299076196,182.8383229922141,4.0,4.0
464.4486160225604,182.31127775266356,4.0,4.0
464.27783269785516,181.784186840254,4.0,4.0
464.19237991406845,181.5206337733149,4.0,4.0
464.10686600465885,181.25712637586486,4.0,4.0
463.9358381822275,180.7302942674898,4.0,4.0
463.76481035599323,180.2034469330157,4.0,4.0
463.67920475325616,179.94001565178985,4.0,4.0
463.59353801956627,179.67659959390204,4.0,4.0
463.4238549134592,179.1491280755195,4.0,4.0
463.25698355472576,178.62062134065582,4.0,4.0
463.1737618184462,178.356307080269,4.0,4.0
463.0908457082871,178.0919471492167,4.0,4.0
462.92586924105893,177.56304460399312,4.0,4.0
462.5973221704162,176.50490458558858,4.0,4.0
462.43332368966105,175.97569755907972,4.0,4.0
462.26929463724093,175.44644485927302,4.0,4.0
462.10526558485753,174.9171617106533,4.0,4.0
461.9412059733919,174.3878785633791,4.0,4.0
461.7769629832688,173.85870198066786,4.0,4.0
461.61265886915055,173.32955584706536,4.0,4.0
461.4484464427587,172.8004858299878,4.0,4.0
461.2841728820873,172.2713701393472,4.0,4.0
461.20199025349046,172.0068275154257,4.0,4.0
461.1197464976712,171.74228489155797,4.0,4.0
460.95516729276954,171.2131539707541,4.0,4.0
460.87286240359316,170.94859611795187,4.0,4.0
460.7905880735833,170.684068714651,4.0,4.0
460.70831374103506,170.41954130910597,4.0,4.0
460.6260699690442,170.15504434887015,4.0,4.0
460.5437956328177,169.89056261346644,4.0,4.0
460.46142960457695,169.62608087525945,4.0,4.0
460.2966975287845,169.09716306409865,4.0,4.0
460.2142703599886,168.83268132128867,4.0,4.0
460.13184318862966,168.56819957574868,4.0,4.0
460.04938545288576,168.30370260761677,4.0,4.0
459.96692771172445,168.03922086137538,4.0,4.0
459.80198165824623,167.51033348276792,4.0,4.0
459.7195544731645,167.24589740645925,4.0,4.0
459.63712728717604,166.98144610409204,4.0,4.0
459.55463897456895,166.71699480035034,4.0,4.0
459.4720895285118,166.45252827188023,4.0,4.0
459.38947895321945,166.18801607178267,4.0,4.0
459.2243189198279,165.65914390145429,4.0,4.0
459.1416777752358,165.3947534869747,4.0,4.0
459.05909775455524,165.13034784812208,4.0,4.0
458.9765177323971,164.8659269852817,4.0,4.0
458.89390714563825,164.6015061231538,4.0,4.0
458.8112048698049,164.33705481161897,4.0,4.0
458.7284109052429,164.07258827580208,4.0,4.0
458.56291466536106,163.5436704315042,4.0,4.0
458.48012070724604,163.27918867419248,4.0,4.0
458.39738787740197,163.01475259013418,4.0,4.0
458.31459392542325,162.7503012833255,4.0,4.0
458.23183053806554,162.48588042505236,4.0,4.0
458.14925052956346,162.2213682263469,4.0,4.0
457.9872995932968,161.69143040959392,4.0,4.0
457.90673672259464,161.4263701605555,4.0,4.0
457.8264183530022,161.16124901610476,4.0,4.0
457.7464972969056,160.89606697803475,4.0,4.0
457.6668207427054,160.63080882253678,4.0,4.0
457.5873275642674,160.3654745468843,4.0,4.0
457.42870795291276,159.83462331138753,4.0,4.0
457.3495203956476,159.5691520229445,4.0,4.0
457.27030227512137,159.30365028463234,4.0,4.0
457.1912064090922,159.03814854990412,4.0,4.0
457.112049423157,158.77263159206643,4.0,4.0
456.9538577133344,158.2415672345438,4.0,4.0
456.8747618628862,157.97600461069547,4.0,4.0
456.7956048903632,157.71047243295376,4.0,4.0
456.6372603965506,157.17952987631884,4.0,4.0
456.55807287400376,156.9141042688505,4.0,4.0
456.47888535404167,156.6487091110307,4.0,4.0
456.32051031923294,156.11791879910524,4.0,4.0
456.2412311130799,155.85247797132135,4.0,4.0
456.16198246845784,155.58700669523296,4.0,4.0
456.08270326059204,155.32153541837266,4.0,4.0
456.0033629275639,155.05603369448409,4.0,4.0
455.84468227134937,154.52510636901218,4.0,4.0
455.7652808248636,154.2596807691761,4.0,4.0
455.68584881903934,153.99427039133153,4.0,4.0
455.5287574405044,153.46294725777517,4.0,4.0
455.37884826145387,152.92964504271782,4.0,4.0
455.2396970900982,152.3933133072146,4.0,4.0
455.1069640520808,151.85518517342672,4.0,4.0
455.04244656629254,151.58577096193972,4.0,4.0
454.9790293311494,151.31608272134173,4.0,4.0
454.85442592446554,150.7762038599787,4.0,4.0
454.73165627009877,150.23589873424365,4.0,4.0
454.6705617893773,149.96567766526718,4.0,4.0
454.60958956041105,149.69541092675777,4.0,4.0
454.4878590436823,149.15483177818726,4.0,4.0
454.3663424678925,148.61423740571,4.0,4.0
454.30555361616166,148.34394021971013,4.0,4.0
454.24482588831916,148.07367347944393,4.0,4.0
454.1232176171429,147.53317044781522,4.0,4.0
454.0016704643244,146.99263696795666,4.0,4.0
453.8799704744999,146.45211870072535,4.0,4.0
453.75814822135004,145.91158520695873,4.0,4.0
453.63797633695333,145.37062544620022,4.0,4.0
453.5251394464072,144.82817375930608,4.0,4.0
453.42388574946744,144.2833014964525,4.0,4.0
453.3333289361681,143.7363588119789,4.0,4.0
453.24882350169867,143.18876150360632,4.0,4.0
453.16929976100016,142.64049435340985,4.0,4.0
453.09240438925326,142.09178571441572,4.0,4.0
453.0168537610492,141.54283349343683,4.0,4.0
452.9418532651662,140.99380515547097,4.0,4.0
452.90441414787676,140.71929098952685,4.0,4.0
452.86709728311183,140.4447768211495,4.0,4.0
452.79243299657213,139.89579416289132,4.0,4.0
452.71773814947886,139.34685717518158,4.0,4.0
452.6804212893871,139.07237345867637,4.0,4.0
452.6431044302509,138.79790496610104,4.0,4.0
452.56834846318975,138.24893753202042,4.0,4.0
452.4934702357453,137.70006143928833,4.0,4.0
452.45603112064134,137.4256842850213,4.0,4.0
452.4185920048575,137.1513223568694,4.0,4.0
452.3436832063676,136.60265939301343,4.0,4.0
452.2686826951648,136.05395075144003,4.0,4.0
452.2311213054584,135.77955836642207,4.0,4.0
452.1935293491033,135.50512031223732,4.0,4.0
452.11834542593493,134.95624419708324,4.0,4.0
452.04313093323015,134.4074746474369,4.0,4.0
451.96788587603845,133.8588421111197,4.0,4.0
451.89419949984966,133.3099355463131,4.0,4.0
451.82790923556587,132.76002420900508,4.0,4.0
451.7732938452478,132.20857527478614,4.0,4.0
451.7297726612851,131.65599978971025,4.0,4.0
451.69233343285674,131.10340908552087,4.0,4.0
451.65966196406873,130.55065092091147,4.0,4.0
451.6297716717989,129.9976948475312,4.0,4.0
451.6153766431266,129.72112546429736,4.0,4.0
451.60116498539116,129.4445560825165,4.0,4.0
451.57323066336403,128.89131074783324,4.0,4.0
451.5455408369713,128.33815675529775,4.0,4.0
451.5316959213198,128.061572148265,4.0,4.0
451.5178510042353,127.78498754087244,4.0,4.0
451.4901611574252,127.23184876625936,4.0,4.0
451.4624407269087,126.67869476454683,4.0,4.0
451.4485957883286,126.40207209141622,4.0,4.0
451.4348119733313,126.12541896918412,4.0,4.0
451.4069692519624,125.57211271957675,4.0,4.0
451.37921821673837,125.01883691908063,4.0,4.0
451.35140606148894,124.46551544947476,4.0,4.0
451.3233799461786,123.91218635993495,4.0,4.0
451.295445526915,123.3588344400918,4.0,4.0
451.2674499913151,122.80545968772637,4.0,4.0
451.2393016498005,122.2520316561791,4.0,4.0
451.21109219446197,121.6986873560584,4.0,4.0
451.1828216228297,121.14556380463237,4.0,4.0
451.1544899386438,120.59256204639053,4.0,4.0
451.14067557092187,120.31593176767268,4.0,4.0
451.12796145820045,120.03922537039958,4.0,4.0
451.10873737660614,119.48549286641702,4.0,4.0
451.1014938256826,118.93160813426053,4.0,4.0
451.1025939771111,118.65458204356871,4.0,4.0
451.1054361986021,118.3775559536201,4.0,4.0
451.11521599999753,117.82379301977649,4.0,4.0
451.12997749479973,117.27008337062162,4.0,4.0
451.13841265196214,116.99323996472825,4.0,4.0
451.1474284954171,116.7163889472898,4.0,4.0
451.1662242490177,116.16278586647542,4.0,4.0
451.1857535217764,115.60925129882007,4.0,4.0
451.19562513183934,115.33251446488866,4.0,4.0
451.2054661791932,115.05577001795035,4.0,4.0
451.2251482722009,114.50223545358247,4.0,4.0
451.2448609261732,113.94860193509416,4.0,4.0
451.26463470682194,113.39496841829339,4.0,4.0
451.2843779283153,112.84140340944046,4.0,4.0
451.30406002602854,112.28789168450577,4.0,4.0
451.3236198672199,111.73441801737465,4.0,4.0
451.3448606276141,111.18092151144153,4.0,4.0
451.3736197528861,110.62776753611215,4.0,4.0
451.4141454376008,110.07518444633125,4.0,4.0
451.4656430667852,109.5232026994094,4.0,4.0
451.52313095500443,108.9720430326127,4.0,4.0
451.5854782888774,108.42143142297695,4.0,4.0
451.65060681308717,107.8711851846775,4.0,4.0
451.683705922101,107.59613057330671,4.0,4.0
451.7170800977245,107.32111402130617,4.0,4.0
451.7841035082543,106.7711798728759,4.0,4.0
451.85131028547426,106.22137512553748,4.0,4.0
451.8850206475433,105.94643469342533,4.0,4.0
451.91882269531885,105.67144859028673,4.0,4.0
451.98606001624665,105.12149921389761,4.0,4.0
452.0532361930084,104.57164117743214,4.0,4.0
452.08688541966984,104.29671596717611,4.0,4.0
452.1205346414026,104.02176030883359,4.0,4.0
452.18740517992677,103.47188704716127,4.0,4.0
452.2543062662999,102.92202139321908,4.0,4.0
452.2878637830201,102.64705050864322,4.0,4.0
452.3213601672572,102.37205678668423,4.0,4.0
452.3898199153697,101.8222596369998,4.0,4.0
452.46582861539,101.27348247987652,4.0,4.0
452.5080964431906,100.99964576347901,4.0,4.0
452.55351220680177,100.7262962045047,4.0,4.0
452.6518009820117,100.18088349218641,4.0,4.0
452.7562634228161,99.6368561496702,4.0,4.0
452.8103895146632,99.36516598141958,4.0,4.0
452.86527966064364,99.09366610861686,4.0,4.0
452.97698537714257,98.55102411542552,4.0,4.0
453.09015811652506,98.00873988659652,4.0,4.0
453.14691257364854,97.73769672686532,4.0,4.0
453.2037281505125,97.46671446158247,4.0,4.0
453.3175426751795,96.92474231575864,4.0,4.0
453.43154056795385,96.3826636034475,4.0,4.0
453.5454772986551,95.84046309518297,4.0,4.0
453.6594140239962,95.29822452753203,4.0,4.0
453.71665745447007,95.02714330424425,4.0,4.0
453.77497057339184,94.75626760106088,4.0,4.0
453.8978621356548,94.2159548430578,4.0,4.0
454.03218410039847,93.67822250897872,4.0,4.0
454.1044031876284,93.4106579725757,4.0,4.0
454.18047315835275,93.14415148841279,4.0,4.0
454.34444083072987,92.61483789204392,4.0,4.0
454.52206995648413,92.08981738792288,4.0,4.0
454.70706464953264,91.5675980496431,4.0,4.0
454.8974994842221,91.04725884627462,4.0,4.0
455.0908988496635,90.5279548490918,4.0,4.0
455.28576520686255,90.0091989074127,4.0,4.0
455.4812428251834,89.49057998042471,4.0,4.0
455.6771177312571,88.9720371695132,4.0,4.0
455.8731454593381,88.45346391308281,4.0,4.0
456.06902037821294,87.93479931728355,4.0,4.0
456.2649258515679,87.41612710777294,4.0,4.0
456.4606785362013,86.89750057797991,4.0,4.0
456.65802046979246,86.37952866580187,4.0,4.0
456.75893778097657,86.1214789724998,4.0,4.0
456.8623000981271,85.86445687696789,4.0,4.0
457.07437317789214,85.352140585192,4.0,4.0
457.2900220469186,84.8414684508756,4.0,4.0
457.3993440432508,84.58677558663499,4.0,4.0
457.50921617539484,84.3323263044513,4.0,4.0
457.73024405647664,83.82392251017887,4.0,4.0
457.9522804766225,83.31602109517107,4.0,4.0
458.0634667879762,83.06215031349588,4.0,4.0
458.1747142325744,82.80829475817998,4.0,4.0
458.39720909888234,82.30072065772431,4.0,4.0
458.6197650717008,81.79329117992435,4.0,4.0
458.84219879981526,81.2858769281618,4.0,4.0
459.0663439872587,80.77910967817174,4.0,4.0
459.29727403486174,80.27546328851537,4.0,4.0
459.53587526837777,79.77499866030026,4.0,4.0
459.7778994880301,79.27629998032606,4.0,4.0
460.02340783205733,78.7792759130767,4.0,4.0
460.2707499256708,78.28322616390989,4.0,4.0
460.5190700163373,77.78765596312081,4.0,4.0
460.64342871650763,77.53995840025962,4.0,4.0
460.7678485402391,77.29229889530785,4.0,4.0
461.0166270558878,76.7970940661578,4.0,4.0
461.26555838117514,76.30196535483228,4.0,4.0
461.39000876596066,76.05429823892462,4.0,4.0
461.5144285836007,75.80661590185915,4.0,4.0
461.76335989258797,75.31122077559525,4.0,4.0
462.0122300793492,74.81591699515789,4.0,4.0
462.13664989936876,74.56830316543248,4.0,4.0
462.2612836581716,74.320795903397,4.0,4.0
462.51427981040206,73.82757777835548,4.0,4.0
462.77613908811065,73.33894199714027,4.0,4.0
462.9113474868653,73.0968315472473,4.0,4.0
463.0495510224215,72.85649466392223,4.0,4.0
463.33350706002847,72.38006832015793,4.0,4.0
463.6231477441138,71.90737940398256,4.0,4.0
463.91718942381823,71.43749926586028,4.0,4.0
464.213676095115,70.96918717172024,4.0,4.0
464.5114463759943,70.50156775541458,4.0,4.0
464.8099501468827,70.03413102254444,4.0,4.0
465.10866784276766,69.56671712514145,4.0,4.0
465.40729385579283,69.09950875132665,4.0,4.0
465.7059810234527,68.63225471105369,4.0,4.0
466.00607404692244,68.16593692861585,4.0,4.0
466.3089482652503,67.70140032396272,4.0,4.0
466.61252544725676,67.237130140496,4.0,4.0
466.91723339688843,66.77336233327968,4.0,4.0
467.0698013185798,66.54168775903767,4.0,4.0
467.2224609404557,66.3100588561896,4.0,4.0
467.5278107715035,65.84695329288675,4.0,4.0
467.8331300450725,65.3839619098933,4.0,4.0
467.9858202503916,65.1525004750684,4.0,4.0
468.13851045893784,64.92105426306459,4.0,4.0
468.44389088186847,64.45814661778162,4.0,4.0
468.74927130551254,63.9951628537978,4.0,4.0
468.9019309529461,63.76367858442098,4.0,4.0
469.05452947395406,63.532194315665194,4.0,4.0
469.3597876476598,63.0692752549015,4.0,4.0
469.6663294506966,62.60718588826275,4.0,4.0
469.8216174721097,62.37755891518618,4.0,4.0
469.9788920554426,62.14943147948978,4.0,4.0
470.2986674275348,61.69626702371423,4.0,4.0
470.6215296108421,61.2451882182912,4.0,4.0
470.7841526325108,61.02051276130459,4.0,4.0
470.947325776557,60.79625976375077,4.0,4.0
471.27492514629694,60.34865577585062,4.0,4.0
471.60319690545265,59.90167596332191,4.0,4.0
471.7675008794983,59.67832497440358,4.0,4.0
471.9319271041753,59.45501584950699,4.0,4.0
472.2607489957985,59.00848133532749,4.0,4.0
472.5895708819186,58.56193540233026,4.0,4.0
472.75399710378775,58.33865672657643,4.0,4.0
472.91845388747464,58.115370440673004,4.0,4.0
473.24733689408146,57.668748393138,4.0,4.0
473.57615876962745,57.2221453732708,4.0,4.0
473.7405238608115,56.998851476059954,4.0,4.0
473.90491951389413,56.77557280288509,4.0,4.0
474.2336496889058,56.32896217150601,4.0,4.0
474.39795364147494,56.105634019955325,4.0,4.0
474.5622881511041,55.882271615306436,4.0,4.0
474.8909265951615,55.43550113215433,4.0,4.0
475.2195039004322,54.98864311428332,4.0,4.0
475.3838078314876,54.76518175394098,4.0,4.0
475.54811176138253,54.541724200370766,4.0,4.0
475.8781560588304,54.09579483035172,4.0,4.0
476.2133348647909,53.65389975036353,4.0,4.0
476.38210092588724,53.43371529743226,4.0,4.0
476.5512643001824,53.21390002453005,4.0,4.0
476.8911191731394,52.77561296766973,4.0,4.0
477.232685536979,52.33846007962437,4.0,4.0
477.4037743396893,52.12015195129925,4.0,4.0
477.5749548275166,51.90196561561083,4.0,4.0
477.74625756405635,51.68387442861517,4.0,4.0
477.91752974071807,51.46582510530139,4.0,4.0
478.26025746112055,51.029867281191486,4.0,4.0
478.43165187631473,50.81189027094551,4.0,4.0
478.6031074133064,50.59389423291444,4.0,4.0
478.9459573462309,50.1577689453932,4.0,4.0
479.28883782439084,49.72168552339837,4.0,4.0
479.46029335031614,49.50361336651432,4.0,4.0
479.6317183166425,49.28552979215149,4.0,4.0
479.97453769083705,48.849313167512435,4.0,4.0
480.3173876341917,48.41313841059087,4.0,4.0
480.4887514883333,48.19501677955148,4.0,4.0
480.6601459091715,47.976898954953185,4.0,4.0
481.0028430690912,47.54058338504946,4.0,4.0
481.17414580709163,47.322423697121835,4.0,4.0
481.34544854990503,47.10427542814175,4.0,4.0
481.5167207342636,46.8861385765123,4.0,4.0
481.687962359335,46.66801314613401,4.0,4.0
482.0303539285145,46.23176608822906,4.0,4.0
482.2015649956851,46.013636852196825,4.0,4.0
482.3728066260227,45.79547716760433,4.0,4.0
482.71516763210644,45.35905123514463,4.0,4.0
483.05740638249387,44.92256821343334,4.0,4.0
483.2286174501443,44.70436666633761,4.0,4.0
483.3996757106646,44.48616131316623,4.0,4.0
483.74179222714804,44.049644042130375,4.0,4.0
484.0838476135875,43.6130849064914,4.0,4.0
484.2548447440957,43.394814854737035,4.0,4.0
484.4258418752587,43.176518162236945,4.0,4.0
484.76777500678105,42.739852461508896,4.0,4.0
485.10973869438754,42.30313728642319,4.0,4.0
485.4515495703162,41.86641069356618,4.0,4.0
485.79332987839973,41.429619401304045,4.0,4.0
485.9642047488068,41.21121233895358,4.0,4.0
486.13507961790884,40.992786243819104,4.0,4.0
486.4767376623219,40.55587316426337,4.0,4.0
486.8184568238053,40.118963889826986,4.0,4.0
486.9892399967893,39.90048832064623,4.0,4.0
487.1600537317867,39.68198991651771,4.0,4.0
487.50162006779783,39.24489795948851,4.0,4.0
487.8432169603939,38.807866897456805,4.0,4.0
488.01390843725596,38.589357076947294,4.0,4.0
488.1845999137106,38.37084725526387,4.0,4.0
488.5260439856998,37.93379336032986,4.0,4.0
488.8659599144137,37.49564716340429,4.0,4.0
489.0346036836819,37.27571011704167,4.0,4.0
489.2033391364794,37.05566270137132,4.0,4.0
489.5400459785434,36.614955112885795,4.0,4.0
489.87580538896833,36.17331888018971,4.0,4.0
490.04347115785276,35.952274313019764,4.0,4.0
490.2109841148246,35.731138401030655,4.0,4.0
490.5459183532173,35.288760016166314,4.0,4.0
490.88063869181485,34.84616850237791,4.0,4.0
491.0478766215864,34.6248270754287,4.0,4.0
491.2151145566563,34.40347423348064,4.0,4.0
491.5495598829765,33.96079138213301,4.0,4.0
491.8839135560147,33.51810853589626,4.0,4.0
492.05105983904446,33.29676711497397,4.0,4.0
492.2182366889282,33.07542188683313,4.0,4.0
492.5522847702952,32.63270098591273,4.0,4.0
492.8862717369529,32.18996486178098,4.0,4.0
493.2200142119403,31.74702322181632,4.0,4.0
493.5499058119596,31.301744739615565,4.0,4.0
493.71252885589894,31.077613573801628,4.0,4.0
493.8747545798847,30.853035210549073,4.0,4.0
494.19764732467627,30.40272148263201,4.0,4.0
494.5184923643392,29.950892991349086,4.0,4.0
494.6783953030632,29.724541065674448,4.0,4.0
494.8380537270775,29.497979811175554,4.0,4.0
495.1570037909655,29.0444500675395,4.0,4.0
495.4756787687401,28.59065200322818,4.0,4.0
495.63497040558957,28.363645455021512,4.0,4.0
495.7941397858513,28.13657801245116,4.0,4.0
496.1122951565754,27.682393648865965,4.0,4.0
496.4305727674977,27.22819025502315,4.0,4.0
496.5897421322141,27.001023858447276,4.0,4.0
496.748819806048,26.773834625609627,4.0,4.0
497.0670362703395,26.319423812448527,4.0,4.0
497.3852832976043,25.865018708597333,4.0,4.0
497.5440553476552,25.63755925741171,4.0,4.0
497.70181883699235,25.409494663043574,4.0,4.0
498.0118140007258,24.950151367636074,4.0,4.0
498.3116012880255,24.484621532309106,4.0,4.0
498.59953034493395,24.011801440093237,4.0,4.0
498.8801244123496,23.53393468590616,4.0,4.0
499.15527836159237,23.052762482345187,4.0,4.0
499.4268565034351,22.569506532211832,4.0,4.0
499.6966008986963,22.08516398996258,4.0,4.0
499.8310452224881,21.842771976617804,4.0,4.0
499.96533673217004,21.600269590317023,4.0,4.0
500.23190261963356,21.114374230239278,4.0,4.0
500.4912251789554,20.625403679648947,4.0,4.0
500.61763154440393,20.37926092107946,4.0,4.0
500.74309046521,20.13231511258465,4.0,4.0
500.99144104434845,19.636891607056995,4.0,4.0
501.2363686123422,19.139593681545975,4.0,4.0
501.35806833191765,18.890531776714823,4.0,4.0
501.4793707373613,18.641308118252766,4.0,4.0
501.7210892306496,18.14256584297022,4.0,4.0
501.96237984262854,17.643585699275846,4.0,4.0
502.2033342420157,17.144299179414137,4.0,4.0
502.44239373926473,16.644266696650455,4.0,4.0
502.6743932892842,16.14171659060766,4.0,4.0
502.8951458045019,15.634500414525611,4.0,4.0
503.1024507761032,15.121823678095746,4.0,4.0
503.29429109147054,14.603369535152884,4.0,4.0
503.4676410452198,14.078921053567932,4.0,4.0
503.6213392561899,13.54830125105393,4.0,4.0
503.7638515598105,13.013295114127171,4.0,4.0
503.89823423783395,12.4757570809684,4.0,4.0
504.0275741093328,11.93679373077534,4.0,4.0
504.09108267619337,11.667039931323984,4.0,4.0
504.15410224997817,11.397170051844842,4.0,4.0
504.27928566338124,10.857223824167937,4.0,4.0
504.4038578388938,10.317129165318683,4.0,4.0
504.46602167893167,10.047074700184076,4.0,4.0
504.5280632712104,9.777002157165697,4.0,4.0
504.6521158983273,9.236838995920682,4.0,4.0
504.7759240241824,8.696617794268864,4.0,4.0
504.8378128049399,8.426507194678823,4.0,4.0
504.89973214764865,8.15639564557776,4.0,4.0
505.0236013936032,7.616169214506653,4.0,4.0
505.1454229470889,7.075755343705702,4.0,4.0
505.20398040256947,6.805336940738073,4.0,4.0
505.259787224852,6.534634043824113,4.0,4.0
505.3632406524677,5.991645935104911,4.0,4.0
505.4598480289567,5.446692541238313,4.0,4.0
505.55177928757007,4.900608784483531,4.0,4.0
505.6402263913212,4.353783347147669,4.0,4.0
505.72665635854946,3.8065711351320584,4.0,4.0
505.8121694395225,3.259173146375557,4.0,4.0
505.89725464334737,2.711714266247889,4.0,4.0
505.93955274912986,2.4379611599642663,4.0,4.0
505.98191198278045,2.1641918778872076,4.0,4.0
506.0665693322526,1.6166496277622007,4.0,4.0
506.15110444068137,1.0691045252540416,4.0,4.0
506.1932191912898,0.7953260887782132,4.0,4.0
506.2353950718109,0.5215492568301032,4.0,4.0
506.319777405348,-0.02596344467642464,4.0,4.0
506.40412919669683,-0.5734453127751653,4.0,4.0
506.4462439770924,-0.8472148877829202,4.0,4.0
506.488358762578,-1.1209801206146421,4.0,4.0
506.57261889375457,-1.6684442177790606,4.0,4.0
506.6565122872362,-2.2157200399547694,4.0,4.0
506.698474271317,-2.4893201866329906,4.0,4.0
506.74037513254535,-2.7629058257043146,4.0,4.0
506.82243476621477,-3.310304266123179,4.0,4.0
506.8969148701129,-3.858214604795263,4.0,4.0
506.9298608780795,-4.132562616267633,4.0,4.0
506.9596283788924,-4.407293601238258,4.0,4.0
507.0078246803784,-4.957792687297886,4.0,4.0
507.0429402133402,-5.509753728634147,4.0,4.0
507.0576709434869,-5.786117932607573,4.0,4.0
507.07065960884086,-6.062562539529679,4.0,4.0
507.0926638179667,-6.615701988913298,4.0,4.0
507.11152009224264,-7.1689960540512105,4.0,4.0
507.1203216864408,-7.44570707338098,4.0,4.0
507.1288482118655,-7.722470423583426,4.0,4.0
507.14519831985507,-8.27618361310554,4.0,4.0
507.15323584133927,-8.55310110357337,4.0,4.0
507.16115110658427,-8.830027153723279,4.0,4.0
507.1691886193576,-9.10690943738384,4.0,4.0
507.1769816378371,-9.383766029370399,4.0,4.0
507.19244543743906,-9.937487777581811,4.0,4.0
507.2080314757229,-10.491211427118706,4.0,4.0
507.2234952515485,-11.045062569353084,4.0,4.0
507.2387450930158,-11.599024083998618,4.0,4.0
507.2464464045953,-11.875927293535728,4.0,4.0
507.254117155183,-12.152764851792316,4.0,4.0
507.2673804218327,-12.706348624444937,4.0,4.0
507.2731864249875,-13.259374828120581,4.0,4.0
507.2719328900937,-13.535731884211339,4.0,4.0
507.2671646616188,-13.81205564216472,4.0,4.0
507.2464423098202,-14.364450060768995,4.0,4.0
507.2126391571899,-14.91665799119425,4.0,4.0
507.1712564795436,-15.468796459750742,4.0,4.0
507.1241586219257,-16.0206618558201,4.0,4.0
507.0739128101223,-16.572257025929627,4.0,4.0
507.02204718184595,-17.123741824797456,4.0,4.0
506.96923411388315,-17.675199977065034,4.0,4.0
506.91614597372876,-18.226696188778707,4.0,4.0
506.8628133443003,-18.778200010098963,4.0,4.0
506.80758585053934,-19.329370809351104,4.0,4.0
506.7448399924986,-19.879043978325257,4.0,4.0
506.67356719158727,-20.42780562385793,4.0,4.0
506.5982601530318,-20.976411230254712,4.0,4.0
506.5590173922616,-21.250613173274605,4.0,4.0
506.51910226123493,-21.524758030044616,4.0,4.0
506.43768275935827,-22.07288598952729,4.0,4.0
506.3551935925895,-22.620720890094738,4.0,4.0
506.31368924916876,-22.894605039688713,4.0,4.0
506.2719709793163,-23.168464451512694,4.0,4.0
506.18841219877265,-23.71615472830459,4.0,4.0
506.10479230268993,-24.26363757911073,4.0,4.0
506.0191858733059,-24.810597115370634,4.0,4.0
505.92627499340074,-25.35569174799196,4.0,4.0
505.82165864983676,-25.898466665342646,4.0,4.0
505.7027390302726,-26.438364302024148,4.0,4.0
505.5708608873256,-26.975633946359107,4.0,4.0
505.4316783164416,-27.51147637009615,4.0,4.0
505.28702506242786,-28.046079962304816,4.0,4.0
505.13916273334814,-28.580027030040227,4.0,4.0
504.9897722808093,-29.113671525774045,4.0,4.0
504.8395566444112,-29.647131431631564,4.0,4.0
504.68729332985833,-30.179761644669675,4.0,4.0
504.6088694857443,-30.44511099785486,4.0,4.0
504.5278478263606,-30.709472712448562,4.0,4.0
504.36011986633264,-31.236883095110542,4.0,4.0
504.1883881826078,-31.763513259742485,4.0,4.0
504.10107061057926,-32.0264211060849,4.0,4.0
504.0129889742846,-32.28909488649663,4.0,4.0
503.83526703097164,-32.81411133451279,4.0,4.0
503.6565059427322,-33.3389222608799,4.0,4.0
503.56680448729094,-33.60128395305091,4.0,4.0
503.47698079482615,-33.86361519848929,4.0,4.0
503.2972723134314,-34.38826246977139,4.0,4.0
503.11744158889405,-34.91266996472678,4.0,4.0
503.02715948714217,-35.17464725691352,4.0,4.0
502.93583828001533,-35.436137395306446,4.0,4.0
502.7515149086993,-35.95855439051917,4.0,4.0
502.5661523846166,-36.480758249921365,4.0,4.0
502.37959792976835,-37.00246733849688,4.0,4.0
502.19237107354263,-37.523833887642226,4.0,4.0
502.00474687956097,-38.04499491387483,4.0,4.0
501.81693928849364,-38.56623966875729,4.0,4.0
501.62888715033483,-39.087484415721796,4.0,4.0
501.4390623731248,-39.60792230377777,4.0,4.0
501.24248328976876,-40.125258362029854,4.0,4.0
501.0350239250149,-40.63797782756487,4.0,4.0
500.81708161970107,-41.146788606531295,4.0,4.0
500.59333244967746,-41.653521349016955,4.0,4.0
500.3649377818372,-42.15834731768284,4.0,4.0
500.24962492252484,-42.410273145394555,4.0,4.0
500.13385362937197,-42.66204292839426,4.0,4.0
499.9013941702743,-43.16523996349118,4.0,4.0
499.66820121897905,-43.66814774434242,4.0,4.0
499.5515130679351,-43.9195826046587,4.0,4.0
499.4347026733014,-44.170987020505564,4.0,4.0
499.2011124595554,-44.67367786443724,4.0,4.0
498.96736946011924,-45.176201248222924,4.0,4.0
498.85022291295724,-45.42736208431056,4.0,4.0
498.73209836351924,-45.67792539013456,4.0,4.0
498.49034800716953,-46.175695170806065,4.0,4.0
498.2378091036158,-46.6678321798029,4.0,4.0
497.97273957294743,-47.153407770879866,4.0,4.0
497.69581177012225,-47.632871042951635,4.0,4.0
497.4120380153979,-48.10911450344457,4.0,4.0
497.12371045174604,-48.58274329156066,4.0,4.0
496.8325100156927,-49.05459471205272,4.0,4.0
496.54011770086584,-49.525650696393924,4.0,4.0
496.24705298780805,-49.99645548809238,4.0,4.0
495.9535909471716,-50.46707378541104,4.0,4.0
495.6600066609092,-50.93736857963592,4.0,4.0
495.3648942538005,-51.40655584405468,4.0,4.0
495.06428056224865,-51.871819195475695,4.0,4.0
494.9125983888291,-52.10380576490442,4.0,4.0
494.7603966527473,-52.33555636931405,4.0,4.0
494.4539760564407,-52.79795765768312,4.0,4.0
494.1459356338531,-53.25927425504423,4.0,4.0
493.99150283232404,-53.489666138229865,4.0,4.0
493.8368560975702,-53.71997809798924,4.0,4.0
493.5272264469397,-54.18043075036595,4.0,4.0
493.21729116494475,-54.64068549141254,4.0,4.0
493.06227769331383,-54.87078051256395,4.0,4.0
492.90720310462837,-55.100875534949616,4.0,4.0
492.59570919094926,-55.55992380141555,4.0,4.0
492.278225045096,-56.01397488479618,4.0,4.0
491.95380323844796,-56.463135355942455,4.0,4.0
491.6258667602889,-56.910217793122044,4.0,4.0
491.29481290957665,-57.35515368556504,4.0,4.0
490.9619558673124,-57.798708026029345,4.0,4.0
490.6280291512359,-58.241527821147464,4.0,4.0
490.2937662311134,-58.68406597630427,4.0,4.0
489.95925879164037,-59.12630345848321,4.0,4.0
489.623345493107,-59.567239315734156,4.0,4.0
489.45357036060796,-59.786064983735145,4.0,4.0
489.2818086553713,-60.00306000092398,4.0,4.0
488.93348690630216,-60.433677978764,4.0,4.0
488.58177271502655,-60.86221411306322,4.0,4.0
488.4046319847857,-61.07565058263613,4.0,4.0
488.226880000005,-61.288641759004925,4.0,4.0
487.87000071829647,-61.71363076376895,4.0,4.0
487.51232683944113,-62.138007016000415,4.0,4.0
487.333321813857,-62.350008652325876,4.0,4.0
487.15422510463884,-62.5619531999926,4.0,4.0
486.7958483341525,-62.98561013729605,4.0,4.0
486.4361879630601,-63.40793499815911,4.0,4.0
486.0742048469385,-63.82809048480203,4.0,4.0
485.71112149932173,-64.24761799184304,4.0,4.0
485.3472740883674,-64.66655177457488,4.0,4.0
484.9828459849305,-65.08499078509362,4.0,4.0
484.61792890859107,-65.50307965216936,4.0,4.0
484.2531340848358,-65.92110001102725,4.0,4.0
483.8879113857894,-66.33875500235655,4.0,4.0
483.5196324462985,-66.75305316430405,4.0,4.0
483.14423244122906,-67.16006678196928,4.0,4.0
482.7593274922885,-67.55802990376228,4.0,4.0
482.365284346696,-67.94768087930652,4.0,4.0
481.9660150092901,-68.33272668218842,4.0,4.0
481.56286423590467,-68.7140046151504,4.0,4.0
481.1576352037819,-69.09313600473845,4.0,4.0
480.751367032177,-69.47109516493752,4.0,4.0
480.34448759982195,-69.84849104533183,4.0,4.0
479.93736363831823,-70.22552155229772,4.0,4.0
479.733480741545,-70.41371710526599,4.0,4.0
479.5288643410486,-70.6009916234467,4.0,4.0
479.11831732772356,-70.97416291006596,4.0,4.0
478.7066089199547,-71.34674808037448,4.0,4.0
478.50043380691073,-71.53269813057557,4.0,4.0
478.2940447551637,-71.71848833298426,4.0,4.0
477.8808693529197,-72.08961202439735,4.0,4.0
477.4676022785574,-72.46047691520094,4.0,4.0
477.26084649557,-72.64582562981722,4.0,4.0
477.0541212776129,-72.83113628640244,4.0,4.0
476.6396622833892,-73.20019716688775,4.0,4.0
476.220802286716,-73.56302393873148,4.0,4.0
476.00869806866405,-73.74105004896921,4.0,4.0
475.7945155995786,-73.91657185889811,4.0,4.0
475.3592129500196,-74.25889228930694,4.0,4.0
474.9156583837754,-74.59102043922674,4.0,4.0
474.4672749173282,-74.91747013905372,4.0,4.0
474.0151627991788,-75.23961913858128,4.0,4.0
473.5610946435313,-75.55930950242167,4.0,4.0
473.1059262246493,-75.87767539822212,4.0,4.0
472.6502382637682,-76.19546279638631,4.0,4.0
472.4222720384632,-76.3542232902683,4.0,4.0
472.1942446912077,-76.5129304973426,4.0,4.0
471.73809832679,-76.83016984518238,4.0,4.0
471.28192144298396,-77.14736352843954,4.0,4.0
471.05380245142385,-77.30594895265727,4.0,4.0
470.8256529040296,-77.4645115417133,4.0,4.0
470.36941495919376,-77.7815301593921,4.0,4.0
469.91311593976866,-78.09860206941302,4.0,4.0
469.68496644523566,-78.25711899471719,4.0,4.0
469.45684752087766,-78.41563592432837,4.0,4.0
469.0006096981294,-78.73257082773368,4.0,4.0
468.54437192218785,-79.04944484618932,4.0,4.0
468.08822586555715,-79.3662579725839,4.0,4.0
467.6321715114523,-79.6830330425733,4.0,4.0
467.1761477432465,-79.99963304218878,4.0,4.0
466.72012398596473,-80.31621020881252,4.0,4.0
466.26416134716777,-80.63269603101801,4.0,4.0
465.80807645024754,-80.94902961324058,4.0,4.0
465.35189985729255,-81.26530229907713,4.0,4.0
464.8956926750824,-81.58156736713612,4.0,4.0
464.667543229324,-81.73967325837988,4.0,4.0
464.43942434064354,-81.8977791473755,4.0,4.0
463.9831865489472,-82.21402137137564,4.0,4.0
463.5268876066801,-82.53010374015116,4.0,4.0
463.2987075644007,-82.68809544574319,4.0,4.0
463.070466392721,-82.84607953868345,4.0,4.0
462.6140145893942,-83.16207055516567,4.0,4.0
462.15753217888977,-83.47795499485414,4.0,4.0
461.9292298363423,-83.63589340863717,4.0,4.0
461.7009886129527,-83.7938318191004,4.0,4.0
461.24450614105416,-84.10976952882814,4.0,4.0
460.787718015144,-84.42561589134972,4.0,4.0
460.5593239464566,-84.58354668371956,4.0,4.0
460.33080762478556,-84.74146225165937,4.0,4.0
459.8737749682961,-85.05736949905516,4.0,4.0
459.4167423185032,-85.37307122826104,4.0,4.0
459.18822599671574,-85.53088022812028,4.0,4.0
458.95974023917637,-85.68868161582999,4.0,4.0
458.50273815878506,-86.00421588275871,4.0,4.0
458.04579718484933,-86.31965880291014,4.0,4.0
457.5890395744195,-86.6350256012177,4.0,4.0
457.13206800912184,-86.95039239466635,4.0,4.0
456.6748824812066,-87.2658809714375,4.0,4.0
456.2176052559379,-87.58131626321622,4.0,4.0
455.76035862739263,-87.89668305181627,4.0,4.0
455.3030203514079,-88.21214880202498,4.0,4.0
454.8446429741609,-88.52593233600922,4.0,4.0
454.3828426515234,-88.83305550653081,4.0,4.0
454.1498031374226,-88.98294056985839,4.0,4.0
453.91499100908254,-89.13003969712628,4.0,4.0
453.44093520064825,-89.41779832390084,4.0,4.0
452.9634869572114,-89.70033521910105,4.0,4.0
452.72366258756546,-89.83989099962011,4.0,4.0
452.48347146887215,-89.97860947630318,4.0,4.0
452.00189727944223,-90.25436420500728,4.0,4.0
451.519375615928,-90.5290304310773,4.0,4.0
451.2779008376094,-90.6661275749493,4.0,4.0
451.0363038052848,-90.80315621256011,4.0,4.0
450.5529263599234,-91.07690900770352,4.0,4.0
450.0696100456098,-91.35055523553007,4.0,4.0
449.58607979778054,-91.62409489985016,4.0,4.0
449.1026106679591,-91.89754321952915,4.0,4.0
448.6191109693747,-92.17094586575513,4.0,4.0
448.13555013985626,-92.44431806052921,4.0,4.0
447.65189760432446,-92.71758368439598,4.0,4.0
447.16830617912416,-92.99078079851856,4.0,4.0
446.6846230569811,-93.26393985159832,4.0,4.0
446.20078709503497,-93.53705322553128,4.0,4.0
445.95882326096756,-93.67361752157201,4.0,4.0
445.71682886013656,-93.8101742042062,4.0,4.0
445.2328400607583,-94.08329518264276,4.0,4.0
444.7487290290915,-94.35637810379416,4.0,4.0
444.506642956295,-94.49288911679176,4.0,4.0
444.2645568864124,-94.62943057913486,4.0,4.0
443.7804764543915,-94.90240694172707,4.0,4.0
443.29648774673063,-95.17518540021536,4.0,4.0
443.05452396481934,-95.31155179653399,4.0,4.0
442.8126518710644,-95.4479790855718,4.0,4.0
442.3286937505137,-95.72070426673415,4.0,4.0
441.84452170712706,-95.99330004767134,4.0,4.0
441.602435688449,-96.12956748928269,4.0,4.0
441.3603802301476,-96.26589582802055,4.0,4.0
440.87626934158783,-96.53829370459073,4.0,4.0
440.3922501591522,-96.81034143863266,4.0,4.0
439.9081698508866,-97.08228260484731,4.0,4.0
439.42415063724235,-97.35428465971084,4.0,4.0
438.9399480186591,-97.62626387214331,4.0,4.0
438.6978008645,-97.76215071572646,4.0,4.0
438.4556537067423,-97.89809845507659,4.0,4.0
437.97138994150527,-98.17006243397412,4.0,4.0
437.4870956039422,-98.44195029330237,4.0,4.0
437.0027707060226,-98.71373919739119,4.0,4.0
436.5193015457404,-98.98716464644606,4.0,4.0
436.27880474232666,-99.12595920966363,4.0,4.0
436.03962212790015,-99.26693076532673,4.0,4.0
435.56391583632546,-99.55406515892791,4.0,4.0
435.09050172444586,-99.8445716009721,4.0,4.0
434.8545281661478,-99.99106174731749,4.0,4.0
434.6189519264601,-100.13807711181406,4.0,4.0
434.14868576106437,-100.43352364583421,4.0,4.0
433.67893915884434,-100.72992927299984,4.0,4.0
433.4441269845822,-100.87829193448239,4.0,4.0
433.2092842529713,-101.02666982079805,4.0,4.0
432.7399655448369,-101.32369962141891,4.0,4.0
432.2706774051249,-101.62082076413031,4.0,4.0
432.03598749689166,-101.76929760559335,4.0,4.0
431.8013281547038,-101.91781250977908,4.0,4.0
431.33182609539114,-102.21490320622084,4.0,4.0
430.8623851619316,-102.51191017302355,4.0,4.0
430.3929136773944,-102.80882579714124,4.0,4.0
429.9234421931423,-103.10572619827899,4.0,4.0
429.4539095841111,-103.40256570307903,4.0,4.0
428.98443810805986,-103.69932908964844,4.0,4.0
428.5147221445348,-103.99603919537148,4.0,4.0
428.0449145001331,-104.29276452542977,4.0,4.0
427.575137430715,-104.58933000712204,4.0,4.0
427.10529925861454,-104.88584221246049,4.0,4.0
426.63552222199553,-105.18234680556591,4.0,4.0
426.16571463564446,-105.47872961253165,4.0,4.0
425.69587650473255,-105.77506675255623,4.0,4.0
425.4609727243744,-105.92323912834317,4.0,4.0
425.2260995056468,-106.07143433693028,4.0,4.0
424.7562614018238,-106.36764208028649,4.0,4.0
424.2864538806588,-106.66381176627289,4.0,4.0
424.05151955945803,-106.81192325105835,4.0,4.0
423.81658524267414,-106.95998906607795,4.0,4.0
423.3466555051585,-107.25602174803892,4.0,4.0
422.87663409976403,-107.55203159756958,4.0,4.0
422.6415775587909,-107.69999846127624,4.0,4.0
422.40655158722427,-107.84796532951947,4.0,4.0
421.93640797461967,-108.14391429324678,4.0,4.0
421.46623381627705,-108.43980236642565,4.0,4.0
420.9960902403217,-108.7356067127948,4.0,4.0
420.5260078109201,-109.03131210906248,4.0,4.0
420.0558948301179,-109.32700989602347,4.0,4.0
419.5858735415152,-109.62257828391733,4.0,4.0
419.11573000990154,-109.91805532788676,4.0,4.0
418.64659504047273,-110.21503190830687,4.0,4.0
418.1810053051607,-110.51750424065015,4.0,4.0
417.7170659348394,-110.822815791365,4.0,4.0
417.2546852410396,-111.13021298620288,4.0,4.0
416.7933742097143,-111.43926955829016,4.0,4.0
416.3325521588494,-111.74919387606872,4.0,4.0
416.10220225551575,-111.90428543607146,4.0,4.0
415.8719134768759,-112.05944549950912,4.0,4.0
415.41136646529554,-112.36999398134492,4.0,4.0
414.95094168867104,-112.68057290515702,4.0,4.0
414.72068345938084,-112.83574818857736,4.0,4.0
414.4903641014236,-112.99103003796914,4.0,4.0
414.0298170553516,-113.30171552162125,4.0,4.0
413.56930055668863,-113.61234010353986,4.0,4.0
413.3390423136552,-113.76751538164727,4.0,4.0
413.10872294287975,-113.92279722742994,4.0,4.0
412.6481758813935,-114.23339135919572,4.0,4.0
412.1874454404665,-114.54389414875703,4.0,4.0
411.9570343802376,-114.69907703658683,4.0,4.0
411.72662332187895,-114.85432082041467,4.0,4.0
411.26580121119576,-115.16481599955799,4.0,4.0
410.80601823233366,-115.4767117617655,4.0,4.0
410.3505751370253,-115.79459805296321,4.0,4.0
409.8999914844047,-116.11944919081047,4.0,4.0
409.4518833995058,-116.44732223280803,4.0,4.0
409.00606748877277,-116.77808777499499,4.0,4.0
408.56138237661867,-117.11061926327717,4.0,4.0
408.33934544251724,-117.27724276253707,4.0,4.0
408.11727794893915,-117.44394999274077,4.0,4.0
407.67354027597077,-117.77783638726504,4.0,4.0
407.2298942936411,-118.11192830265992,4.0,4.0
407.0080407453829,-118.27894000807323,4.0,4.0
406.7861872052248,-118.44594410436494,4.0,4.0
406.34269407610856,-118.7801121477092,4.0,4.0
405.8991092727545,-119.11421930020481,4.0,4.0
405.67731687866353,-119.28119295437486,4.0,4.0
405.45555505177236,-119.44819705520533,4.0,4.0
405.0119091598785,-119.78228138084995,4.0,4.0
404.5682327177222,-120.1163048142815,4.0,4.0
404.34631810005453,-120.28320996702263,4.0,4.0
404.1244646143207,-120.45019885238867,4.0,4.0
403.68075765901114,-120.7841842389605,4.0,4.0
403.2371729699853,-121.11833709206216,4.0,4.0
403.0161141345308,-121.28636880717153,4.0,4.0
402.7963083640354,-121.45591528334697,4.0,4.0
402.36180076361006,-121.80145547314604,4.0,4.0
401.93303891664954,-122.1546684096372,4.0,4.0
401.50776120363116,-122.51164921692778,4.0,4.0
401.0853563740261,-122.87205535829949,4.0,4.0
400.66447967802793,-123.23435685444906,4.0,4.0
400.24470324550936,-123.59746520837177,4.0,4.0
399.8254158202898,-123.96091609734862,4.0,4.0
399.4061895223047,-124.32446594213587,4.0,4.0
398.9868715133169,-124.6883430884661,4.0,4.0
398.56743123495573,-125.05235724004781,4.0,4.0
398.3576499715567,-125.23430342111638,4.0,4.0
398.1478075898627,-125.41624199242065,4.0,4.0
397.72845902305596,-125.78027898666971,4.0,4.0
397.30911046457277,-126.14422464086553,4.0,4.0
397.09932922495835,-126.32607948539217,4.0,4.0
396.88976192519664,-126.50824641839078,4.0,4.0
396.47340851197,-126.87578487352937,4.0,4.0
396.06380940629293,-127.25074487840538,4.0,4.0
395.8621577927576,-127.44172633562606,4.0,4.0
395.6629817442188,-127.63531865608233,4.0,4.0
395.27065046647556,-128.02866890177165,4.0,4.0
394.8833620103883,-128.4265101398293,4.0,4.0
394.49995499541694,-128.8278680553761,4.0,4.0
394.11880960759726,-129.2311593790318,4.0,4.0
393.738550533755,-129.63542502134658,4.0,4.0
393.35878045812046,-130.04020826816094,4.0,4.0
392.97922431650903,-130.44523509248424,4.0,4.0
392.6009823628623,-130.85149503584196,4.0,4.0
392.2283944701735,-131.2628244701166,4.0,4.0
391.8645780075161,-131.6821006766642,4.0,4.0
391.6866734607516,-131.8951260518615,4.0,4.0
391.51176403690096,-132.11061766370491,4.0,4.0
391.1690662494445,-132.54746201439593,4.0,4.0
390.8323281508859,-132.9885537762685,4.0,4.0
390.66582341324704,-133.21043934144993,4.0,4.0
390.5001133021047,-133.43290340800294,4.0,4.0
390.17019064976904,-133.8791103354526,4.0,4.0
389.8414599430325,-134.32627635825298,4.0,4.0
389.6773085291432,-134.55003444168852,4.0,4.0
389.51327937125177,-134.7738077502139,4.0,4.0
389.1853738845309,-135.22140004713071,4.0,4.0
388.8577129125156,-135.66897712220734,4.0,4.0
388.6938671456494,-135.89276566072584,4.0,4.0
388.5300825019796,-136.11655419823114,4.0,4.0
388.2022992717059,-136.5640703750104,4.0,4.0
387.87454659890005,-137.0115408787101,4.0,4.0
387.54670223020116,-137.45899615370755,4.0,4.0
387.2188884071213,-137.90632963389953,4.0,4.0
386.8910134489914,-138.35361743788695,4.0,4.0
386.56310791187985,-138.8008291178931,4.0,4.0
386.23517178851694,-139.24797989143457,4.0,4.0
385.90720508612065,-139.6951154368815,4.0,4.0
385.57914667858824,-140.14232709171296,4.0,4.0
385.25090488458085,-140.58956918920015,4.0,4.0
384.92263252437823,-141.03675039120048,4.0,4.0
384.5943907411888,-141.48393159532435,4.0,4.0
384.26599616051175,-141.9311432524931,4.0,4.0
384.1016307765469,-142.15468818440857,4.0,4.0
383.93738764659724,-142.3782178969302,4.0,4.0
383.61049065605727,-142.8263734303858,4.0,4.0
383.28591643373477,-143.27624925001282,4.0,4.0
383.1238126992356,-143.50128611240666,4.0,4.0
382.9621062802411,-143.7265208847987,4.0,4.0
382.6393658257761,-144.17749281484714,4.0,4.0
382.3171449411322,-144.62872355044632,4.0,4.0
382.1561414672854,-144.85441503546042,4.0,4.0
381.995137994797,-145.08012174535003,4.0,4.0
381.6732227406091,-145.53164173147744,4.0,4.0
381.3512769259242,-145.98314649240703,4.0,4.0
381.02926998942723,-146.43465125353583,4.0,4.0
380.7073241851864,-146.88617124310503,4.0,4.0
380.38534782094035,-147.33766078444899,4.0,4.0
380.06327977807246,-147.78913510240636,4.0,4.0
379.74105893256933,-148.2405028612725,4.0,4.0
379.41880752671227,-148.69177927566653,4.0,4.0
379.0966783622977,-149.14299479204368,4.0,4.0
378.7745797532408,-149.59416463408306,4.0,4.0
378.45361193909247,-150.04633923219126,4.0,4.0
378.1388788459169,-150.50294391432266,4.0,4.0
377.8308083580328,-150.96455718573512,4.0,4.0
377.67793448702605,-151.19603366082282,4.0,4.0
377.5260691809263,-151.4281038628816,4.0,4.0
377.22456963665843,-151.8937818612526,4.0,4.0
376.9249038480281,-152.360601637844,4.0,4.0
376.77536129756857,-152.5942094324326,4.0,4.0
376.6261243763367,-152.82795424473628,4.0,4.0
376.3278644808706,-153.29558088122775,4.0,4.0
376.0298796567048,-153.763237968911,4.0,4.0
375.8809178082429,-153.99711979676422,4.0,4.0
375.7318948331353,-154.2309863992104,4.0,4.0
375.43387944197656,-154.69870437874778,4.0,4.0
375.13739217451985,-155.1674271204634,4.0,4.0
374.8471702113307,-155.6399253345163,4.0,4.0
374.56391648792055,-156.1168840859197,4.0,4.0
374.2842080111029,-156.59579147002358,4.0,4.0
374.00758633575003,-157.07641912312798,4.0,4.0
373.7327984043593,-157.55812765753393,4.0,4.0
373.4589579131004,-158.04033857310878,4.0,4.0
373.1855758621294,-158.52276262077612,4.0,4.0
372.9123771867184,-159.00529323151483,4.0,4.0
372.77573200566303,-159.24651286728187,4.0,4.0
372.6391479505742,-159.48779339652506,4.0,4.0
372.36607152813514,-159.97040012670578,4.0,4.0
372.09284229441556,-160.45305252668538,4.0,4.0
371.95616655204395,-160.69430260906393,4.0,4.0
371.8195213791651,-160.93561358664581,4.0,4.0
371.54626161306777,-161.41828122116843,4.0,4.0
371.2727573620433,-161.90091841604516,4.0,4.0
371.1360816486743,-162.14218373046998,4.0,4.0
370.99943650727596,-162.38344905126283,4.0,4.0
370.72611568372906,-162.86588835592636,4.0,4.0
370.4528254409742,-163.34829722384183,4.0,4.0
370.31611919758797,-163.58945598523226,4.0,4.0
370.179443520797,-163.83055385667004,4.0,4.0
369.9059393626628,-164.31271915230138,4.0,4.0
369.6324657727845,-164.79488444962385,4.0,4.0
369.3590533004444,-165.27686705810683,4.0,4.0
369.0870161315306,-165.75961084686259,4.0,4.0
368.8215804441284,-166.24600831403617,4.0,4.0
368.5663525938778,-166.73802330484534,4.0,4.0
368.32081303057623,-167.23516866902793,4.0,4.0
368.0808969552501,-167.73485638534765,4.0,4.0
367.8451068053646,-168.23662973796326,4.0,4.0
367.61191446068835,-168.73959053360733,4.0,4.0
367.38003631050873,-169.2432211751098,4.0,4.0
367.1485249220837,-169.747019281032,4.0,4.0
366.91725804000635,-170.2508935083802,4.0,4.0
366.80176213405315,-170.50283062256193,4.0,4.0
366.6862662287404,-170.75482863277472,4.0,4.0
366.45496878879226,-171.25873330495003,4.0,4.0
366.22367134307757,-171.7625314097286,4.0,4.0
366.1080531823582,-172.01440762693454,4.0,4.0
365.99252670733773,-172.26632951187486,4.0,4.0
365.7612292425285,-172.7700971570583,4.0,4.0
365.5297483878455,-173.2739104650858,4.0,4.0
365.41397739548444,-173.52581711867813,4.0,4.0
365.0667255516993,-174.28150663072572,4.0,4.0
364.8351224448729,-174.78525903967585,4.0,4.0
364.60354990279865,-175.2889505532511,4.0,4.0
364.3717634327104,-175.79259639913488,4.0,4.0
364.1398547153297,-176.29615090395984,4.0,4.0
363.90797656287987,-176.79970541009368,4.0,4.0
363.67612898174946,-177.3032142456005,4.0,4.0
363.44425084381913,-177.8066926363261,4.0,4.0
363.21231158493833,-178.31007968441804,4.0,4.0
362.9802500830442,-178.81343628955904,4.0,4.0
362.7481580280906,-179.31671677829237,4.0,4.0
362.5160048500402,-179.81990592654842,4.0,4.0
362.28391279820175,-180.32300372809783,4.0,4.0
362.1675611488358,-180.57439278392184,4.0,4.0
362.0501703725274,-180.82518811219438,4.0,4.0
361.80970419515364,-181.32355134564946,4.0,4.0
361.56144457673685,-181.81839790198438,4.0,4.0
361.43595473534293,-182.0653568573664,4.0,4.0
361.3094257722274,-182.31181343252234,4.0,4.0
361.05389229433644,-182.80358481080486,4.0,4.0
360.7963417005729,-183.2943362053985,4.0,4.0
360.6670315615822,-183.5394531007712,4.0,4.0
360.53759917328335,-183.78447865465142,4.0,4.0
360.27833709031717,-184.27434707889483,4.0,4.0
360.01879994379135,-184.7641089358732,4.0,4.0
359.88893968139297,-185.00895180383816,4.0,4.0
359.75907941786926,-185.2537642229097,4.0,4.0
359.4991449503345,-185.7433738372439,4.0,4.0
359.2392104828871,-186.23296822675124,4.0,4.0
358.97918432218034,-186.72262350718694,4.0,4.0
358.7189442195796,-187.21223311353867,4.0,4.0
358.4586735497173,-187.7017818211715,4.0,4.0
358.19846400826054,-188.1913153055386,4.0,4.0
357.9380710883448,-188.68077266984807,4.0,4.0
357.67752535092654,-189.17026047614883,4.0,4.0
357.4168573671807,-189.65985485162736,4.0,4.0
357.1561282633885,-190.14949489814416,4.0,4.0
357.02574843421655,-190.394276864299,4.0,4.0
356.89533804984285,-190.63902838792535,4.0,4.0
356.63451729830894,-191.1284248741868,4.0,4.0
356.3735743145546,-191.6177452512149,4.0,4.0
356.24307226581186,-191.8623597715382,4.0,4.0
356.11257021990815,-192.10698951665412,4.0,4.0
355.8515661341887,-192.59629468251256,4.0,4.0
355.5904703768355,-193.08544761783406,4.0,4.0
355.4599072226532,-193.32997080484893,4.0,4.0
355.32934406872675,-193.57447876934697,4.0,4.0
355.06834000505154,-194.0632358905836,4.0,4.0
354.8072442468535,-194.55182554701116,4.0,4.0
354.6767422081896,-194.79604425527742,4.0,4.0
354.54620959348506,-195.04035429610337,4.0,4.0
354.28496095764126,-195.52905048076178,4.0,4.0
354.0251181677446,-196.01870574178216,4.0,4.0
353.7679037283149,-196.5096854485023,4.0,4.0
353.5116061523512,-197.00101529288816,4.0,4.0
353.2561948741572,-197.49280183941494,4.0,4.0
353.00127256748624,-197.98495373434918,4.0,4.0
352.74638081601927,-198.4774253234351,4.0,4.0
352.61899606668766,-198.72382096820124,4.0,4.0
352.4915807567489,-198.970262282678,4.0,4.0
352.23684183723697,-199.46320581690463,4.0,4.0
351.9818890212957,-199.95598191030996,4.0,4.0
351.85450431910186,-200.20230146029638,4.0,4.0
351.7271807515485,-200.4486057932299,4.0,4.0
351.47265588350933,-200.94106222879924,4.0,4.0
351.21803934770276,-201.43341210813182,4.0,4.0
351.0906546787254,-201.6795489903671,4.0,4.0
350.9633005722118,-201.9257163219416,4.0,4.0
350.7084089802516,-202.41802053272994,4.0,4.0
350.453517396236,-202.91027907721303,4.0,4.0
350.3261021681747,-203.15641596142947,4.0,4.0
350.1986258166347,-203.40249195110596,4.0,4.0
349.9436119939991,-203.89462871213138,4.0,4.0
349.688445363971,-204.38679592177795,4.0,4.0
349.4332176119733,-204.87903924906453,4.0,4.0
349.17798987438977,-205.37119124449214,4.0,4.0
348.92282327000413,-205.8631605578757,4.0,4.0
348.66744272969163,-206.35505375412902,4.0,4.0
348.4119705018022,-206.84688605578188,4.0,4.0
348.15655939323125,-207.33874879841645,4.0,4.0
347.90108714883104,-207.83062676041578,4.0,4.0
347.6454315218184,-208.32251993780494,4.0,4.0
347.51758842482826,-208.5684741383634,4.0,4.0
347.3896842007684,-208.81438266714406,4.0,4.0
347.1339674342156,-209.30616927000273,4.0,4.0
346.8782506621782,-209.79778840760824,4.0,4.0
346.7503158668689,-210.04362081162515,4.0,4.0
346.62228937899937,-210.28945320990994,4.0,4.0
346.36620582888105,-210.78114844863586,4.0,4.0
346.1102139543833,-211.2729045723118,4.0,4.0
345.98215689202806,-211.51876741128962,4.0,4.0
345.8540081428298,-211.76467592222113,4.0,4.0
345.59764952156195,-212.25646249437457,4.0,4.0
345.3412603415263,-212.7483251869581,4.0,4.0
345.2130199176912,-212.994203256271,4.0,4.0
345.08477949898275,-213.2400661060919,4.0,4.0
344.82823754872953,-213.73157867656897,4.0,4.0
344.57172617300705,-214.223091254511,4.0,4.0
344.4434857692902,-214.46886277033363,4.0,4.0
344.3152453669383,-214.71461906220264,4.0,4.0
344.0586728833103,-215.20607075549685,4.0,4.0
343.8021309677793,-215.69750722688423,4.0,4.0
343.545436242596,-216.18883713534322,4.0,4.0
343.2887415175597,-216.68013659552827,4.0,4.0
343.0319856647444,-217.17134471041635,4.0,4.0
342.7752909344424,-217.6624919292545,4.0,4.0
342.5184739446807,-218.15360869333063,4.0,4.0
342.26141244403453,-218.64471022707994,4.0,4.0
342.0043814989809,-219.13584220224203,4.0,4.0
341.74741167160477,-219.62692850030436,4.0,4.0
341.6188350672083,-219.8723955291004,4.0,4.0
341.4902890236111,-220.1178777794401,4.0,4.0
341.23310524354577,-220.60876615791437,4.0,4.0
340.9758603224356,-221.09966975094312,4.0,4.0
340.84719201146453,-221.34513676595697,4.0,4.0
340.71852369732545,-221.59060377782217,4.0,4.0
340.46106481136144,-222.08156824465902,4.0,4.0
340.203544797458,-222.57256315668445,4.0,4.0
340.0747847908139,-222.81809105970848,4.0,4.0
339.9459025345205,-223.06360373949855,4.0,4.0
339.688168584131,-223.554568200841,4.0,4.0
339.43040408490015,-224.0455022242125,4.0,4.0
339.1727007224163,-224.53637536051673,4.0,4.0
338.91481399427414,-225.0272180544027,4.0,4.0
338.6569272759271,-225.5179998567315,4.0,4.0
338.3988877523439,-226.00882733739923,4.0,4.0
338.1408482413967,-226.4996243763726,4.0,4.0
337.88280874614316,-226.99033008374084,4.0,4.0
337.6247386980894,-227.48089878407174,4.0,4.0
337.3666380912054,-227.9714065911115,4.0,4.0
337.1084763586276,-228.46185350155466,4.0,4.0
336.8502229361895,-228.9521938458595,4.0,4.0
336.59196950291886,-229.4425494023699,4.0,4.0
336.4628122188577,-229.6877271787625,4.0,4.0
336.33359380739324,-229.9328897282207,4.0,4.0
336.07512641663465,-230.423245272357,4.0,4.0
335.8165367727198,-230.91361603513616,4.0,4.0
335.6871961065263,-231.15883947644664,4.0,4.0
335.55788600267454,-231.4040324696556,4.0,4.0
335.29920467076437,-231.89441845538278,4.0,4.0
335.04043165706804,-232.38475877306018,4.0,4.0
334.91106043319144,-232.62987565021498,4.0,4.0
334.78165864768107,-232.87499252775208,4.0,4.0
334.5227939522107,-233.36521105822877,4.0,4.0
334.2638986942364,-233.85536869379402,4.0,4.0
334.00500343521793,-234.34549588064863,4.0,4.0
333.74595535878456,-234.83560783838124,4.0,4.0
333.4883742765402,-235.32652664706598,4.0,4.0
333.2335132558129,-235.81886125695522,4.0,4.0
332.97935517459456,-236.31166780315135,4.0,4.0
332.7262667828859,-236.80497673045843,4.0,4.0
332.4736673977533,-237.2985749136447,4.0,4.0
332.22143477239626,-237.79221877039785,4.0,4.0
332.0953948687719,-238.0390711513071,4.0,4.0
331.9693549664827,-238.2859387542064,4.0,4.0
331.71733628804543,-238.7796130662753,4.0,4.0
331.4652564841794,-239.27316558646038,4.0,4.0
331.33909433172903,-239.5199418454867,4.0,4.0
331.2129321790033,-239.76668765718398,4.0,4.0
330.9606078655233,-240.26028584176964,4.0,4.0
330.70828354281286,-240.7538687930333,4.0,4.0
330.5820908164515,-241.00058414931962,4.0,4.0
330.4559286512145,-241.24731472608445,4.0,4.0
330.2034515038611,-241.7407758803968,4.0,4.0
329.9507604157904,-242.23422180577342,4.0,4.0
329.8244454336564,-242.480937155704,4.0,4.0
329.6981304497544,-242.72768295258223,4.0,4.0
329.445439352451,-243.2211593149165,4.0,4.0
329.19277881615074,-243.71448344164742,4.0,4.0
328.94002659288225,-244.20780756428275,4.0,4.0
328.6872132473777,-244.70116213776265,4.0,4.0
328.4341554043509,-245.1945776069936,4.0,4.0
328.181128130328,-245.6879474096881,4.0,4.0
327.9280703032038,-246.18122587596957,4.0,4.0
327.6750430454019,-246.67442822512044,4.0,4.0
327.42189354077084,-247.1676305798779,4.0,4.0
327.1687440390156,-247.66078726355704,4.0,4.0
326.91547228910696,-248.15379170965107,4.0,4.0
326.662169975218,-248.64685704898915,4.0,4.0
326.40871485025605,-249.13987672012175,4.0,4.0
326.2819720070422,-249.3863941665216,4.0,4.0
326.155259726705,-249.63289638910527,4.0,4.0
325.90174347890866,-250.12583993970733,4.0,4.0
325.6481355431689,-250.6186921470013,4.0,4.0
325.52133157503624,-250.8651182513824,4.0,4.0
325.3945276069728,-251.1115443530183,4.0,4.0
325.14082798245073,-251.60436611145167,4.0,4.0
324.8870366669211,-252.09721831317893,4.0,4.0
324.7601410084493,-252.34364441223107,4.0,4.0
324.63321478694075,-252.59002484129792,4.0,4.0
324.3792706558135,-253.08272480250372,4.0,4.0
324.12532652364104,-253.5754399836825,4.0,4.0
323.87126014135407,-254.06812471900017,4.0,4.0
323.61719375860923,-254.56082467570906,4.0,4.0
323.36303568744034,-255.05352463105882,4.0,4.0
323.1087248047616,-255.54613324378758,4.0,4.0
322.85441392605645,-256.0388027528692,4.0,4.0
322.60001136457623,-256.53147226575436,4.0,4.0
322.34551712509784,-257.02414178769453,4.0,4.0
322.09108402604915,-257.5167808710312,4.0,4.0
321.83655925087436,-258.00929817546137,4.0,4.0
321.58200391861595,-258.5017241377466,4.0,4.0
321.32741802241975,-258.9939674179086,4.0,4.0
321.20012507327925,-259.24010427775806,4.0,4.0
321.07283212247137,-259.48621069200567,4.0,4.0
320.818185087132,-259.97839306269066,4.0,4.0
320.56335465778403,-260.4706058631148,4.0,4.0
320.43593943820764,-260.71674270740556,4.0,4.0
320.30852421587787,-260.962818655922,4.0,4.0
320.05357151544484,-261.4550314371246,4.0,4.0
319.7985882468636,-261.94721376757127,4.0,4.0
319.6710813296634,-262.19332015426437,4.0,4.0
319.5435132864489,-262.4394265418332,4.0,4.0
319.2883771965172,-262.93163930907514,4.0,4.0
319.0332105401529,-263.423760730814,4.0,4.0
318.7779216319117,-263.9158517037896,4.0,4.0
318.52257159808005,-264.4079426742812,4.0,4.0
318.26719100205327,-264.90000319836065,4.0,4.0
318.0117492819562,-265.39212461444913,4.0,4.0
317.75624643905905,-265.88406334855244,4.0,4.0
317.5007435982408,-266.3760325301595,4.0,4.0
317.3729616155001,-266.62198667334485,4.0,4.0
317.2451490696837,-266.86794081659605,4.0,4.0
316.98961566175245,-267.3597577558714,4.0,4.0
316.73402112427334,-267.85148334777324,4.0,4.0
316.4783348886361,-268.3431784807842,4.0,4.0
316.22252638474464,-268.8348735997125,4.0,4.0
316.09462212871847,-269.0807363778647,4.0,4.0
315.9666567456332,-269.3265991550527,4.0,4.0
315.71066485153136,-269.8183551516487,4.0,4.0
315.45464239420704,-270.31017204258774,4.0,4.0
315.32661588395456,-270.55603481606397,4.0,4.0
315.19855881114864,-270.8018975889511,4.0,4.0
314.94244467062214,-271.29353179657943,4.0,4.0
314.68629997340395,-271.7851355602578,4.0,4.0
314.55818178159535,-272.0309374395661,4.0,4.0
314.43009415278976,-272.2767393239135,4.0,4.0
314.1737966485031,-272.76828219446156,4.0,4.0
313.91743802385867,-273.25985551721135,4.0,4.0
313.66101827815476,-273.75142883974405,4.0,4.0
313.40456798216513,-274.2429717261764,4.0,4.0
313.1480565706396,-274.73445372425607,4.0,4.0
312.89154516494074,-275.22578349031517,4.0,4.0
312.6349420785184,-275.7171437095519,4.0,4.0
312.37818618518105,-276.2085952725526,4.0,4.0
312.12146086066605,-276.7000163945874,4.0,4.0
311.8646438618128,-277.1913461838933,4.0,4.0
311.60779630959917,-277.68255419180207,4.0,4.0
311.35088763992087,-278.17373176012364,4.0,4.0
311.0938872891872,-278.66487888188544,4.0,4.0
310.96540239505913,-278.91046766872705,4.0,4.0
310.83688693833534,-279.15605645432424,4.0,4.0
310.57985603272704,-279.64711224030555,4.0,4.0
310.3228556927528,-280.1381375815763,4.0,4.0
310.1943402383194,-280.3836959216153,4.0,4.0
310.06576365735276,-280.62922381104954,4.0,4.0
309.8102302998977,-281.1211016620228,4.0,4.0
309.5573558703937,-281.61422784383035,4.0,4.0
309.4311325907716,-281.8609127241596,4.0,4.0
309.3052454972835,-282.10774983672013,4.0,4.0
309.0541131028039,-282.60181986182545,4.0,4.0
308.80350025266506,-283.09625523751095,4.0,4.0
308.6782855107724,-283.34351859288694,4.0,4.0
308.55310132977627,-283.59087328777525,4.0,4.0
308.30270240561396,-284.08561312292227,4.0,4.0
308.05239516785196,-284.58041385358285,4.0,4.0
307.8020573709151,-285.0752145862657,4.0,4.0
307.5515973387754,-285.5699239860368,4.0,4.0
307.30119843522823,-286.0646029433166,4.0,4.0
307.0507995343407,-286.5592819016263,4.0,4.0
306.8003089485983,-287.0538695167885,4.0,4.0
306.67512477974424,-287.3011328778691,4.0,4.0
306.549848922829,-287.54839623628357,4.0,4.0
306.29932777460465,-288.0428316141988,4.0,4.0
306.0487760617207,-288.53723654290695,4.0,4.0
305.9235307632481,-288.7844694490823,4.0,4.0
305.7982243376355,-289.03170235264236,4.0,4.0
305.5476114805798,-289.5260768135681,4.0,4.0
305.2969069308417,-290.02045126696714,4.0,4.0
305.17150881130374,-290.26762326877474,4.0,4.0
305.04608012874615,-290.5148257172307,4.0,4.0
304.79525332085075,-291.0091088177905,4.0,4.0
304.544273698576,-291.50342236301714,4.0,4.0
304.41881445012933,-291.75053346533514,4.0,4.0
304.29332463938766,-291.9976750155772,4.0,4.0
304.0422533316691,-292.4919581119344,4.0,4.0
303.7911209001684,-292.98614986819825,4.0,4.0
303.5399884704069,-293.4802807290821,4.0,4.0
303.28876435680445,-293.9743811456737,4.0,4.0
303.03747911978195,-294.46851200962783,4.0,4.0
302.7862244463167,-294.96258197923663,4.0,4.0
302.5348169615718,-295.4565606052013,4.0,4.0
302.28337891562853,-295.95050878453185,4.0,4.0
302.03191030836854,-296.44448741350925,4.0,4.0
301.7803194531845,-296.9384660387936,4.0,4.0
301.52872859999405,-297.4324142205513,4.0,4.0
301.27698493822555,-297.92624061527135,4.0,4.0
301.0252718403185,-298.4201279044269,4.0,4.0
300.8993847285044,-298.6670258774875,4.0,4.0
300.7735281798663,-298.91389340382614,4.0,4.0
300.5216928383335,-299.4075675643968,4.0,4.0
300.2699186177606,-299.90130261709527,4.0,4.0
300.14397038027533,-300.14817013951296,4.0,4.0
300.0180221411519,-300.3950376613461,4.0,4.0
299.7661867829223,-300.8887422499153,4.0,4.0
299.51416804822435,-301.38232504501474,4.0,4.0
299.3880975558717,-301.6291621146237,4.0,4.0
299.26202705985463,-301.87599918048056,4.0,4.0
299.00985550200704,-302.3697646488071,4.0,4.0
298.75750057410977,-302.8634692235818,4.0,4.0
298.50508452606306,-303.35705201543317,4.0,4.0
298.252699044695,-303.850665256968,4.0,4.0
298.00016075292746,-304.34418715749257,4.0,4.0
297.74762246572664,-304.83767861315766,4.0,4.0
297.4950841819494,-305.33113962265725,4.0,4.0
297.2424542112969,-305.8246310825668,4.0,4.0
296.9897631156619,-306.31806164479144,4.0,4.0
296.73707202033717,-306.81140086230903,4.0,4.0
296.48422811264135,-307.30470963267436,4.0,4.0
296.2313842044879,-307.7980488494633,4.0,4.0
295.9784486090254,-308.29138806488766,4.0,4.0
295.8519808115412,-308.53804244842456,4.0,4.0
295.7254824511703,-308.7846968315485,4.0,4.0
295.4725162909137,-309.27782290967366,4.0,4.0
295.2194278791559,-309.7709185370492,4.0,4.0
295.09286839143067,-310.0174511284753,4.0,4.0
294.96633946325096,-310.2640141627173,4.0,4.0
294.71309822593497,-310.7572011167546,4.0,4.0
294.4597958605868,-311.25026627724037,4.0,4.0
294.33314467729883,-311.4967684088844,4.0,4.0
294.20649349324384,-311.7432705395846,4.0,4.0
293.95309943692524,-312.23630524630124,4.0,4.0
293.6996136945045,-312.72933995200555,4.0,4.0
293.44603626318076,-313.2224051040662,4.0,4.0
293.19242827078176,-313.71534846498463,4.0,4.0
292.9387285966247,-314.20823093943324,4.0,4.0
292.6848761150393,-314.7011134146556,4.0,4.0
292.4310541980445,-315.1939654449801,4.0,4.0
292.177262844435,-315.6867870268967,4.0,4.0
291.9233492439988,-316.1795477171837,4.0,4.0
291.66943564019874,-316.6722475068006,4.0,4.0
291.41549147105354,-317.1649168454112,4.0,4.0
291.16133336592526,-317.6576470786971,4.0,4.0
290.90723638406234,-318.1503773091488,4.0,4.0
290.7801878929298,-318.39672719889495,4.0,4.0
290.65313940508264,-318.6430466465502,4.0,4.0
290.3989507450326,-319.1355941980462,4.0,4.0
290.1448537667279,-319.62820263883384,4.0,4.0
290.01771358836737,-319.87443073881303,4.0,4.0
289.89057340996976,-320.12071973328136,4.0,4.0
289.6362319283782,-320.6133281667031,4.0,4.0
289.3818293215621,-321.1059670477217,4.0,4.0
289.2545974578948,-321.35225604243675,4.0,4.0
289.1273961590955,-321.59854504075327,4.0,4.0
288.8728713158296,-322.0910621434923,4.0,4.0
288.6183464746139,-322.583457458027,4.0,4.0
288.3637605074584,-323.075791875204,4.0,4.0
288.1091439753504,-323.56806539295326,4.0,4.0
287.8544968773217,-324.0603389066433,4.0,4.0
287.59975808084215,-324.55261240658524,4.0,4.0
287.3449581495152,-325.0449163421863,4.0,4.0
287.0900970872297,-325.5371289274101,4.0,4.0
286.83511377515384,-326.02946330011173,4.0,4.0
286.5800082155734,-326.5218585688094,4.0,4.0
286.4524401562193,-326.76805620557116,4.0,4.0
286.3248415382726,-327.01422339851644,4.0,4.0
286.0696748761856,-327.50652734737236,4.0,4.0
285.81444710207427,-327.9987399677372,4.0,4.0
285.6868179372429,-328.2447853870582,4.0,4.0
285.5591887741516,-328.4908003615668,4.0,4.0
285.3038693278054,-328.98289120916934,4.0,4.0
285.0484581997119,-329.47495161374593,4.0,4.0
284.9207373561112,-329.7210274900715,4.0,4.0
284.793016514222,-329.9670424714196,4.0,4.0
284.5375137109825,-330.4590419947202,4.0,4.0
284.2819497899926,-330.9509197350494,4.0,4.0
284.15416782978497,-331.196843381434,4.0,4.0
284.0264164317025,-331.4427061315098,4.0,4.0
283.7708219475801,-331.9344620802739,4.0,4.0
283.5150746497167,-332.4262180249769,4.0,4.0
283.25932733808986,-332.9180044014263,4.0,4.0
283.00345777123863,-333.40969942669466,4.0,4.0
282.7474965153347,-333.9013944478613,4.0,4.0
282.49153525752035,-334.3930590215603,4.0,4.0
282.23542118736134,-334.88478448684816,4.0,4.0
281.9792459909646,-335.3764186078239,4.0,4.0
281.72304023050117,-335.86805272553806,4.0,4.0
281.4667122231096,-336.35962595269484,4.0,4.0
281.2103536558469,-336.85119917966585,4.0,4.0
280.9539645279156,-337.34271151553094,4.0,4.0
280.6974531522635,-337.83428474437466,4.0,4.0
280.56918218336557,-338.07999524078116,4.0,4.0
280.4409112147873,-338.325705737969,4.0,4.0
280.1842775924063,-338.81715717957337,4.0,4.0
279.92761341144404,-339.308578179401,4.0,4.0
279.7992813224426,-339.55428867902197,4.0,4.0
279.6708881089813,-339.7999687338705,4.0,4.0
279.4141016822986,-340.2912983939955,4.0,4.0
279.1573458176939,-340.78247581328026,4.0,4.0
279.0289220424535,-341.02803407739134,4.0,4.0
278.9004982665879,-341.27356189170104,4.0,4.0
278.6436507097116,-341.7647393062257,4.0,4.0
278.38671145899957,-342.25594715638306,4.0,4.0
278.25844048850837,-342.50171853899593,4.0,4.0
278.1311780794148,-342.74797708018906,4.0,4.0
277.8784258835859,-343.2413771299299,4.0,4.0
277.62646831277334,-343.7352034413884,4.0,4.0
277.37545817846996,-344.22942556503585,4.0,4.0
277.1251204129383,-344.72395215383915,4.0,4.0
276.8750271438334,-345.21869186848755,4.0,4.0
276.6249644360569,-345.7134924741865,4.0,4.0
276.37487116550165,-346.20832352713126,4.0,4.0
276.1248084603882,-346.7031545822583,4.0,4.0
275.8747457586656,-347.19795519170066,4.0,4.0
275.6245608091583,-347.6927558040756,4.0,4.0
275.4994377732869,-347.94007999175,4.0,4.0
275.374314738047,-348.1874346288033,4.0,4.0
275.12406866894344,-348.682113454002,4.0,4.0
274.8737309143749,-349.17673138790576,4.0,4.0
274.74854675804687,-349.4240555802679,4.0,4.0
274.62336260258604,-349.6712884307481,4.0,4.0
274.37299429174004,-350.165723683272,4.0,4.0
274.12250373060505,-350.66025027972694,4.0,4.0
273.99728901292815,-350.9075135763077,4.0,4.0
273.8719826077349,-351.1547464269664,4.0,4.0
273.62143092252046,-351.6492730185946,4.0,4.0
273.3707569886413,-352.14373871857197,4.0,4.0
273.2454200225137,-352.391002015589,4.0,4.0
273.1201136191017,-352.6381739696926,4.0,4.0
272.8693479998433,-353.1324874331109,4.0,4.0
272.61858237849003,-353.62683133755945,4.0,4.0
272.3677556303012,-354.1210230039363,4.0,4.0
272.11686775873966,-354.6152146696378,4.0,4.0
271.8658576298074,-355.10949766451984,4.0,4.0
271.6147558138553,-355.60378066246903,4.0,4.0
271.36356231672653,-356.0980027721753,4.0,4.0
271.1123382580488,-356.59216398574495,4.0,4.0
270.86111420086195,-357.08614251323206,4.0,4.0
270.60970676723184,-357.58015149098344,4.0,4.0
270.48403360956337,-357.82717119699123,4.0,4.0
270.3583298884088,-358.07422134676693,4.0,4.0
270.10835888363033,-358.56905238771225,4.0,4.0
269.86107738200565,-359.06528400742286,4.0,4.0
269.7376352893772,-359.3135216091836,4.0,4.0
269.6145293849576,-359.5619114487309,4.0,4.0
269.3691122014591,-360.0590564951325,4.0,4.0
269.12424514920497,-360.55632333779675,4.0,4.0
269.0019338757349,-360.8049872102324,4.0,4.0
268.8796837274796,-361.05377287163407,4.0,4.0
268.6351834290102,-361.55131374213096,4.0,4.0
268.39068313152006,-362.04891550950924,4.0,4.0
268.1461828332625,-362.54648682427216,4.0,4.0
267.90171309376666,-363.0440276877241,4.0,4.0
267.65721279695015,-363.54141631880765,4.0,4.0
267.4127124914851,-364.0388353861639,4.0,4.0
267.168151047744,-364.5361935377141,4.0,4.0
266.9235284679686,-365.0334907780126,4.0,4.0
266.67884475492093,-365.5308184512443,4.0,4.0
266.434130470886,-366.027963428822,4.0,4.0
266.18935504747293,-366.52513883380277,4.0,4.0
266.0668603628709,-366.7737417515018,4.0,4.0
265.94439623861075,-367.0223446660732,4.0,4.0
265.82193211255407,-367.2709780258858,4.0,4.0
265.5770038543434,-367.76824473701936,4.0,4.0
265.45450916127703,-368.01687808938635,4.0,4.0
265.3319533432725,-368.26548099476076,4.0,4.0
265.20939752548446,-368.5141447943564,4.0,4.0
264.9641330717551,-369.01147238256294,4.0,4.0
264.8415466870617,-369.2601057275824,4.0,4.0
264.71889917873597,-369.50867817744637,4.0,4.0
264.47351248008283,-370.00570129783216,4.0,4.0
264.2281257853008,-370.5027244194799,4.0,4.0
264.10544772053237,-370.75123598255914,4.0,4.0
263.98270853188654,-370.99974754493905,4.0,4.0
263.7371995942446,-371.4967706741637,4.0,4.0
263.49162953096936,-371.9938242466037,4.0,4.0
263.2459983471644,-372.4908169304989,4.0,4.0
263.0003060433924,-372.9876878311384,4.0,4.0
262.75467486635625,-373.4844064922804,4.0,4.0
262.5089214418131,-373.98106426329207,4.0,4.0
262.26304576771224,-374.477782926033,4.0,4.0
262.0171395287665,-374.9745320311708,4.0,4.0
261.77117216780186,-375.47122024465665,4.0,4.0
261.52514368471043,-375.9679389080893,4.0,4.0
261.4020988813637,-376.21626779302323,4.0,4.0
261.2790540787072,-376.4646271249797,4.0,4.0
261.03287278765356,-376.96134579118103,4.0,4.0
260.78669149857245,-377.45800356485506,4.0,4.0
260.6635550113615,-377.706271558033,4.0,4.0
260.5404185250786,-377.95456999828184,4.0,4.0
260.2940538675173,-378.45107554001027,4.0,4.0
260.04762808828707,-378.9475810854277,4.0,4.0
259.9243693556401,-379.19584908064303,4.0,4.0
259.80117174789956,-379.4440561828413,4.0,4.0
259.5546848457059,-379.9404094914878,4.0,4.0
259.3081368215081,-380.43670190653586,4.0,4.0
259.18487808981,-380.684878559852,4.0,4.0
259.06158879462686,-380.93302476367296,4.0,4.0
258.8149490772213,-381.4293780636219,4.0,4.0
258.5682482313998,-381.9256704611421,4.0,4.0
258.321486257909,-382.4219628516764,4.0,4.0
258.0747242809964,-382.91822478932767,4.0,4.0
257.82780948524885,-383.4145476099409,4.0,4.0
257.580864122562,-383.91090087089265,4.0,4.0
257.3338270712784,-384.4073150208363,4.0,4.0
257.08669833299655,-384.9036987247355,4.0,4.0
256.8395390321688,-385.4000215310026,4.0,4.0
256.592318612584,-385.8962225548827,4.0,4.0
256.3450829151536,-386.39236268849083,4.0,4.0
256.09781665560365,-386.888411477462,4.0,4.0
255.8505198348003,-387.3845516098787,4.0,4.0
255.7268179410989,-387.63260645209857,4.0,4.0
255.60308548588094,-387.8806612966564,4.0,4.0
255.35555945309378,-388.37686232961175,4.0,4.0
255.1080181456054,-388.87306337165256,4.0,4.0
254.98422457384225,-389.12111822651525,4.0,4.0
254.8604157230747,-389.3691121901713,4.0,4.0
254.612706339454,-389.8650696752485,4.0,4.0
254.36495111686827,-390.3609662723467,4.0,4.0
254.24109642784413,-390.6088688998633,4.0,4.0
254.1172875825948,-390.85674107822,4.0,4.0
253.86951708071138,-391.3523940970208,4.0,4.0
253.6217312953194,-391.84801666222165,4.0,4.0
253.4978154783666,-392.0958583877431,4.0,4.0
253.3739302226999,-392.3437001108543,4.0,4.0
253.12600689798884,-392.8394748955083,4.0,4.0
252.87796132338627,-393.33528012935346,4.0,4.0
252.6299004678975,-393.83111580685835,4.0,4.0
252.38174793247026,-394.3268906015088,4.0,4.0
252.13358012131968,-394.8226654024634,4.0,4.0
251.88539703159526,-395.3183184163104,4.0,4.0
251.63709169402588,-395.8139105369267,4.0,4.0
251.38878635751422,-396.30947221083875,4.0,4.0
251.14041989678475,-396.8050643313878,4.0,4.0
250.89197703114039,-397.3004433217005,4.0,4.0
250.76775559811102,-397.54813281584995,4.0,4.0
250.64351888374705,-397.7958527575047,4.0,4.0
250.39495376715698,-398.29132308507263,4.0,4.0
250.1463122438101,-398.78670206751156,4.0,4.0
250.02199912214286,-399.0343915580462,4.0,4.0
249.89768600018022,-399.2820810470193,4.0,4.0
249.6489986307698,-399.7774600215117,4.0,4.0
249.40020428978718,-400.27280854325954,4.0,4.0
249.27583003939105,-400.520498025764,4.0,4.0
249.1514252256939,-400.7682179525607,4.0,4.0
248.90258503240992,-401.2635969044469,4.0,4.0
248.6536989914989,-401.758793165916,4.0,4.0
248.40470597963488,-402.25398941982326,4.0,4.0
248.1556671157834,-402.74918565920166,4.0,4.0
247.90655183994969,-403.244412336332,4.0,4.0
247.6573143114182,-403.73954766373936,4.0,4.0
247.40813790592156,-404.23465253958017,4.0,4.0
247.1587475632762,-404.7297878610682,4.0,4.0
246.90935722078765,-405.22498407641035,4.0,4.0
246.65989047210104,-405.7201498422463,4.0,4.0
246.5351188964274,-405.96771750291214,4.0,4.0
246.41034732180626,-406.21522427025855,4.0,4.0
246.1608194558335,-406.7102378058456,4.0,4.0
245.9112304657284,-407.2050991074971,4.0,4.0
245.78639776869727,-407.4524840863826,4.0,4.0
245.66154979133614,-407.699899513879,4.0,4.0
245.41180799007327,-408.19482170834317,4.0,4.0
245.16198978244245,-408.68968300485085,4.0,4.0
245.03705011810234,-408.93712887917445,4.0,4.0
244.91212573603474,-409.1845443071355,4.0,4.0
244.6620935997916,-409.6793447214163,4.0,4.0
244.41203090321656,-410.1741755835615,4.0,4.0
244.1620140515288,-410.6688237607401,4.0,4.0
243.9119360767238,-411.16344149295287,4.0,4.0
243.66178169485917,-411.6580592208692,4.0,4.0
243.41159675038435,-412.1526464996783,4.0,4.0
243.16121315356108,-412.64726423231315,4.0,4.0
242.91093652519749,-413.1418819607996,4.0,4.0
242.66056821475888,-413.6363779081398,4.0,4.0
242.4101387887733,-414.13078252865284,4.0,4.0
242.15981632756856,-414.6252175844707,4.0,4.0
241.90931049006477,-415.1197135342452,4.0,4.0
241.6586976857028,-415.61427038115875,4.0,4.0
241.40811544300146,-416.10882722218173,4.0,4.0
241.15751792930908,-416.603353633922,4.0,4.0
240.90693570316284,-417.0977887108553,4.0,4.0
240.7816140272688,-417.34505192013535,4.0,4.0
240.65627706984841,-417.5922542336963,4.0,4.0
240.4056642772374,-418.0865675114587,4.0,4.0
240.15491395281535,-418.5809112342134,4.0,4.0
240.02945474407792,-418.8280526484519,4.0,4.0
239.90398025272128,-419.0752245066536,4.0,4.0
239.6530618267353,-419.56947687014485,4.0,4.0
239.40194474773614,-420.0637292383176,4.0,4.0
239.27666891264113,-420.31102288465445,4.0,4.0
239.15235579696161,-420.5588341380869,4.0,4.0
238.9054105063152,-421.05524827576005,4.0,4.0
238.65936681032446,-421.55202778350406,4.0,4.0
238.41436224183414,-422.04920310890134,4.0,4.0
238.16995364388112,-422.54671335667825,4.0,4.0
237.9258506669961,-423.0442844896863,4.0,4.0
237.68190049847962,-423.541977404304,4.0,4.0
237.43788920233993,-424.0395180733251,4.0,4.0
237.19374037545222,-424.5371196397748,4.0,4.0
236.94962210495518,-425.03484298194087,4.0,4.0
236.70532046088246,-425.532505428303,4.0,4.0
236.5831467188467,-425.78129098380487,4.0,4.0
236.4610035401775,-426.0301374347482,4.0,4.0
236.21667134145574,-426.52776944588584,4.0,4.0
235.9722321768474,-427.02543190781444,4.0,4.0
235.8499820328734,-427.2742174673113,4.0,4.0
235.7277318894555,-427.52306392295867,4.0,4.0
235.48324688607042,-428.02063504805227,4.0,4.0
235.23863963612507,-428.51811483550966,4.0,4.0
235.11632837149773,-428.76674816522836,4.0,4.0
234.99400182642253,-429.01544238987094,4.0,4.0
234.74934873790596,-429.5127699472365,4.0,4.0
234.5030452773425,-430.009244980797,4.0,4.0
234.37857936063938,-430.2567213153741,4.0,4.0
234.2540217568429,-430.5042280964957,4.0,4.0
234.0039896766315,-430.9988762976137,4.0,4.0
233.75285734916807,-431.49297644897547,4.0,4.0
233.50102208552104,-431.98683302147776,4.0,4.0
233.24878951020293,-432.48038511933873,4.0,4.0
232.9963735606037,-432.97390677238457,4.0,4.0
232.74383536069905,-433.4673370792376,4.0,4.0
232.49117491109294,-433.9607673867531,4.0,4.0
232.23842277447378,-434.45419769272206,4.0,4.0
231.98560951205775,-434.94741486438215,4.0,4.0
231.7328115300177,-435.4406624782929,4.0,4.0
231.4798912965077,-435.93387964355634,4.0,4.0
231.2269404960513,-436.4270663485927,4.0,4.0
230.9738063192647,-436.92031394593096,4.0,4.0
230.8472010287009,-437.1669072980009,4.0,4.0
230.72065686279143,-437.4136224398259,4.0,4.0
230.46747684273888,-437.9069309279336,4.0,4.0
230.21422042292298,-438.4001176392633,4.0,4.0
230.0876151383315,-438.64668055336335,4.0,4.0
229.96105569642918,-438.8933043591633,4.0,4.0
229.70786040497637,-439.3863692815391,4.0,4.0
229.4546651103692,-439.8794646461971,4.0,4.0
229.32798341570413,-440.1259666550808,4.0,4.0
229.20128644021278,-440.3724686649432,4.0,4.0
228.9478466457294,-440.8655031308965,4.0,4.0
228.69429987822886,-441.3585984799888,4.0,4.0
228.4406614275736,-441.85160249753864,4.0,4.0
228.18700770091752,-442.34460651980646,4.0,4.0
227.93332341371394,-442.8374887571333,4.0,4.0
227.6795474429839,-443.33027965827296,4.0,4.0
227.42567978721976,-443.82313145702403,4.0,4.0
227.17170516224314,-444.3159832530804,4.0,4.0
226.91769998385828,-444.80868282858376,4.0,4.0
226.66367953035663,-445.30138241498105,4.0,4.0
226.40965907945395,-445.7939906625136,4.0,4.0
226.15553166032552,-446.2865075679325,4.0,4.0
225.90138895744843,-446.7790853606087,4.0,4.0
225.7742794009616,-447.0253133587378,4.0,4.0
225.6471239992689,-447.2715413539985,4.0,4.0
225.39276734869256,-447.76396688629563,4.0,4.0
225.13833428949917,-448.2564228611273,4.0,4.0
225.01113304006304,-448.50265084544776,4.0,4.0
224.88390122710237,-448.7488788283846,4.0,4.0
224.6293764747334,-449.2412738919531,4.0,4.0
224.3748517220678,-449.7336385083787,4.0,4.0
224.24758934298913,-449.9798360346173,4.0,4.0
224.12029639980977,-450.22606400108646,4.0,4.0
223.86555769740156,-450.7184894856849,4.0,4.0
223.6107578689488,-451.2109454101255,4.0,4.0
223.35598860059622,-451.70327954108575,4.0,4.0
223.1011276456018,-452.19558322234764,4.0,4.0
222.84626669488208,-452.6877651214313,4.0,4.0
222.591405740024,-453.18006879922535,4.0,4.0
222.3364530942962,-453.67234202454847,4.0,4.0
222.0814087596729,-454.16449345210106,4.0,4.0
221.82630330102873,-454.656675327837,4.0,4.0
221.57113671613786,-455.1489485420152,4.0,4.0
221.31583260316816,-455.6410999703937,4.0,4.0
221.06052849629177,-456.13312962091857,4.0,4.0
220.80514798875365,-456.62515928048634,4.0,4.0
220.67745773659783,-456.87117411213967,4.0,4.0
220.54975220377708,-457.1172193937864,4.0,4.0
220.29424945342737,-457.6092490658205,4.0,4.0
220.03879255372053,-458.10124830213897,4.0,4.0
219.91107174542398,-458.3472326978516,4.0,4.0
219.78330509365128,-458.5931561994856,4.0,4.0
219.52931519550165,-459.0859166198193,4.0,4.0
219.278014796305,-459.5799862718584,4.0,4.0
219.1526167374406,-459.82712766458417,4.0,4.0
219.0275090222671,-460.0744212919391,4.0,4.0
218.77799652762383,-460.56934346416193,4.0,4.0
218.5290035921753,-461.0645701003774,4.0,4.0
218.28025515666326,-461.55997941959237,4.0,4.0
218.03158312779757,-462.0553887362938,4.0,4.0
217.78294166159657,-462.55082849944523,4.0,4.0
217.53430019527795,-463.04623781507075,4.0,4.0
217.28562816736735,-463.5416471301207,4.0,4.0
217.03686445105112,-464.03702599199016,4.0,4.0
216.78808545221494,-464.5324657467087,4.0,4.0
216.53921476540953,-465.0278750499747,4.0,4.0
216.41473357864228,-465.2755949260006,4.0,4.0
216.29025239232095,-465.52331480044626,4.0,4.0
216.04125945856256,-466.01860231895955,4.0,4.0
215.79214427717957,-466.51398118116776,4.0,4.0
215.6675866887652,-466.76160972255,4.0,4.0
215.2954573360969,-467.5053478830599,4.0,4.0
215.05059035311896,-468.00258405145166,4.0,4.0
214.92837079955254,-468.2513391493278,4.0,4.0
214.80647215226142,-468.50021603702567,4.0,4.0
214.5634847619174,-468.9983656205319,4.0,4.0
214.32095580545476,-469.49678922048304,4.0,4.0
214.19980593560737,-469.7460923612298,4.0,4.0
214.07867134643743,-469.9953650517145,4.0,4.0
213.8364785739799,-470.4938799822462,4.0,4.0
213.59428580228862,-470.99245580873185,4.0,4.0
213.35209303189075,-471.49103163523324,4.0,4.0
213.10985442123854,-471.9896379172219,4.0,4.0
212.8675699722668,-472.4882137609091,4.0,4.0
212.62527024644504,-472.9867591643537,4.0,4.0
212.3829246787435,-473.4853350182544,4.0,4.0
212.1405027060453,-473.9838195323846,4.0,4.0
211.89808073350483,-474.48236493930006,4.0,4.0
211.65550594658984,-474.98078855169257,4.0,4.0
211.4129158776842,-475.4791817118031,4.0,4.0
211.17020355859557,-475.9773921866056,4.0,4.0
210.9274301150798,-476.47563310733346,4.0,4.0
210.80603575270226,-476.72475356628644,4.0,4.0
210.68467195281522,-476.97390447442405,4.0,4.0
210.44180682286927,-477.4721149456981,4.0,4.0
210.19889585014178,-477.97029497159355,4.0,4.0
210.07745564489954,-478.21944587927214,4.0,4.0
209.955984877171,-478.4685663386558,4.0,4.0
209.71304333992396,-478.96680725119876,4.0,4.0
209.46999483359187,-479.46498726676145,4.0,4.0
209.3483712526916,-479.714107724152,4.0,4.0
209.2267782338221,-479.96319772901506,4.0,4.0
208.9835769107707,-480.4612863913321,4.0,4.0
208.7401922146122,-480.95928371015617,4.0,4.0
208.49680752142922,-481.45722014300287,4.0,4.0
208.25337698604613,-481.9551565757166,4.0,4.0
208.0098700441862,-482.4530321117768,4.0,4.0
207.76639366405277,-482.95090764318456,4.0,4.0
207.52277974974533,-483.44872227334986,4.0,4.0
207.27911998674716,-483.9466586787928,4.0,4.0
207.03538381498194,-484.4445341825177,4.0,4.0
206.791525393338,-484.942470579139,4.0,4.0
206.54760584784427,-485.4404983174362,4.0,4.0
206.30365574398533,-485.9383433807817,4.0,4.0
206.05972092797404,-486.4361884568259,4.0,4.0
205.9377000378164,-486.68500443420294,4.0,4.0
205.81570971135616,-486.93382041359763,4.0,4.0
205.5717137791789,-487.43145237768454,4.0,4.0
205.32756503711104,-487.92911479168106,4.0,4.0
205.20549830747362,-488.1779003286962,4.0,4.0
205.08343157797074,-488.4267467612088,4.0,4.0
204.83916058754082,-488.92437872749747,4.0,4.0
204.59487431789518,-489.42204114656306,4.0,4.0
204.47267005884453,-489.67085713283745,4.0,4.0
204.35041995647524,-489.9195817798102,4.0,4.0
204.1059350341941,-490.4170919634259,4.0,4.0
203.86135842461783,-490.91444991421935,4.0,4.0
203.61673597175465,-491.41168607396526,4.0,4.0
203.37208295669512,-491.9089831250298,4.0,4.0
203.12730768977838,-492.40628017249855,4.0,4.0
202.88254770230432,-492.9035772133017,4.0,4.0
202.63766546385364,-493.40087424967714,4.0,4.0
202.3927068201257,-493.8982017334067,4.0,4.0
202.1476870495741,-494.395590107297,4.0,4.0
201.9025908751957,-494.89285669574645,4.0,4.0
201.6574030173486,-495.3900319506903,4.0,4.0
201.41219988072538,-495.88720720750246,4.0,4.0
201.1669661827175,-496.3842911266187,4.0,4.0
201.04433405277445,-496.6327417438051,4.0,4.0
200.92165607901785,-496.8812228073603,4.0,4.0
200.67628485007614,-497.3782153791458,4.0,4.0
200.43085249437468,-497.87520794924586,4.0,4.0
200.3080981129911,-498.1236890049905,4.0,4.0
200.18532845024214,-498.3721700619641,4.0,4.0
199.93972800010565,-498.8691930707182,4.0,4.0
199.69406642661306,-499.36621608540685,4.0,4.0
199.5712203593136,-499.6147884877282,4.0,4.0
199.44831316778613,-499.86329999520376,4.0,4.0
199.202575194948,-500.36041436357505,4.0,4.0
198.95674554107867,-500.85725471905516,4.0,4.0
198.83382307545963,-501.10567490331573,4.0,4.0
198.71082420488258,-501.35400374678227,4.0,4.0
198.46490287063193,-501.85078322158597,4.0,4.0
198.21902737871062,-502.3473800110049,4.0,4.0
197.97304492027968,-502.84394635450496,4.0,4.0
197.72706245441233,-503.3404822300836,4.0,4.0
197.48101885514367,-503.83710942689936,4.0,4.0
197.2348377203117,-504.33373660896564,4.0,4.0
196.98859545822629,-504.83045512718047,4.0,4.0
196.7422920703939,-505.3272040893363,4.0,4.0
196.49589699713658,-505.82389215735594,4.0,4.0
196.24950192615952,-506.3205193381957,4.0,4.0
196.12628910996057,-506.5688177050778,4.0,4.0
196.00306101283047,-506.81708562443384,4.0,4.0
195.75658953720327,-507.31349967370204,4.0,4.0
195.51001109347942,-507.8098223800115,4.0,4.0
195.38670659051226,-508.05799895721714,4.0,4.0
195.2634173676076,-508.30617553078775,4.0,4.0
195.016701389568,-508.80258956747025,4.0,4.0
194.7698937236293,-509.29894270747536,4.0,4.0
194.64649753115822,-509.54711927703556,4.0,4.0
194.52308605705787,-509.79529584351536,4.0,4.0
194.27620198409608,-510.2916489780498,4.0,4.0
194.02924150519837,-510.7880021113412,4.0,4.0
193.78225046169308,-511.28426389581125,4.0,4.0
193.53513716864921,-511.7804952311875,4.0,4.0
193.287932189075,-512.2765438820826,4.0,4.0
193.04069664818581,-512.7726534306728,4.0,4.0
192.7933999829127,-513.268702085019,4.0,4.0
192.54605747450745,-513.7647507386671,4.0,4.0
192.2986844058964,-514.2607993964831,4.0,4.0
192.05125021167441,-514.7568480509627,4.0,4.0
191.803724329711,-515.2528967026383,4.0,4.0
191.55615260528918,-515.749006252434,4.0,4.0
191.30847391394911,-516.2450549086121,4.0,4.0
191.18461928780061,-516.4930183440739,4.0,4.0
191.0607341002699,-516.7410426770091,4.0,4.0
190.81300957402001,-517.2369086692422,4.0,4.0
190.5651933653021,-517.7327137803679,4.0,4.0
190.44130818399324,-517.9806163366983,4.0,4.0
190.31739244016592,-518.2284579996983,4.0,4.0
190.06946926556384,-518.7241413256352,4.0,4.0
189.82153081015838,-519.2198246506949,4.0,4.0
189.69753865926572,-519.4676663095381,4.0,4.0
189.57353122579008,-519.7155688578443,4.0,4.0
189.32539410661798,-520.2112521599047,4.0,4.0
189.0772417051779,-520.7069963514637,4.0,4.0
188.95312730130237,-520.9548988944289,4.0,4.0
188.82899761626348,-521.2028014362054,4.0,4.0
188.58069240278144,-521.6983629409024,4.0,4.0
188.33235662756178,-522.1939853410267,4.0,4.0
188.08397501083599,-522.6896077466672,4.0,4.0
187.83551699005017,-523.1851692599148,4.0,4.0
187.58704368946752,-523.6806089884113,4.0,4.0
187.33847870224332,-524.1760487153757,4.0,4.0
187.08986787156155,-524.6714884431965,4.0,4.0
186.84122647847397,-525.1668672739688,4.0,4.0
186.59247811567332,-525.6623069964556,4.0,4.0
186.34369918932683,-526.157746711515,4.0,4.0
186.2192791634641,-526.4054056741207,4.0,4.0
186.09481329393697,-526.6531255325166,4.0,4.0
185.8458815554345,-527.1485043515918,4.0,4.0
185.59688869307502,-527.6438222775989,4.0,4.0
185.47237698113702,-527.8914812424125,4.0,4.0
185.3478041450122,-528.1391402075526,4.0,4.0
185.0987043197048,-528.6343972517618,4.0,4.0
184.84958921602293,-529.1295325148733,4.0,4.0
184.72498582104458,-529.377130595169,4.0,4.0
184.60036714515712,-529.6246677799196,4.0,4.0
184.35114507522087,-530.1198030450057,4.0,4.0
184.10184659944247,-530.6148774167732,4.0,4.0
183.97715151757646,-530.8624754959218,4.0,4.0
183.85245643549774,-531.1100126789823,4.0,4.0
183.60305098953697,-531.6051479370725,4.0,4.0
183.35353857418013,-532.1001005070775,4.0,4.0
183.1040261579404,-532.5950530736143,4.0,4.0
182.85440677238643,-533.0900056367761,4.0,4.0
182.60474154156228,-533.5848364041434,4.0,4.0
182.3550151837108,-534.0796671639076,4.0,4.0
182.1051971372915,-534.5744979181588,4.0,4.0
181.98024227011817,-534.8219132926149,4.0,4.0
181.85533324646872,-535.0692677753896,4.0,4.0
181.60542351041417,-535.5640376254552,4.0,4.0
181.35542208513976,-536.0587465732793,4.0,4.0
181.23043665351227,-536.3061010471324,4.0,4.0
181.10546650221087,-536.5534555161857,4.0,4.0
180.85531225745814,-537.0481035460037,4.0,4.0
180.60515800880341,-537.542751561361,4.0,4.0
180.48005032124314,-537.7901060135005,4.0,4.0
180.3549120707844,-538.0373995696619,4.0,4.0
180.10457444435863,-538.5321084687355,4.0,4.0
179.85423681776172,-539.0266346796221,4.0,4.0
179.72900687993368,-539.2739282335192,4.0,4.0
179.60376166105073,-539.5211608917044,4.0,4.0
179.35325594264003,-540.0156262098001,4.0,4.0
179.10275022497706,-540.5101524243314,4.0,4.0
178.85209169652052,-541.0046786414717,4.0,4.0
178.601387326375,-541.4992657566755,4.0,4.0
178.35066767764837,-541.9937310879709,4.0,4.0
178.09991747130437,-542.4881355387583,4.0,4.0
177.8490755818127,-542.9825400007281,4.0,4.0
177.59834066188446,-543.476822674081,4.0,4.0
177.34746821098057,-543.9709226609775,4.0,4.0
177.09650407166282,-544.465022643427,4.0,4.0
176.84555520692587,-544.9591835006725,4.0,4.0
176.59434655641468,-545.4532834429953,4.0,4.0
176.34307677817432,-545.9475051664372,4.0,4.0
176.09180699793723,-546.4416659869532,4.0,4.0
175.8405219342656,-546.9355832188514,4.0,4.0
175.5890993384811,-547.4295613433619,4.0,4.0
175.4633956804118,-547.6764895043268,4.0,4.0
175.33769202098676,-547.923539451718,4.0,4.0
175.08620829314398,-548.4175175486538,4.0,4.0
174.83464815664806,-548.9114956344171,4.0,4.0
174.70886808786824,-549.1584237798581,4.0,4.0
174.5830268939558,-549.4053519242938,4.0,4.0
174.33131394291325,-549.8992082091424,4.0,4.0
174.07958571026444,-550.3930644911295,4.0,4.0
173.95368339065263,-550.6399926291334,4.0,4.0
173.82773522718188,-550.8869207672973,4.0,4.0
173.57583889956283,-551.3808379361931,4.0,4.0
173.32392729027686,-551.874572414619,4.0,4.0
173.07190871180077,-552.368245996402,4.0,4.0
172.81985957101747,-552.8619804688656,4.0,4.0
172.5677493036631,-553.3556540390443,4.0,4.0
172.31556262958173,-553.8493885037943,4.0,4.0
172.06334539343524,-554.3429402784118,4.0,4.0
171.8111281563409,-554.8364920497941,4.0,4.0
171.55884979075404,-555.3299220161373,4.0,4.0
171.30658670501916,-555.8232301866975,4.0,4.0
171.05420135922807,-556.3165992152663,4.0,4.0
170.80172431513034,-556.8100899967405,4.0,4.0
170.54907917253288,-557.3035198653994,4.0,4.0
170.42277952190636,-557.5502652418392,4.0,4.0
170.29651043301948,-557.7970106156591,4.0,4.0
170.0438041603287,-558.2904404588767,4.0,4.0
169.79103676686736,-558.7836876298014,4.0,4.0
169.66469127288764,-559.0303721080227,4.0,4.0
169.53836105973542,-559.277117478089,4.0,4.0
169.28554782013384,-559.770364635662,4.0,4.0
169.03273457888739,-560.263550889044,4.0,4.0
168.7798143662777,-560.7566762357898,4.0,4.0
168.52695527600974,-561.249740674709,4.0,4.0
168.27392808514486,-561.7427441931783,4.0,4.0
168.02080919791865,-562.2358694673766,4.0,4.0
167.7676903053832,-562.7288729301963,4.0,4.0
167.51440331676585,-563.2219981717384,4.0,4.0
167.2610704845703,-563.7151234111085,4.0,4.0
167.00766124567144,-564.2081268552296,4.0,4.0
166.7542061673095,-564.7011912044505,4.0,4.0
166.50064412421042,-565.1941337726663,4.0,4.0
166.24712792634162,-565.6871372378127,4.0,4.0
166.1203087047014,-565.9335780815659,4.0,4.0
165.99345892245717,-566.1801407215385,4.0,4.0
165.73968295603876,-566.6732660117444,4.0,4.0
165.48583058647097,-567.1663304160626,4.0,4.0
165.35890440939502,-567.4127712988904,4.0,4.0
165.2319629556308,-567.6592730946403,4.0,4.0
164.97814118362618,-568.1519722421425,4.0,4.0
164.72428885834083,-568.6447323163362,4.0,4.0
164.59739325995974,-568.8909905669157,4.0,4.0
164.47049766230234,-569.1373097156195,4.0,4.0
164.216660625551,-569.6298262276356,4.0,4.0
163.9627471810997,-570.1223427340481,4.0,4.0
163.7088031708108,-570.6149810136652,4.0,4.0
163.45470634665946,-571.1075583924692,4.0,4.0
163.20062480143972,-571.6001357562151,4.0,4.0
162.9465126907816,-572.0926522170373,4.0,4.0
162.69233945517735,-572.5851077772426,4.0,4.0
162.4380898064868,-573.0776242064071,4.0,4.0
162.1837179017764,-573.5699579247664,4.0,4.0
161.92928486849598,-574.062474313218,4.0,4.0
161.8020836314365,-574.3086716039004,4.0,4.0
161.67480598755554,-574.5548688947028,4.0,4.0
161.42025069924887,-575.0472634678185,4.0,4.0
161.1656495654191,-575.539718926334,4.0,4.0
161.03832607441186,-575.785916199377,4.0,4.0
160.91095673959802,-576.0321743654135,4.0,4.0
160.6561722262404,-576.5245689048876,4.0,4.0
160.40137243193118,-577.0169025488359,4.0,4.0
160.27392669125678,-577.2630998167294,4.0,4.0
160.14648095112108,-577.509236192036,4.0,4.0
159.891497784549,-578.0016307329142,4.0,4.0
159.63651461906616,-578.4940252733177,4.0,4.0
159.50897719375578,-578.7401616527748,4.0,4.0
159.38143976962553,-578.9862371389356,4.0,4.0
159.12633436124202,-579.478449015573,4.0,4.0
158.87101501887108,-579.9706000044008,4.0,4.0
158.61589433237077,-580.4626900945842,4.0,4.0
158.3606972402828,-580.9547192876288,4.0,4.0
158.10537789884572,-581.4466266927061,4.0,4.0
157.85011967509493,-581.9385340653073,4.0,4.0
157.5947850404461,-582.4305023114462,4.0,4.0
157.33932815367334,-582.9224705466621,4.0,4.0
157.0837948600015,-583.4143778809739,4.0,4.0
156.82821572294696,-583.9062852118092,4.0,4.0
156.70040323322704,-584.152238878846,4.0,4.0
156.5725907441942,-584.3981925465313,4.0,4.0
156.3169046426878,-584.890038993962,4.0,4.0
156.06114213809974,-585.3817636560057,4.0,4.0
155.93323796519303,-585.6276564386234,4.0,4.0
155.8053032305062,-585.8736101180884,4.0,4.0
155.54941848161963,-586.3653956901076,4.0,4.0
155.29348789629987,-586.8571203921933,4.0,4.0
155.16553788719025,-587.1029523019687,4.0,4.0
155.03760316014012,-587.3488451102162,4.0,4.0
154.78167258307792,-587.8405089414466,4.0,4.0
154.52575728865526,-588.3321727744495,4.0,4.0
154.39779200115782,-588.5780046913676,4.0,4.0
154.26982671403397,-588.8238366088862,4.0,4.0
154.0138350147565,-589.315561334153,4.0,4.0
153.75781275117006,-589.8070424703184,4.0,4.0
153.5017140815812,-590.2986453936383,4.0,4.0
153.24556956817736,-590.790126522422,4.0,4.0
152.98939449099578,-591.2816076452945,4.0,4.0
152.73314300777133,-591.773149657826,4.0,4.0
152.47681511551917,-592.2646916570095,4.0,4.0
152.2203802514325,-592.756111852523,4.0,4.0
151.96386898127238,-593.2474102532393,4.0,4.0
151.7073882724718,-593.7388304358551,4.0,4.0
151.4507853136106,-594.2302506145672,4.0,4.0
151.19406010607509,-594.7216098977021,4.0,4.0
150.9373348948416,-595.2129691656478,4.0,4.0
150.8088958835575,-595.4586183515466,4.0,4.0
150.6804263106796,-595.7042675406701,4.0,4.0
150.4234718859452,-596.1955050299246,4.0,4.0
150.16648690207444,-596.6868643198461,4.0,4.0
150.0379409270473,-596.9325135202134,4.0,4.0
149.9093796714639,-597.1781627226462,4.0,4.0
149.65225716309385,-597.6694002416252,4.0,4.0
149.39508881691873,-598.1605768854095,4.0,4.0
149.26648172411996,-598.4061652155303,4.0,4.0
149.13787463243796,-598.6516926548295,4.0,4.0
148.8806910129933,-599.1427475330504,4.0,4.0
148.62350739340738,-599.6336806207945,4.0,4.0
148.36612512054728,-600.1244919242249,4.0,4.0
148.10869699984224,-600.6155467868462,4.0,4.0
147.85110078364784,-601.1064189577655,4.0,4.0
147.5934128854418,-601.5972302498346,4.0,4.0
147.33544993077737,-602.0879806699804,4.0,4.0
147.07768563345343,-602.5788528798176,4.0,4.0
146.8200894294718,-603.0695424005986,4.0,4.0
146.5622945738753,-603.55992746177,4.0,4.0
146.3047136463609,-604.0506169569737,4.0,4.0
146.04701046018363,-604.5413673068801,4.0,4.0
145.78895580474932,-605.0321785447591,4.0,4.0
145.66001252284335,-605.2776450507874,4.0,4.0
145.53105395888352,-605.5231115548726,4.0,4.0
145.27313683702528,-606.0139227942889,4.0,4.0
145.0151586006874,-606.5044296015387,4.0,4.0
144.8862458875891,-606.7497134461023,4.0,4.0
144.75731789244728,-606.9950581816707,4.0,4.0
144.4993854943953,-607.4856867462765,4.0,4.0
144.24134612645602,-607.9763153041531,4.0,4.0
144.1123111610275,-608.2215991307418,4.0,4.0
143.98324563300625,-608.4669438548801,4.0,4.0
143.7250687341393,-608.9575115102766,4.0,4.0
143.46686127343202,-609.4480791657832,4.0,4.0
143.20857740697602,-609.9386468196133,4.0,4.0
142.95020185377888,-610.4290926829776,4.0,4.0
142.69341554921184,-610.9203910618737,4.0,4.0
142.4393034619716,-611.4130291163178,4.0,4.0
142.18597071743642,-611.9060325301909,4.0,4.0
141.9337076558064,-612.3995839722774,4.0,4.0
141.68200999584656,-612.8934398649039,4.0,4.0
141.43066380026312,-613.3873566306174,4.0,4.0
141.17928704152786,-613.8812733877397,4.0,4.0
140.92787971631017,-614.375372805324,4.0,4.0
140.6764265434028,-614.869472203804,4.0,4.0
140.55066175498024,-615.1165219070018,4.0,4.0
140.42486640488644,-615.3635716105944,4.0,4.0
140.1732757057236,-615.8575492325429,4.0,4.0
139.92171557010428,-616.3514050624963,4.0,4.0
139.7958743777516,-616.5983329794474,4.0,4.0
139.670048467018,-616.8452000017509,4.0,4.0
139.41835079929928,-617.3390558221924,4.0,4.0
139.1665767245466,-617.8329116318665,4.0,4.0
138.9147262443685,-618.3268283367547,4.0,4.0
138.66282992174916,-618.8206841457953,4.0,4.0
138.41088775687766,-619.3144181698137,4.0,4.0
138.28487847179426,-619.5613460772263,4.0,4.0
138.1588691873053,-619.8082130904306,4.0,4.0
137.90680477671864,-620.301947123578,4.0,4.0
137.65470980630712,-620.7954984811894,4.0,4.0
137.40253843242448,-621.2891107412291,4.0,4.0
137.1502142505738,-621.782783912211,4.0,4.0
136.89792063418028,-622.2765179856444,4.0,4.0
136.64556589960114,-622.77019119305,4.0,4.0
136.39322645526818,-623.2638035422026,4.0,4.0
136.14087173377357,-623.7573550114043,4.0,4.0
135.8884406086229,-624.2507238028434,4.0,4.0
135.63597892144338,-624.744031697774,4.0,4.0
135.50978628070123,-624.9906551953677,4.0,4.0
135.3835477961207,-625.2373395881946,4.0,4.0
135.13102498145085,-625.7305865686442,4.0,4.0
134.87848688103875,-626.223894420287,4.0,4.0
134.75218726664608,-626.4705178884244,4.0,4.0
134.62585708894417,-626.7172631427859,4.0,4.0
134.37316616996463,-627.2105709575661,4.0,4.0
134.12033771975257,-627.7038787667962,4.0,4.0
133.99388529178466,-627.9505022244784,4.0,4.0
133.86741758311916,-628.1971865773344,4.0,4.0
133.61446688749035,-628.6905552960188,4.0,4.0
133.3614397899829,-629.1838631352425,4.0,4.0
133.1084126947211,-629.6771100866674,4.0,4.0
132.85547728520592,-630.1701134465966,4.0,4.0
132.6023737828834,-630.6629950172808,4.0,4.0
132.3491633050834,-631.1559983383348,4.0,4.0
132.09586113175618,-631.6491843046088,4.0,4.0
131.84237558337685,-632.1422484753838,4.0,4.0
131.58885947348696,-632.6352517505676,4.0,4.0
131.3352975210592,-633.1282550276323,4.0,4.0
131.08167444519847,-633.6212583040488,4.0,4.0
130.82800552866328,-634.1142615941693,4.0,4.0
130.574306052571,-634.6072040009326,4.0,4.0
130.44744103410025,-634.8536447570705,4.0,4.0
130.32056073489014,-635.1001464106241,4.0,4.0
130.06680013792885,-635.5930279310508,4.0,4.0
129.81293257471756,-636.0859094601037,4.0,4.0
129.6859605907466,-636.3323502262083,4.0,4.0
129.5589886074743,-636.5787909937519,4.0,4.0
129.30502936240558,-637.0714898581217,4.0,4.0
129.05097843429058,-637.5641887392725,4.0,4.0
128.92393004982006,-637.8105077375957,4.0,4.0
128.7968816669518,-638.0568876376544,4.0,4.0
128.54264737457592,-638.54976924834,4.0,4.0
128.28833668108274,-639.0427726694757,4.0,4.0
128.16116605664135,-639.2892135008046,4.0,4.0
128.03400307672013,-639.5355325625983,4.0,4.0
127.77966184543888,-640.0281707317861,4.0,4.0
127.52532826414202,-640.5207480490637,4.0,4.0
127.27089536188427,-641.0131427157786,4.0,4.0
127.01643190200846,-641.5055982992931,4.0,4.0
126.7619378828614,-641.9980538964437,4.0,4.0
126.50738274501612,-642.4904486290379,4.0,4.0
126.25281232965341,-642.9827824826575,4.0,4.0
125.99818843147698,-643.4750554472771,4.0,4.0
125.74359509429938,-643.9672675057591,4.0,4.0
125.48889478727227,-644.4594186618706,4.0,4.0
125.36150261005264,-644.7054942385573,4.0,4.0
125.23409514906973,-644.9516306967614,4.0,4.0
124.97921145661356,-645.4437817926839,4.0,4.0
124.72420551122653,-645.9359328725321,4.0,4.0
124.59666815513559,-646.1820084086794,4.0,4.0
124.46910023652265,-646.4280839432674,4.0,4.0
124.21392619617987,-646.9202959038552,4.0,4.0
123.95866810914421,-647.4125078640515,4.0,4.0
123.83101614437908,-647.6586442944326,4.0,4.0
123.70335653984174,-647.9047198321905,4.0,4.0
123.44799148891525,-648.3969318101799,4.0,4.0
123.19258823653311,-648.8890829018974,4.0,4.0
122.93714678224856,-649.3812339962255,4.0,4.0
122.68161364176946,-649.8732633041325,4.0,4.0
122.42599645555943,-650.3653535106791,4.0,4.0
122.17035634847937,-650.8574437192015,4.0,4.0
121.91462455623736,-651.3494121488045,4.0,4.0
121.65884692223719,-651.8412587969741,4.0,4.0
121.4030463673017,-652.3331663408562,4.0,4.0
121.14717704750589,-652.825012993056,4.0,4.0
121.01921946600382,-653.0709058710763,4.0,4.0
120.89126952488932,-653.3167987482121,4.0,4.0
120.63529323627696,-653.8085236049081,4.0,4.0
120.37926346333688,-654.3001875637957,4.0,4.0
120.25121419462161,-654.5460804389697,4.0,4.0
120.12305795819657,-654.7919124251978,4.0,4.0
119.86676076823328,-655.2836373000142,4.0,4.0
119.61061638993324,-655.7754230628448,4.0,4.0
119.48251364092425,-656.021255063081,4.0,4.0
119.35438033176716,-656.267026179187,4.0,4.0
119.09822068196611,-656.7585075182033,4.0,4.0
118.84208395060725,-657.2501106223353,4.0,4.0
118.71391243709378,-657.496064413497,4.0,4.0
118.58568743995497,-657.7419573135418,4.0,4.0
118.32924508756643,-658.2338649116098,4.0,4.0
118.07272633243076,-658.7256507347598,4.0,4.0
117.8161999507444,-659.2173757399763,4.0,4.0
117.55976526346603,-659.708857203301,4.0,4.0
117.3032465335269,-660.2002168988407,4.0,4.0
117.04659027550773,-660.69157661225,4.0,4.0
116.79004098653262,-661.1829363251497,4.0,4.0
116.533407652335,-661.6742351520861,4.0,4.0
116.2767361159194,-662.1654121914898,4.0,4.0
116.02007985724903,-662.6568327892625,4.0,4.0
115.76332426743483,-663.148009788827,4.0,4.0
115.50651519083299,-663.639004090764,4.0,4.0
115.24961442518382,-664.1299983790243,4.0,4.0
115.12112201768832,-664.3755259632126,4.0,4.0
114.99261432800702,-664.6210535436251,4.0,4.0
114.73404790109069,-665.1113170613751,4.0,4.0
114.47274612977888,-665.5999973098965,4.0,4.0
114.34179343861562,-665.8443069808864,4.0,4.0
114.21051984090275,-666.0884339658796,4.0,4.0
113.94703284902391,-666.5762007763353,4.0,4.0
113.68286584165054,-667.0636022191114,4.0,4.0
113.55064480562199,-667.3073029322942,4.0,4.0
113.41832444112356,-667.5510645379059,4.0,4.0
113.15347741753317,-668.0380397072556,4.0,4.0
112.88854634831401,-668.5251366718122,4.0,4.0
112.62359235753758,-669.0122336358957,4.0,4.0
112.35843207171469,-669.4992088192757,4.0,4.0
112.09323358263629,-669.9862448952642,4.0,4.0
111.82793576542745,-670.4731591771542,4.0,4.0
111.56250042099609,-670.9599516940366,4.0,4.0
111.29700395538089,-671.4466833376669,4.0,4.0
111.03146928970355,-671.9335367870817,4.0,4.0
110.76591934439088,-672.4203293478367,4.0,4.0
110.63314055339876,-672.663725640278,4.0,4.0
110.50033884210609,-672.9070610478528,4.0,4.0
110.23478890486865,-673.3937927598686,4.0,4.0
109.96919312458141,-673.8804635825934,4.0,4.0
109.83634557129272,-674.1237989971136,4.0,4.0
109.7034521748806,-674.3671953107969,4.0,4.0
109.43768066420319,-674.8539270503918,4.0,4.0
109.17186331198633,-675.3404761165231,4.0,4.0
109.03893935735589,-675.5836288767697,4.0,4.0
108.90602304457666,-675.8268425379465,4.0,4.0
108.64019806098119,-676.3132698709528,4.0,4.0
108.37428903209255,-676.7996363176285,4.0,4.0
108.24129631534547,-677.0429108871352,4.0,4.0
108.10828831767715,-677.2861245638251,4.0,4.0
107.84223411982774,-677.7726737128675,4.0,4.0
107.5761187993165,-678.2591010844476,4.0,4.0
107.30998056035604,-678.7454675832829,4.0,4.0
107.04380411937062,-679.2316514023577,4.0,4.0
106.77758947563572,-679.7177743306404,4.0,4.0
106.511267863776,-680.2038972633061,4.0,4.0
106.24483164347143,-680.6900810949055,4.0,4.0
105.97836486081692,-681.1761431367643,4.0,4.0
105.71177583028317,-681.6622660869164,4.0,4.0
105.44513331715766,-682.1484499453311,4.0,4.0
105.31177385791969,-682.3914809818033,4.0,4.0
105.17841439876969,-682.6345120196463,4.0,4.0
104.91169548026939,-683.1205740920514,4.0,4.0
104.64491543657492,-683.6065752683701,4.0,4.0
104.51149485202718,-683.8496063023983,4.0,4.0
104.3780666263519,-684.0925155439357,4.0,4.0
104.11116432986469,-684.5785775965298,4.0,4.0
103.84417798529765,-685.064578745939,4.0,4.0
103.71064278947173,-685.3074879774845,4.0,4.0
103.57709231229545,-685.5503972081156,4.0,4.0
103.30996079524729,-686.0361547741082,4.0,4.0
103.04276815364932,-686.5220341326166,4.0,4.0
102.90914891144556,-686.7648824721391,4.0,4.0
102.77551438814952,-687.0077917078888,4.0,4.0
102.50822241987824,-687.4935492846218,4.0,4.0
102.24084640620478,-687.9794286613842,4.0,4.0
101.9733405038612,-688.4653689455688,4.0,4.0
101.70577347837475,-688.9511874523967,4.0,4.0
101.43816825529983,-689.4367624194662,4.0,4.0
101.17054011552636,-689.9222765259885,4.0,4.0
100.90288905703076,-690.407851549075,4.0,4.0
100.63519215691719,-690.8933656939205,4.0,4.0
100.36740357076503,-691.3787580585172,4.0,4.0
100.0995920635654,-691.8643331157075,4.0,4.0
99.83170415138673,-692.3497254958905,4.0,4.0
99.56376275587968,-692.8348743090028,4.0,4.0
99.29577551725451,-693.3200840180846,4.0,4.0
99.16176661636891,-693.5626888728925,4.0,4.0
99.02772715326842,-693.8052328328318,4.0,4.0
98.75957182076111,-694.2903816495732,4.0,4.0
98.49138592482241,-694.7755913556392,4.0,4.0
98.35723949206029,-695.0181353126181,4.0,4.0
98.22307777822515,-695.2606792698211,4.0,4.0
97.95467030375234,-695.7458889749843,4.0,4.0
97.68626282864115,-696.2310377810584,4.0,4.0
97.55201706751174,-696.4735817367805,4.0,4.0
97.41775602508477,-696.7161865859799,4.0,4.0
97.1491728148831,-697.2009700210447,4.0,4.0
96.88052847765813,-697.6858143366292,4.0,4.0
96.61175424952829,-698.1707195470295,4.0,4.0
96.34291125597866,-698.655502968726,4.0,4.0
96.07396129447191,-699.1404081867217,4.0,4.0
95.80502661419868,-699.6253134078006,4.0,4.0
95.53600788823914,-700.1101577418927,4.0,4.0
95.26695096123116,-700.5949411956085,4.0,4.0
94.99788639340784,-701.0797855463652,4.0,4.0
94.72873013811002,-701.5645081087528,4.0,4.0
94.45951275762604,-702.0490479846688,4.0,4.0
94.19024189237656,-702.5335269663336,4.0,4.0
93.92090226136877,-703.0180668425342,4.0,4.0
93.7861827815362,-703.2603063313842,4.0,4.0
93.65147858275654,-703.5025458191521,4.0,4.0
93.38198613795984,-703.9870856857669,4.0,4.0
93.11240964635387,-704.471625555118,4.0,4.0
92.97759847878731,-704.7139259396517,4.0,4.0
92.84276438958355,-704.9562263236941,4.0,4.0
92.57305036761284,-705.4408270959,4.0,4.0
92.30329814480751,-705.9251843097375,4.0,4.0
92.03349243912005,-706.4094806398703,4.0,4.0
91.7636714528538,-706.8936551887712,4.0,4.0
91.49375113920196,-707.3779515316312,4.0,4.0
91.22377734123006,-707.8621260894733,4.0,4.0
90.95372713651966,-708.3463006428741,4.0,4.0
90.68360816702781,-708.8305361011128,4.0,4.0
90.4134586350602,-709.3146497703301,4.0,4.0
90.14327854075385,-709.7985807591822,4.0,4.0
89.87295327455433,-710.2824508524377,4.0,4.0
89.60258980390832,-710.7664427269532,4.0,4.0
89.33210408333362,-711.2503128156975,4.0,4.0
89.06150375258416,-711.7341828979906,4.0,4.0
88.79084229612617,-712.2181138724914,4.0,4.0
88.52010443335242,-712.7020448460723,4.0,4.0
88.38471258016877,-712.9439798875139,4.0,4.0
88.24929780516949,-713.1860367194556,4.0,4.0
87.97843005217166,-713.6699068052314,4.0,4.0
87.70750881626901,-714.1534724291469,4.0,4.0
87.57203291759159,-714.3953465913244,4.0,4.0
87.43654937857734,-714.6370989641873,4.0,4.0
87.16549825514062,-715.1207864080462,4.0,4.0
86.89434780628542,-715.6045956665164,4.0,4.0
86.75874202011694,-715.8464698538544,4.0,4.0
86.6230903909346,-716.088404944884,4.0,4.0
86.35181769964403,-716.5722142695843,4.0,4.0
86.08056029663446,-717.0559018672909,4.0,4.0
85.80927233530417,-717.5392850289002,4.0,4.0
85.5379385327505,-718.0226073196216,4.0,4.0
85.26653596609754,-718.5059296270533,4.0,4.0
84.99507991588573,-718.9893128388446,4.0,4.0
84.72355510114164,-719.472574275708,4.0,4.0
84.45197680249333,-719.9558966160632,4.0,4.0
84.18027625409184,-720.439158068185,4.0,4.0
83.90852986255157,-720.9224804230242,4.0,4.0
83.77262610456414,-721.164111155466,4.0,4.0
83.63669942468977,-721.4058027885901,4.0,4.0
83.36476201937802,-721.8891860603021,4.0,4.0
83.0928398980148,-722.3722648887563,4.0,4.0
82.95686737730412,-722.6138347601595,4.0,4.0
82.82087957575855,-722.8552828468125,4.0,4.0
82.54880464532647,-723.3382399257241,4.0,4.0
82.27672207529825,-723.8211970180287,4.0,4.0
82.140650228188,-724.062766911604,4.0,4.0
82.00456310007577,-724.304275913627,4.0,4.0
81.73222075017514,-724.7873548185553,4.0,4.0
81.45996245006415,-725.270372859264,4.0,4.0
81.32382183996886,-725.5118209951962,4.0,4.0
81.18767358966137,-725.7533909249629,4.0,4.0
80.91536180713464,-726.2359218365912,4.0,4.0
80.64301182026473,-726.7184527435361,4.0,4.0
80.37060834723903,-727.2009227437944,4.0,4.0
80.09805969667858,-727.6833926999165,4.0,4.0
79.8254040730256,-728.1660453042487,4.0,4.0
79.55266439984574,-728.6487587858405,4.0,4.0
79.27984831928163,-729.1314722604053,4.0,4.0
79.00687942464978,-729.6141248309438,4.0,4.0
78.73395637453497,-730.0968383090867,4.0,4.0
78.46093399665408,-730.5794300051991,4.0,4.0
78.18778172618018,-731.0620825823429,4.0,4.0
77.91454540772457,-731.5444306805118,4.0,4.0
77.64124032339124,-732.0268396747924,4.0,4.0
77.50455721878708,-732.268044174612,4.0,4.0
77.36785883274763,-732.5093095704998,4.0,4.0
77.09440857784747,-732.9917185878121,4.0,4.0
76.82095068429527,-733.4741276301068,4.0,4.0
76.68393139451733,-733.7150276855323,4.0,4.0
76.54594938654932,-733.955379694788,4.0,4.0
76.26828151173076,-734.4348658295426,4.0,4.0
75.98965855899968,-734.9141083895836,4.0,4.0
75.84990392665323,-735.153364306557,4.0,4.0
75.70991243510551,-735.3925593322767,4.0,4.0
75.42951685796189,-735.8709493841509,4.0,4.0
75.14877745294058,-736.3489131814745,4.0,4.0
74.86781646999854,-736.8266334078702,4.0,4.0
74.58669503467253,-737.304353649363,4.0,4.0
74.30543606850696,-737.7821347933989,4.0,4.0
74.02413126003606,-738.2599768538403,4.0,4.0
73.74278061037009,-738.7377580535493,4.0,4.0
73.46136883674998,-739.2154174804226,4.0,4.0
73.17991886130574,-739.6931987164935,4.0,4.0
72.89829315280825,-740.1710408702305,4.0,4.0
72.61657575723395,-740.6485785615382,4.0,4.0
72.3348812870961,-741.1261771909288,4.0,4.0
72.05306456927553,-741.6034104860286,4.0,4.0
71.91211800756867,-741.8419357965759,4.0,4.0
71.77116380533931,-742.0804611106071,4.0,4.0
71.48929360512957,-742.5578771269716,4.0,4.0
71.20709485823679,-743.0350495746915,4.0,4.0
71.06598020324553,-743.273635798502,4.0,4.0
70.92491903373248,-743.5121611403658,4.0,4.0
70.64280433758981,-743.9892727562487,4.0,4.0
70.36037637415173,-744.466323464703,4.0,4.0
70.21913946980783,-744.704787920356,4.0,4.0
70.07791784611797,-744.9433741615026,4.0,4.0
69.79539819103654,-745.4204248459678,4.0,4.0
69.51275628395547,-745.8974755179976,4.0,4.0
69.23011437481314,-746.3744043896804,4.0,4.0
68.94731965058466,-746.8512723470253,4.0,4.0
68.6643797511718,-747.3278966964068,4.0,4.0
68.38132524051909,-747.8047037186998,4.0,4.0
68.0981714008235,-748.2815107413741,4.0,4.0
67.8149335138893,-748.7581350846826,4.0,4.0
67.53164214422819,-749.2346985592185,4.0,4.0
67.24832785443239,-749.7111402733708,4.0,4.0
67.10665542859252,-749.9493611386896,4.0,4.0
66.9649677219557,-750.1876429062925,4.0,4.0
66.68160759225117,-750.6645109468104,4.0,4.0
66.39790363541802,-751.1412572207462,4.0,4.0
66.25603255544755,-751.3795999129509,4.0,4.0
66.11423788378721,-751.6178817370533,4.0,4.0
65.83070202909896,-752.0940191792608,4.0,4.0
65.54689111181182,-752.5699739476441,4.0,4.0
65.40496655118008,-752.8078904387253,4.0,4.0
65.26303434942417,-753.0457460291212,4.0,4.0
64.97917758477726,-753.5214572006688,4.0,4.0
64.69525969298053,-753.9971074630807,4.0,4.0
64.55327400388379,-754.2349021418103,4.0,4.0
64.411273032293,-754.4726968062272,4.0,4.0
64.12716411703903,-754.9484078956976,4.0,4.0
63.84291766688838,-755.4241798475293,4.0,4.0
63.70075623760472,-755.662096262859,4.0,4.0
63.55861390927525,-755.8999517763912,4.0,4.0
63.27423756308677,-756.3757236860231,4.0,4.0
62.988306347471365,-756.8502776832959,4.0,4.0
62.69627409083277,-757.3203863532012,4.0,4.0
62.3968113220653,-757.7861105598973,4.0,4.0
62.09356261958314,-758.2499469894142,4.0,4.0
61.78697496222845,-758.712017465607,4.0,4.0
61.478328154994735,-759.1727482461729,4.0,4.0
61.16869952730655,-759.632748299852,4.0,4.0
60.858631565162106,-760.0925048008589,4.0,4.0
60.54815864853873,-760.5519568277138,4.0,4.0
60.39285915463827,-760.7815914948103,4.0,4.0
60.23750999668512,-761.0112870601235,4.0,4.0
59.92672763351885,-761.4708608801187,4.0,4.0
59.615796277442215,-761.9300084363811,4.0,4.0
59.46033250993793,-762.1595213290304,4.0,4.0
59.30487638336223,-762.3889733344176,4.0,4.0
58.99389154449782,-762.8481209347337,4.0,4.0
58.682788274830436,-763.3070249524196,4.0,4.0
58.52722517860086,-763.5365987492652,4.0,4.0
58.37168118381548,-763.7661116530476,4.0,4.0
58.060463302314254,-764.2251374510709,4.0,4.0
57.74919193503503,-764.6840414520743,4.0,4.0
57.437932027108864,-765.1428845507273,4.0,4.0
57.126488741280866,-765.6015449335706,4.0,4.0
56.816382561861175,-766.061118711898,4.0,4.0
56.508690817560215,-766.5222757285096,4.0,4.0
56.20188920516692,-766.9842243742726,4.0,4.0
55.89595098213762,-767.4467819621345,4.0,4.0
55.59047501529225,-767.9095831133524,4.0,4.0
55.285419284298136,-768.3726278767979,4.0,4.0
55.13292389233918,-768.6042111687811,4.0,4.0
54.98054693069861,-768.8358553664141,4.0,4.0
54.67549502453764,-769.299204688609,4.0,4.0
54.3702100787733,-769.7620668566221,4.0,4.0
54.2177223305754,-769.993467526264,4.0,4.0
54.065349193007776,-770.2248682183173,4.0,4.0
53.76011009676195,-770.6875478086041,4.0,4.0
53.45463031668197,-771.1500446681544,4.0,4.0
53.30187896485446,-771.3813844344697,4.0,4.0
53.14909322983263,-771.6128459857553,4.0,4.0
52.84339568819815,-772.0756472915944,4.0,4.0
52.537656122503144,-772.5384486014258,4.0,4.0
52.231928019299914,-773.0008845778444,4.0,4.0
51.926066204792264,-773.4632596666748,4.0,4.0
51.62013944444036,-773.9254520769387,4.0,4.0
51.46715887279183,-774.1566091830714,4.0,4.0
51.314117175981096,-774.3877053924747,4.0,4.0
51.00797647690842,-774.8498978116986,4.0,4.0
50.70185488002134,-775.3119684647235,4.0,4.0
50.395618673327576,-775.7740391270661,4.0,4.0
50.08926785561704,-776.2361097779557,4.0,4.0
49.782806247826045,-776.6982413232139,4.0,4.0
49.4762567721019,-777.1603119731138,4.0,4.0
49.16961942865542,-777.6225044205485,4.0,4.0
49.016287385940124,-777.8535397584347,4.0,4.0
48.86293624182362,-778.0846359950976,4.0,4.0
48.55622249260064,-778.5466457958878,4.0,4.0
48.249390313610704,-779.0084729275183,4.0,4.0
48.09595512219235,-779.2393255975137,4.0,4.0
47.94250846967565,-779.470178269522,4.0,4.0
47.63561134417682,-779.9318227283347,4.0,4.0
47.328584326947436,-780.3932236045987,4.0,4.0
47.175045985621324,-780.623954487382,4.0,4.0
47.0214961830138,-780.8546853653022,4.0,4.0
46.714289608185524,-781.3162689128958,4.0,4.0
46.40698752428915,-781.7777306621298,4.0,4.0
46.25332693103083,-782.0084006400523,4.0,4.0
46.09967779861563,-782.2391315130099,4.0,4.0
45.79228020550004,-782.7005932727395,4.0,4.0
45.484783282010355,-783.1619941150407,4.0,4.0
45.17719466979914,-783.6235167419063,4.0,4.0
44.869449423470115,-784.084734887758,4.0,4.0
44.56170799605364,-784.5458921328901,4.0,4.0
44.253928365813486,-785.0069885027815,4.0,4.0
43.945988280427024,-785.4679021694346,4.0,4.0
43.63800616988488,-785.92875492637,4.0,4.0
43.329848323666624,-786.3896685726949,4.0,4.0
43.020238757293825,-786.84954699963,4.0,4.0
42.70813070602019,-787.3075377015896,4.0,4.0
42.39496824739099,-787.7649194530042,4.0,4.0
42.08077048270845,-788.2216922533937,4.0,4.0
41.923343053218396,-788.4500482068374,4.0,4.0
41.7658086545448,-788.6781605789362,4.0,4.0
41.45052591894468,-789.1342635302722,4.0,4.0
41.13510183164851,-789.5901838120122,4.0,4.0
40.977300010297306,-789.8181135070602,4.0,4.0
40.819459985427514,-790.0459823019721,4.0,4.0
40.503726450339016,-790.5019025710722,4.0,4.0
40.1878171798877,-790.9577619465324,4.0,4.0
40.02981670065253,-791.1855698451253,4.0,4.0
39.871808580643076,-791.4133777444911,4.0,4.0
39.55577323921295,-791.8690544573051,4.0,4.0
39.239642390284885,-792.3246702990325,4.0,4.0
38.923454236619236,-792.7803470552258,4.0,4.0
38.60583346488862,-793.2346232364494,4.0,4.0
38.28238289421202,-793.6837842515129,4.0,4.0
37.95192586788179,-794.1280736710232,4.0,4.0
37.61788156507954,-794.570292633907,4.0,4.0
37.28063965794781,-795.0102584651463,4.0,4.0
36.941548717469146,-795.448945483789,4.0,4.0
36.43120844424308,-796.1058798823863,4.0,4.0
36.26086452685145,-796.3246753212331,4.0,4.0
35.91996275310784,-796.7620835019424,4.0,4.0
35.57894636852103,-797.1995525657576,4.0,4.0
35.40840761332929,-797.4183479900605,4.0,4.0
35.23783829525066,-797.6370216216461,4.0,4.0
34.89660032998136,-798.074490666229,4.0,4.0
34.555324160271866,-798.5119596981915,4.0,4.0
34.384651692112314,-798.7306942116879,4.0,4.0
34.213960122206025,-798.9494896196402,4.0,4.0
33.872531137705394,-799.3867150586954,4.0,4.0
33.5310486679445,-799.8235751285004,4.0,4.0
33.36027687026011,-800.0419442675102,4.0,4.0
33.18948979092207,-800.2603742982367,4.0,4.0
32.84784686621394,-800.6972343619555,4.0,4.0
32.50609315175011,-801.1342162165888,4.0,4.0
32.16428977242632,-801.5711980763581,4.0,4.0
31.82244819024732,-802.0080581700158,4.0,4.0
31.48055503364335,-802.444979177978,4.0,4.0
31.13856827930062,-802.8818393095404,4.0,4.0
30.796514669161887,-803.3188212448317,4.0,4.0
30.45442858639729,-803.7553160470061,4.0,4.0
30.11234059372045,-804.1915672985685,4.0,4.0
29.77015327282519,-804.6278185743707,4.0,4.0
29.427876174334934,-805.0640698674003,4.0,4.0
29.0855761533236,-805.5003211663159,4.0,4.0
28.743165343136827,-805.9365724965928,4.0,4.0
28.571982859713597,-806.1546372713087,4.0,4.0
28.40079464566689,-806.3727020469448,4.0,4.0
28.058357092004876,-806.8088924963697,4.0,4.0
27.715846950977003,-807.2450220443873,4.0,4.0
27.54457086821691,-807.4630868092538,4.0,4.0
27.373273773277592,-807.6811515707969,4.0,4.0
27.030616547154565,-808.1173419770425,4.0,4.0
26.687859991829196,-808.5534714855128,4.0,4.0
26.51646738746545,-808.7713535526825,4.0,4.0
26.345048040652532,-808.9891138255267,4.0,4.0
26.00214822102032,-809.4246343650073,4.0,4.0
25.6591815448361,-809.8602157938026,4.0,4.0
25.487664778457457,-810.0779760559096,4.0,4.0
25.316109808811046,-810.2957972141796,4.0,4.0
24.972967396139662,-810.7315004258706,4.0,4.0
24.629773408556474,-811.1671427479985,4.0,4.0
24.286535487010198,-811.6027850905084,4.0,4.0
23.943186776377065,-812.0384274615297,4.0,4.0
23.59972536618065,-812.4741916477983,4.0,4.0
23.256233393297023,-812.9098949678739,4.0,4.0
22.912745240884753,-813.3455374325308,4.0,4.0
22.56924562728944,-813.781119031207,4.0,4.0
22.22570589939362,-814.2165788370523,4.0,4.0
21.88218145052583,-814.6517950293062,4.0,4.0
21.71039152822627,-814.8692508768925,4.0,4.0
21.538586324260542,-815.0865240332774,4.0,4.0
21.19489186762835,-815.5214965747729,4.0,4.0
20.851061787088412,-815.9563472508087,4.0,4.0
20.679111408112693,-816.1737421230875,4.0,4.0
20.50714192716082,-816.3911369852054,4.0,4.0
20.163094085187897,-816.8259875890083,4.0,4.0
19.81895646427852,-817.2608990589954,4.0,4.0
19.474772998356794,-817.6958713972547,4.0,4.0
19.130516945719858,-818.1307828473219,4.0,4.0
18.786220779060276,-818.5658160873742,4.0,4.0
18.441852025660943,-819.0007275362723,4.0,4.0
18.09718528716571,-819.4354563062755,4.0,4.0
17.749110828884742,-819.8669576752725,4.0,4.0
17.396308732241163,-820.2943791056807,4.0,4.0
17.041388271600784,-820.7207653513885,4.0,4.0
16.684433494030557,-821.1452638980879,4.0,4.0
16.326277227650912,-821.5687881595142,4.0,4.0
15.967344482239174,-821.991886192113,4.0,4.0
15.787828922791306,-822.2031916305843,4.0,4.0
15.60826178872476,-822.4144970682598,4.0,4.0
15.248974707844503,-822.8369861735105,4.0,4.0
14.889536724322884,-823.2595362144839,4.0,4.0
14.709840653803127,-823.4706589885229,4.0,4.0
14.530108290114882,-823.681964442891,4.0,4.0
14.17051558176081,-824.1045144734758,4.0,4.0
13.810911411878362,-824.5269427433136,4.0,4.0
13.631107416390389,-824.7380655359597,4.0,4.0
13.451277633581324,-824.9492492228649,4.0,4.0
13.091529245290737,-825.3714339441158,4.0,4.0
12.731703495090674,-825.7937404826325,4.0,4.0
12.551750506378745,-826.0049242066027,4.0,4.0
12.371772685417351,-826.215986140143,4.0,4.0
12.011765469125706,-826.6380491652089,4.0,4.0
11.651752522059596,-827.0600513509876,4.0,4.0
11.2917042363929,-827.4820535718349,4.0,4.0
10.931694153145493,-827.9039949369378,4.0,4.0
10.571559908861477,-828.3259972279268,4.0,4.0
10.211335886256212,-828.7476950610182,4.0,4.0
9.849748965558906,-829.1680532174058,4.0,4.0
9.48283461691046,-829.5831135557185,4.0,4.0
9.107271077160505,-829.9896486310146,4.0,4.0
8.72132392370608,-830.3860751409754,4.0,4.0
8.323750599436082,-830.7706880191972,4.0,4.0
7.915839027368296,-831.1451314026261,4.0,4.0
7.501959168217841,-831.5140941452825,4.0,4.0
7.2932688180339404,-831.6969617765244,4.0,4.0
7.083782409618326,-831.8791595516857,4.0,4.0
6.6632036274429005,-832.2414237598016,4.0,4.0
6.241397090808171,-832.6027745395468,4.0,4.0
6.030239293633883,-832.7829627717902,4.0,4.0
5.818968319417188,-832.9632727945393,4.0,4.0
5.39616563396212,-833.3235274987828,4.0,4.0
4.973294181837691,-833.6836604351671,4.0,4.0
4.761831235578715,-833.8635442222227,4.0,4.0
4.550353485337016,-834.043367117126,4.0,4.0
4.127259975298042,-834.4030738386828,4.0,4.0
3.7043522266833726,-834.7626587498575,4.0,4.0
3.4929002620720198,-834.9424207505444,4.0,4.0
3.2814480584019883,-835.1221218582411,4.0,4.0
2.858492075850034,-835.4817067592842,4.0,4.0
2.4353290787614306,-835.8413525208609,4.0,4.0
2.2236889618590823,-836.0212362894973,4.0,4.0
2.012053858842073,-836.2012418417419,4.0,4.0
1.588801440223392,-836.5607049268835,4.0,4.0
1.1655074746457963,-836.9198635957296,4.0,4.0
0.742211597702898,-837.2789005014819,4.0,4.0
0.31889745359548627,-837.6379374184223,4.0,4.0
-0.10437195974153113,-837.9968525586335,4.0,4.0
-0.5276841588932903,-838.3556459284465,4.0,4.0
-0.9508569552015196,-838.7145001761378,4.0,4.0
-1.1624351162527695,-838.8938359444796,4.0,4.0
-1.3740207989341826,-839.0732935006613,4.0,4.0
-1.7983640462033357,-839.4302599714545,4.0,4.0
-2.2271838665580006,-839.7811978205282,4.0,4.0
-2.443936047251075,-839.9537742290578,4.0,4.0
-2.66162277240808,-840.1256198910564,4.0,4.0
-3.0989899499352695,-840.4669972436367,4.0,4.0
-3.538776342517771,-840.80569527682,4.0,4.0
-3.759252614619573,-840.9743135686412,4.0,4.0
-3.979981983037586,-841.1425056037122,4.0,4.0
-4.421986786983876,-841.4782198673809,4.0,4.0
-4.864294591010591,-841.8135079103743,4.0,4.0
-5.0855365997056,-841.9810301532252,4.0,4.0
-5.306841643941656,-842.148613295921,4.0,4.0
-5.749502830383035,-842.4835360354828,4.0,4.0
-6.192202699236969,-842.8185806029819,4.0,4.0
-6.635041056102995,-843.1535642970427,4.0,4.0
-7.07779823298776,-843.4884262114401,4.0,4.0
-7.52047088692548,-843.8231054501716,4.0,4.0
-7.963223291531255,-844.1572975257609,4.0,4.0
-8.406078845517209,-844.4914895406155,4.0,4.0
-8.849053785200573,-844.8257424027089,4.0,4.0
-9.292157661615011,-845.1599952363505,4.0,4.0
-9.735295921973101,-845.4941871436451,4.0,4.0
-9.956879856248792,-845.6613439845482,4.0,4.0
-10.178485757620289,-845.8284399283137,4.0,4.0
-10.621782563164393,-846.162692690909,4.0,4.0
-11.066145237398812,-846.4954839659908,4.0,4.0
-11.2896517462973,-846.6596569445187,4.0,4.0
-11.514580367319407,-846.821515917589,4.0,4.0
-11.969716328821288,-847.137682907282,4.0,4.0
-12.431435647441093,-847.4450201606531,4.0,4.0
-12.89691606651191,-847.7473031527672,4.0,4.0
-13.365309476126935,-848.0455061940288,4.0,4.0
-13.83530932863965,-848.3411516326457,4.0,4.0
-14.306122909123124,-848.635640054339,4.0,4.0
-14.777353860241277,-848.9295195225808,4.0,4.0
-15.248886616889775,-849.2230944906664,4.0,4.0
-15.720565501483655,-849.5164258601278,4.0,4.0
-16.193156487571997,-849.8080521851368,4.0,4.0
-16.66919817326282,-850.0926147128689,4.0,4.0
-17.150972241032704,-850.3668860107756,4.0,4.0
-17.639706921954883,-850.6284911985168,4.0,4.0
-18.136024926915514,-850.8750553590512,4.0,4.0
-18.64001412294795,-851.1053605933562,4.0,4.0
-19.151372706483446,-851.3175801079483,4.0,4.0
-19.409893358304704,-851.414890615024,4.0,4.0
-19.670876201832662,-851.505319970908,4.0,4.0
-20.197116818216436,-851.6676056498061,4.0,4.0
-20.729777472135194,-851.812170896588,4.0,4.0
-20.99757002447649,-851.8803735555973,4.0,4.0
-21.26612854998971,-851.9462622119427,4.0,4.0
-21.804771816908364,-852.0731070315292,4.0,4.0
-22.344448479725536,-852.1962372601266,4.0,4.0
-22.6145045696436,-852.2570716435282,4.0,4.0
-22.884652347393917,-852.3176624457781,4.0,4.0
-23.42512554864103,-852.4379306364988,4.0,4.0
-23.96564841504823,-852.557711665821,4.0,4.0
-24.2359413664877,-852.6175108454933,4.0,4.0
-24.506234318440306,-852.6773709253312,4.0,4.0
-25.04686415677498,-852.796847505156,4.0,4.0
-25.587413769870324,-852.9164458746536,4.0,4.0
-26.127955744308952,-853.0359224767335,4.0,4.0
-26.66851491170927,-853.1553381921624,4.0,4.0
-27.20898239312207,-853.2747539158236,4.0,4.0
-27.7496351619957,-853.3923428256901,4.0,4.0
-28.291195257094323,-853.5021372088198,4.0,4.0
-28.834455393269053,-853.6038934818557,4.0,4.0
-29.37873173483129,-853.7016307137686,4.0,4.0
-29.923829445496597,-853.7958360528886,4.0,4.0
-30.19653111411359,-853.8419339646769,4.0,4.0
-30.469301549189076,-853.887788308241,4.0,4.0
-31.01496467106938,-853.9785835950879,4.0,4.0
-31.560694650475682,-854.0688917331508,4.0,4.0
-31.833539584587946,-854.1138935806684,4.0,4.0
-32.10638833970748,-854.1589563307568,4.0,4.0
-32.65206292995168,-854.2486555873888,4.0,4.0
-33.19773370143813,-854.3382939503607,4.0,4.0
-33.47054616616984,-854.3831131356831,4.0,4.0
-33.743354810936424,-854.4279323241842,4.0,4.0
-34.288975922233185,-854.5175707030079,4.0,4.0
-34.83462377661954,-854.6071481718881,4.0,4.0
-35.10745152474123,-854.6519673493696,4.0,4.0
-35.380275452650686,-854.6967865268423,4.0,4.0
-35.92594623138419,-854.7864248726213,4.0,4.0
-36.47163993280757,-854.8760023047053,4.0,4.0
-37.01736419741579,-854.9655797200891,4.0,4.0
-37.56313430667179,-855.0550962254854,4.0,4.0
-38.10893497888944,-855.144551813499,4.0,4.0
-38.654785316200716,-855.2341900742246,4.0,4.0
-39.20068531832581,-855.3234629500412,4.0,4.0
-39.74656239911736,-855.4129184924665,4.0,4.0
-40.29242801993618,-855.5021304464731,4.0,4.0
-40.83834330524936,-855.5912205902237,4.0,4.0
-41.1113506120539,-855.6354916271343,4.0,4.0
-41.38446106740566,-855.6786056567189,4.0,4.0
-41.931193900535725,-855.7585006449998,4.0,4.0
-42.479298226470405,-855.8299312311267,4.0,4.0
-42.75367702672639,-855.8642763878195,4.0,4.0
-43.028227741383276,-855.8974645470857,4.0,4.0
-43.57780289079537,-855.9613441797744,4.0,4.0
-44.12769894807607,-856.02303160053,4.0,4.0
-44.40270810261795,-856.0533577137192,4.0,4.0
-44.67774017956055,-856.0836229360968,4.0,4.0
-45.22786163946489,-856.143483542008,4.0,4.0
-45.7779869217096,-856.2031005844552,4.0,4.0
-46.32815040949852,-856.2629003290875,4.0,4.0
-46.878306258726155,-856.3225174002729,4.0,4.0
-47.428435367661564,-856.3821344879113,4.0,4.0
-47.978507174104806,-856.4414471090065,4.0,4.0
-48.52854077889775,-856.5005770485673,4.0,4.0
-49.078528540231105,-856.5595851799773,4.0,4.0
-49.62846281747309,-856.6185932950978,4.0,4.0
-50.17840473539449,-856.6776013845465,4.0,4.0
-50.45339861566976,-856.7071358580408,4.0,4.0
-50.72839631608309,-856.7366094277552,4.0,4.0
-51.27844138076516,-856.7955565490254,4.0,4.0
-51.82854757046482,-856.8545645459881,4.0,4.0
-52.10359875524475,-856.884038089348,4.0,4.0
-52.378630838584,-856.9135725244157,4.0,4.0
-52.92865680270643,-856.9725804977996,4.0,4.0
-53.47869040863388,-857.0315884715529,4.0,4.0
-53.753768337005546,-857.0610620095904,4.0,4.0
-54.028884468775956,-857.0905964420427,4.0,4.0
-54.579189319128545,-857.1496044093872,4.0,4.0
-55.12943686821678,-857.2081861494302,4.0,4.0
-55.40453008197248,-857.2359546680693,4.0,4.0
-55.67961565608373,-857.2620181448017,4.0,4.0
-56.23001984544737,-857.305741628984,4.0,4.0
-56.78121865942572,-857.336981649774,4.0,4.0
-57.33327322277745,-857.3603053127799,4.0,4.0
-57.88580914550329,-857.3780266319638,4.0,4.0
-58.43863922906033,-857.3917897219889,4.0,4.0
-58.99161448305669,-857.4037868238163,4.0,4.0
-59.54470434547298,-857.414870476617,4.0,4.0
-60.097817126349696,-857.4249797458474,4.0,4.0
-60.65092990658795,-857.4352107806832,4.0,4.0
-61.20408088868936,-857.4455026806347,4.0,4.0
-61.48067165902637,-857.45049635903,4.0,4.0
-61.757235686347855,-857.4554900271617,4.0,4.0
-62.310436326615005,-857.4655991352216,4.0,4.0
-62.86373629254456,-857.4758299903624,4.0,4.0
-63.14041492586114,-857.4808235959945,4.0,4.0
-63.41706299631663,-857.4858171949013,4.0,4.0
-63.970233067157245,-857.49397754846,4.0,4.0
-64.52289121472543,-857.4946478184484,4.0,4.0
-64.7990541033422,-857.490750742409,4.0,4.0
-65.07513294455835,-857.4835653371151,4.0,4.0
-65.62680926680288,-857.4579289811484,4.0,4.0
-66.17739297790622,-857.4157901112167,4.0,4.0
-66.45206594208399,-857.3882049246024,4.0,4.0
-66.72613529681949,-857.3559308387888,4.0,4.0
-67.27296745924589,-857.2787165538348,4.0,4.0
-67.81911960542459,-857.1922462482348,4.0,4.0
-68.36439308050406,-857.09883394863,4.0,4.0
-68.90915463669255,-857.0017070990859,4.0,4.0
-69.45364113086187,-856.9024489323328,4.0,4.0
-69.99790604855191,-856.8022164647109,4.0,4.0
-70.54208692307739,-856.701557775486,4.0,4.0
-71.08619903226155,-856.6006555004986,4.0,4.0
-71.63021181350045,-856.4996314332873,4.0,4.0
-72.17417875218491,-856.3987900594946,4.0,4.0
-72.44616222081923,-856.3483084648849,4.0,4.0
-72.71812276670158,-856.2977659664144,4.0,4.0
-73.26204385701162,-856.1967418401528,4.0,4.0
-73.80595730567724,-856.0956568017475,4.0,4.0
-74.07785672428437,-856.0447489001948,4.0,4.0
-74.3494581578501,-855.992866674045,4.0,4.0
-74.89091896073558,-855.8824646752312,4.0,4.0
-75.42952216740198,-855.7607971218125,4.0,4.0
-75.69754778551237,-855.6948481779767,4.0,4.0
-75.96458012191015,-855.6252455440633,4.0,4.0
-76.49523707306659,-855.4737395117422,4.0,4.0
-77.02221123929218,-855.3085930175507,4.0,4.0
-77.28499538440315,-855.2230359238658,4.0,4.0
-77.54729817031951,-855.1357737781877,4.0,4.0
-78.07087225771494,-854.9573522235964,4.0,4.0
-78.59352183039323,-854.7759468344223,4.0,4.0
-78.85463268097209,-854.684543866811,4.0,4.0
-79.11565184546762,-854.5928973380044,4.0,4.0
-79.6375908498676,-854.4091780484328,4.0,4.0
-80.15943053045501,-854.2252152234844,4.0,4.0
-80.68116324886462,-854.0409479889311,4.0,4.0
-81.20283484933384,-853.8566199278891,4.0,4.0
-81.72446061132693,-853.6722919155709,4.0,4.0
-82.24597176801477,-853.4879030440397,4.0,4.0
-82.76735303805518,-853.3035751039761,4.0,4.0
-83.02799018974076,-853.2114415856136,4.0,4.0
-83.28851273195552,-853.1189426978553,4.0,4.0
-83.8077622671199,-852.9301694244696,4.0,4.0
-84.32287821977584,-852.7320792126645,4.0,4.0
-84.57864828816032,-852.6287410116154,4.0,4.0
-84.83301247949554,-852.521931792822,4.0,4.0
-85.33687377714007,-852.2977176075096,4.0,4.0
-85.8334077072899,-852.0580360908166,4.0,4.0
-86.0784503262822,-851.9319231585898,4.0,4.0
-86.32069647342485,-851.8008777275243,4.0,4.0
-86.79876298584739,-851.5266686704151,4.0,4.0
-87.27342177122435,-851.2393062686515,4.0,4.0
-87.74378652443804,-850.9448191827687,4.0,4.0
-88.21176739940063,-850.6458867546058,4.0,4.0
-88.67846464737974,-850.3448838876593,4.0,4.0
-88.91154202893243,-850.1937430579637,4.0,4.0
-89.1445124409579,-850.0423586403732,4.0,4.0
-89.61035393379983,-849.739407091773,4.0,4.0
-90.07608845533565,-849.435846571484,4.0,4.0
-90.54172364700699,-849.1322860339621,4.0,4.0
-91.00734355548654,-848.8286645816885,4.0,4.0
-91.47294054048521,-848.5249213254881,4.0,4.0
-91.93849932022314,-848.2211171543477,4.0,4.0
-92.40292728774264,-847.9157906211556,4.0,4.0
-92.8655062227227,-847.6079065024178,4.0,4.0
-93.32763435872464,-847.2990480485469,4.0,4.0
-93.78910540325356,-846.9893370909747,4.0,4.0
-94.01963080902738,-846.8341771454805,4.0,4.0
-94.25005688631538,-846.6788345127602,4.0,4.0
-94.71071802504365,-846.3680883527072,4.0,4.0
-95.17121871271911,-846.0574031021368,4.0,4.0
-95.40140793212186,-845.9020604849283,4.0,4.0
-95.63155130741137,-845.7466569680028,4.0,4.0
-96.09179985474458,-845.4358499321095,4.0,4.0
-96.55201784159811,-845.1251038101135,4.0,4.0
-96.78209245288252,-844.9697611993207,4.0,4.0
-97.47213291333257,-844.5034898101972,4.0,4.0
-97.93200707750717,-844.192378365027,4.0,4.0
-98.39175135283894,-843.8813887243551,4.0,4.0
-98.85146506574966,-843.5703990811692,4.0,4.0
-99.31110237146157,-843.2592267473406,4.0,4.0
-99.76960886407282,-842.9467756207323,4.0,4.0
-100.22320243296076,-842.6285394899946,4.0,4.0
-100.66950684102193,-842.300681969723,4.0,4.0
-101.10949244763506,-841.963933798381,4.0,4.0
-101.5460168480524,-841.6218268683749,4.0,4.0
-101.76308710977987,-841.4492510311368,4.0,4.0
-101.9795690428794,-841.2757617671275,4.0,4.0
-102.41141737715358,-840.9271390832466,4.0,4.0
-102.84237175682775,-840.577481176502,4.0,4.0
-103.05763882917756,-840.402286851217,4.0,4.0
-103.27283713585639,-840.2270925288607,4.0,4.0
-103.70310385838867,-839.8763385099796,4.0,4.0
-104.13326360921634,-839.5255844679873,4.0,4.0
-104.34829382019097,-839.3500247593271,4.0,4.0
-104.56331639042445,-839.1744650501739,4.0,4.0
-104.99339973307335,-838.823345623041,4.0,4.0
-105.42345250937015,-838.472104375551,4.0,4.0
-105.63847507717492,-838.296301067022,4.0,4.0
-105.85347472289233,-838.1205586526712,4.0,4.0
-106.2835351385075,-837.7690738164538,4.0,4.0
-106.71340453605373,-837.4176498563817,4.0,4.0
-106.9282819301886,-837.2418465359258,4.0,4.0
-107.14313640238976,-837.0661650022212,4.0,4.0
-107.57283770392615,-836.714801920248,4.0,4.0
-108.00249315374387,-836.3630125141724,4.0,4.0
-108.43214859850272,-836.0112839645378,4.0,4.0
-108.86185752255261,-835.6594944829978,4.0,4.0
-109.29145947346211,-835.3075831778436,4.0,4.0
-109.7210690636992,-834.9556718658255,4.0,4.0
-110.15065572979296,-834.6036996431558,4.0,4.0
-110.36537265646143,-834.4277744279268,4.0,4.0
-110.58007430208625,-834.2518492142767,4.0,4.0
-111.00940882805284,-833.9000596854119,4.0,4.0
-111.43869750774772,-833.5479656656225,4.0,4.0
-111.65326926070445,-833.3718577554253,4.0,4.0
-111.86785629453536,-833.1956889486646,4.0,4.0
-112.29695395511537,-832.8435340127531,4.0,4.0
-112.7260286920658,-832.4913181728307,4.0,4.0
-112.94056224032691,-832.3151493575231,4.0,4.0
-113.1551110697936,-832.1390414411169,4.0,4.0
-113.58413996325578,-831.7866429225518,4.0,4.0
-114.01306189060651,-831.4343053207195,4.0,4.0
-114.22745790993116,-831.2582583176662,4.0,4.0
-114.44184628931626,-831.0820895305371,4.0,4.0
-114.86927065704633,-830.7285340646324,4.0,4.0
-115.29473902137076,-830.3724818934529,4.0,4.0
-115.71970310200916,-830.0155162882188,4.0,4.0
-116.14387255723318,-829.6576372620367,4.0,4.0
-116.56754537236357,-829.2992101910506,4.0,4.0
-116.99092784367507,-828.940539542242,4.0,4.0
-117.41415750248652,-828.5817471083775,4.0,4.0
-117.83738715974671,-828.2227110850004,4.0,4.0
-118.25929498703202,-827.8622744747336,4.0,4.0
-118.6757474061246,-827.4964182325643,4.0,4.0
-119.08390210263579,-827.1222194067141,4.0,4.0
-119.48205521493838,-826.737424879465,4.0,4.0
-119.86840355289688,-826.3410603188161,4.0,4.0
-120.05673738168147,-826.1384022577381,4.0,4.0
-120.24170169185433,-825.9326385543297,4.0,4.0
-120.60410428952581,-825.5137428514545,4.0,4.0
-120.96056247329402,-825.0890621131371,4.0,4.0
-121.1369157890765,-824.8750166772935,4.0,4.0
-121.31242099403893,-824.6603013947838,4.0,4.0
-121.66176574443557,-824.229348439708,4.0,4.0
-122.00982686512563,-823.7971166717618,4.0,4.0
-122.18359000180511,-823.5807571988406,4.0,4.0
-122.35722324689408,-823.3644586135374,4.0,4.0
-122.70433692273292,-822.9313133826668,4.0,4.0
-123.05125958109184,-822.4979245620626,4.0,4.0
-123.22467888611756,-822.2812605978229,4.0,4.0
-123.39809055032919,-822.06441394742,4.0,4.0
-123.7448069094477,-821.6309642246456,4.0,4.0
-124.09152326716693,-821.1975144974176,4.0,4.0
-124.43816321714394,-820.7639429724888,4.0,4.0
-124.78471912060904,-820.3304932444496,4.0,4.0
-125.13125210084668,-819.8969826139357,4.0,4.0
-125.47770103264044,-819.4634719796609,4.0,4.0
-125.82408883861589,-819.0300222375231,4.0,4.0
-126.17038495706868,-818.5963898149557,4.0,4.0
-126.51665815365257,-818.1627573939227,4.0,4.0
-126.86284730361916,-817.729185876235,4.0,4.0
-127.03590749660509,-817.5123392290673,4.0,4.0
-127.20894476834209,-817.2955534782911,4.0,4.0
-127.55488942231683,-816.8619210976879,4.0,4.0
-127.90074238943882,-816.4284714090065,4.0,4.0
-128.07338234897713,-816.2114420887337,4.0,4.0
-128.24501374483665,-815.9938647117576,4.0,4.0
-128.58673312671402,-815.5576138345746,4.0,4.0
-128.92771900559654,-815.1205713117345,4.0,4.0
-129.09782991276523,-814.901593333935,4.0,4.0
-129.26772688157988,-814.6826762487706,4.0,4.0
-129.6073068805083,-814.2442940202956,4.0,4.0
-129.9463978772453,-813.805729096907,4.0,4.0
-130.11585168720552,-813.5864466303883,4.0,4.0
-130.2852596538708,-813.3670423794572,4.0,4.0
-130.624075589007,-812.9280512067206,4.0,4.0
-130.96276927116398,-812.4888773354186,4.0,4.0
-131.301386543558,-812.0496425492938,4.0,4.0
-131.63992741001124,-811.6105295593084,4.0,4.0
-131.97848355766024,-811.1713556768063,4.0,4.0
-132.3169785775329,-810.7321817822531,4.0,4.0
-132.65383850043773,-810.2917899796144,4.0,4.0
-132.82017492997971,-810.0701935001068,4.0,4.0
-132.98428029557292,-809.8473182286482,4.0,4.0
-133.304972645984,-809.3962698280006,4.0,4.0
-133.6136844843987,-808.9370005887592,4.0,4.0
-133.7628600548261,-808.704016741813,4.0,4.0
-133.90832227918395,-808.46877978421,4.0,4.0
-134.18769409832754,-807.9917292371381,4.0,4.0
-134.44941605927062,-807.5051181694823,4.0,4.0
-134.57275101696908,-807.2581284787311,4.0,4.0
-134.69255600117936,-807.0089465580947,4.0,4.0
-134.92521299179353,-806.5065027307373,4.0,4.0
-135.1503210395962,-806.0001616290556,4.0,4.0
-135.26089613874768,-805.7460471974125,4.0,4.0
-135.3706154861352,-805.4915673910282,4.0,4.0
-135.58840380177992,-804.9816334426314,4.0,4.0
-135.8048932074076,-804.4709687409527,4.0,4.0
-135.91288577053916,-804.2155146097391,4.0,4.0
-136.02078664647175,-803.9602431630844,4.0,4.0
-136.23634389689778,-803.4490913204559,4.0,4.0
-136.45173305193197,-802.9380003660785,4.0,4.0
-136.66699995552742,-802.426848512619,4.0,4.0
-136.88219045356834,-801.9156966692049,4.0,4.0
-137.09728926415073,-801.4046057231942,4.0,4.0
-137.31232694856982,-800.8933929862292,4.0,4.0
-137.527257662765,-800.3822411370029,4.0,4.0
-137.63500572264553,-800.1268478969139,4.0,4.0
-137.7437776265239,-799.8717591305146,4.0,4.0
-137.9670977488555,-799.3644436546349,4.0,4.0
-138.1981196232361,-798.8602947017139,4.0,4.0
-138.314853060276,-798.6089205142955,4.0,4.0
-138.43256449754847,-798.3580334848448,4.0,4.0
-138.67043237329915,-797.8574164310653,4.0,4.0
-138.9102256826595,-797.3577127760533,4.0,4.0
-139.03051964821512,-797.1080436250147,4.0,4.0
-139.15101227078068,-796.8584353720466,4.0,4.0
-139.39227257897693,-796.3594624529198,4.0,4.0
-139.6336245743566,-795.8610375889516,4.0,4.0
-139.75431585329642,-795.6117338170584,4.0,4.0
-139.87502241344228,-795.3625518349616,4.0,4.0
-140.1164355277803,-794.864126945045,4.0,4.0
-140.3578486383607,-794.3655802481492,4.0,4.0
-140.5991547770441,-793.8670335405111,4.0,4.0
-140.84047619575304,-793.368486828,4.0,4.0
-141.081828177261,-792.8699401214739,4.0,4.0
-141.32311902855636,-792.3711498140883,4.0,4.0
-141.56447100849482,-791.8725422134969,4.0,4.0
-141.80568545981905,-791.3739955285951,4.0,4.0
-142.04683878694553,-790.8755706402233,4.0,4.0
-142.28794627086137,-790.3767194975849,4.0,4.0
-142.40848472833355,-790.1271112246302,4.0,4.0
-142.5290079028591,-789.877563839126,4.0,4.0
-142.77014593806518,-789.3783472750172,4.0,4.0
-143.0112075652105,-788.8793133874494,4.0,4.0
-143.25216221940747,-788.3803403784008,4.0,4.0
-143.49456858902138,-787.8821589832198,4.0,4.0
-143.73972557588002,-787.3853172317517,4.0,4.0
-143.86257148679067,-787.1369876734384,4.0,4.0
-143.98567717616947,-786.8888407846312,4.0,4.0
-144.23266789239642,-786.3928514540016,4.0,4.0
-144.48026985323395,-785.8968012013976,4.0,4.0
-144.60418544152918,-785.6486542779976,4.0,4.0
-144.72816215405157,-785.4007509329567,4.0,4.0
-144.97617670364417,-784.9050051368051,4.0,4.0
-145.22420653368388,-784.409320238064,4.0,4.0
-145.47220580008653,-783.9136353381589,4.0,4.0
-145.72012865874976,-783.4178286486203,4.0,4.0
-145.96806679828734,-782.9217783822864,4.0,4.0
-146.21594381166344,-782.4257281136647,4.0,4.0
-146.46379026108355,-781.9295560539908,4.0,4.0
-146.71159086721994,-781.4335666895931,4.0,4.0
-146.95925394100365,-780.9375773241818,4.0,4.0
-147.20688645172552,-780.4415270637624,4.0,4.0
-147.45451896207842,-779.9455377050583,4.0,4.0
-147.7020903422071,-779.4493656385221,4.0,4.0
-147.9496617224751,-778.9533153690322,4.0,4.0
-148.07342449144892,-778.7052293447955,4.0,4.0
-148.1971872597112,-778.4572651087851,4.0,4.0
-148.44455998134808,-777.9613975221736,4.0,4.0
-148.69181045017768,-777.465651716836,4.0,4.0
-148.81545096353818,-777.2176874619754,4.0,4.0
-148.9390761915998,-776.9698449760385,4.0,4.0
-149.18629607647114,-776.473794595229,4.0,4.0
-149.43351595338376,-775.9778050748758,4.0,4.0
-149.5570953270909,-775.729779858361,4.0,4.0
-149.68068998080778,-775.4818764257175,4.0,4.0
-149.92780287911498,-774.9858868672961,4.0,4.0
-150.17486993056565,-774.4898972988249,4.0,4.0
-150.29838817343466,-774.2418720603182,4.0,4.0
-150.42190641521927,-773.9938468186295,4.0,4.0
-150.66889705308625,-773.4979181202343,4.0,4.0
-150.915857126307,-773.0018676288164,4.0,4.0
-151.03961986532886,-772.7539032763941,4.0,4.0
-151.16434532296572,-772.5064869739045,4.0,4.0
-151.4194197397279,-772.0147600105759,4.0,4.0
-151.68201253325498,-771.5265040518589,4.0,4.0
-151.9480283268263,-771.0402576230263,4.0,4.0
-152.21725318251936,-770.5558989310865,4.0,4.0
-152.35262967207052,-770.3141458453235,4.0,4.0
-152.48831178578183,-770.072575444555,4.0,4.0
-152.76024141739356,-769.5898608934051,4.0,4.0
-153.03266004699333,-769.1073290250256,4.0,4.0
-153.1689686865522,-768.8660021812939,4.0,4.0
-153.30530788649352,-768.6247971180321,4.0,4.0
-153.57807796990647,-768.1424478721175,4.0,4.0
-153.85087861333136,-767.6598550425167,4.0,4.0
-153.98723308973376,-767.4185890705037,4.0,4.0
-154.12358756540004,-767.1773230969836,4.0,4.0
-154.39628123420837,-766.6946693567068,4.0,4.0
-154.66899018106338,-766.2120156091851,4.0,4.0
-154.80531408906154,-765.9706887235866,4.0,4.0
-154.94163799621566,-765.7293009416488,4.0,4.0
-155.2143316544841,-765.2465862774092,4.0,4.0
-155.4869489062137,-764.7639325156435,4.0,4.0
-155.75945918860816,-764.2812787601517,4.0,4.0
-156.03198475234407,-763.7986859045004,4.0,4.0
-156.30446446873688,-763.3159712507943,4.0,4.0
-156.57689834035457,-762.8332565987282,4.0,4.0
-156.84933221371705,-762.3505419635245,4.0,4.0
-157.12158271062947,-761.8679491184489,4.0,4.0
-157.39377208071556,-761.385417167036,4.0,4.0
-157.66597673026135,-760.9028852142533,4.0,4.0
-157.93813552576196,-760.4202923251676,4.0,4.0
-158.21030959806194,-759.9375776294665,4.0,4.0
-158.48246838772985,-759.454923834028,4.0,4.0
-158.61850193779327,-759.2134142490531,4.0,4.0
-158.75450492472444,-758.9720264525636,4.0,4.0
-159.02648033453946,-758.489189963736,4.0,4.0
-159.29842517783865,-758.0062925693953,4.0,4.0
-159.4343975967815,-757.7648438602101,4.0,4.0
-159.5703394518535,-757.5233951479056,4.0,4.0
-159.84225372252587,-757.0404977197816,4.0,4.0
-160.11410686590725,-756.5575393944005,4.0,4.0
-160.25001815582635,-756.3160297851963,4.0,4.0
-160.38592944548674,-756.0745810713345,4.0,4.0
-160.65772146158758,-755.591561854731,4.0,4.0
-160.9294676341408,-755.1086035435296,4.0,4.0
-161.06531779870596,-754.8670939450266,4.0,4.0
-161.20115268217117,-754.6256452431863,4.0,4.0
-161.4727918867384,-754.1426869515881,4.0,4.0
-161.7443852464869,-753.6597286627741,4.0,4.0
-162.01590219822378,-753.1769530571693,4.0,4.0
-162.28735802268852,-752.6939338697473,4.0,4.0
-162.5587832796841,-752.2106710876151,4.0,4.0
-162.69448062501687,-751.9690396905391,4.0,4.0
-162.83016268802874,-751.7274691864495,4.0,4.0
-163.10154209169943,-751.2442063754536,4.0,4.0
-163.37278395823378,-750.7610653367043,4.0,4.0
-163.64399525765342,-750.2780460729139,4.0,4.0
-163.91670411156906,-749.7958184117683,4.0,4.0
-164.05440328444953,-749.5553439589646,4.0,4.0
-164.19211773660723,-749.3149912900565,4.0,4.0
-164.46834126160522,-748.8343468297251,4.0,4.0
-164.74548165835841,-748.3543722062373,4.0,4.0
-164.8843269185295,-748.1145066836579,4.0,4.0
-165.023248584941,-747.8747629522823,4.0,4.0
-165.30127529373175,-747.3951537105521,4.0,4.0
-165.57936313034435,-746.915544492275,4.0,4.0
-165.71845289309277,-746.6758007826254,4.0,4.0
-165.85751209360546,-746.4360570779229,4.0,4.0
-166.13561521378114,-745.9565087796441,4.0,4.0
-166.41368777214768,-745.4768995990669,4.0,4.0
-166.6917756120098,-744.9974122161166,4.0,4.0
-166.96978704519847,-744.517803052124,4.0,4.0
-167.24929604338013,-744.0390464305941,4.0,4.0
-167.53510091944844,-743.5643088817523,4.0,4.0
-167.8309761406089,-743.0957826033384,4.0,4.0
-168.1383122994798,-742.6345637011484,4.0,4.0
-168.45287648622775,-742.1782163639252,4.0,4.0
-168.77248347488674,-741.7253399903094,4.0,4.0
-169.09545232657828,-741.2748993586922,4.0,4.0
-169.42011738890952,-740.8254939106876,4.0,4.0
-169.7456534745161,-740.3768800702524,4.0,4.0
-169.90853612303755,-740.1526644792145,4.0,4.0
-170.07146461336498,-739.9285706730318,4.0,4.0
-170.3973827144724,-739.4805048333726,4.0,4.0
-170.72343832981653,-739.0321953542464,4.0,4.0
-171.04963145967943,-738.5839467047199,4.0,4.0
-171.37580929949763,-738.135515345077,4.0,4.0
-171.7019107249294,-737.6871448540041,4.0,4.0
-171.86496143542004,-737.4629291557776,4.0,4.0
-172.02799686462197,-737.2387743554677,4.0,4.0
-172.35386906872048,-736.7902211919771,4.0,4.0
-172.67977182358652,-736.3416070931837,4.0,4.0
-173.00570513267945,-735.8930538643879,4.0,4.0
-173.3316537200422,-735.4442570564074,4.0,4.0
-173.65743420744127,-734.9955820217267,4.0,4.0
-173.82031681029665,-734.771305401851,4.0,4.0
-173.98309244641854,-734.5470896881741,4.0,4.0
-174.30853674972457,-734.0986582694693,4.0,4.0
-174.9594100342814,-733.2014908188379,4.0,4.0
-175.2848237415237,-732.7529375011034,4.0,4.0
-175.61019160047368,-732.3042623875571,4.0,4.0
-175.93559001597174,-731.8555263645703,4.0,4.0
-176.26097314814973,-731.4067903456457,4.0,4.0
-176.42361123051535,-731.182452792105,4.0,4.0
-176.58618818794156,-730.9580543429208,4.0,4.0
-176.9113726640547,-730.5095010319126,4.0,4.0
-177.23655713960835,-730.0608259408316,4.0,4.0
-177.3991493767343,-729.8364883947081,4.0,4.0
-177.56172633136094,-729.6121508478748,4.0,4.0
-177.88689551749584,-729.1634148503226,4.0,4.0
-178.21201886085097,-728.7146788673488,4.0,4.0
-178.37453468937264,-728.4902804363043,4.0,4.0
-178.53705051759977,-728.2659429008345,4.0,4.0
-178.86203632862427,-727.8173896182873,4.0,4.0
-179.18697629330555,-727.3688972332168,4.0,4.0
-179.34946155465667,-727.1445596930339,4.0,4.0
-179.51194681299182,-726.9203439330997,4.0,4.0
-179.83688676048655,-726.4714861320216,4.0,4.0
-180.16179614001754,-726.0225674245588,4.0,4.0
-180.48673607833035,-725.5735878193627,4.0,4.0
-180.81167601359476,-725.1246082124286,4.0,4.0
-181.13653954042286,-724.6756286084997,4.0,4.0
-181.46137250285489,-724.2266490082482,4.0,4.0
-181.78617490143986,-723.7777303075636,4.0,4.0
-181.94856845983838,-723.5532100664462,4.0,4.0
-182.11096201814595,-723.3287507208986,4.0,4.0
-182.43573385231005,-722.8797711407612,4.0,4.0
-182.76049040344947,-722.4307306720086,4.0,4.0
-182.9228381157226,-722.2060886475383,4.0,4.0
-183.08513998363276,-721.9814466244761,4.0,4.0
-183.40978956052052,-721.5321625749623,4.0,4.0
-183.73442385351137,-721.0828785280137,4.0,4.0
-183.89669515506722,-720.858236502185,4.0,4.0
-184.0589511744729,-720.6335944781589,4.0,4.0
-184.38352433445883,-720.1844322078821,4.0,4.0
-184.7080363658361,-719.7352699370749,4.0,4.0
-184.8702923792819,-719.5106279025854,4.0,4.0
-185.03253310921036,-719.2859858614372,4.0,4.0
-185.3570145624667,-718.836701763159,4.0,4.0
-185.6814960121722,-718.3874176613518,4.0,4.0
-185.84375201767077,-718.1627756133321,4.0,4.0
-186.005992741422,-717.9381335644091,4.0,4.0
-186.33039778191076,-717.48878857963,4.0,4.0
-186.65472641372378,-717.0392000165232,4.0,4.0
-186.97902448120396,-716.5896723530061,4.0,4.0
-187.30330726563392,-716.1402055892437,4.0,4.0
-187.62748307562583,-715.6906779182118,4.0,4.0
-187.95161303664653,-715.2410893445804,4.0,4.0
-188.27575827509858,-714.791561663702,4.0,4.0
-188.59993407411412,-714.3419121967107,4.0,4.0
-188.9240640271384,-713.892323625689,4.0,4.0
-189.24811757348513,-713.4426132756838,4.0,4.0
-189.41015962924266,-713.2177885568049,4.0,4.0
-189.57215584184027,-712.9929638443859,4.0,4.0
-189.8961635489973,-712.5433753219168,4.0,4.0
-190.22011013266885,-712.0937868174805,4.0,4.0
-190.38210634819745,-711.8689012338648,4.0,4.0
-190.54414840808298,-711.6439547611883,4.0,4.0
-190.8681561230911,-711.1941227241892,4.0,4.0
-191.19214856680298,-710.7442907334678,4.0,4.0
-191.3541447952685,-710.5194661090267,4.0,4.0
-191.51611046465166,-710.2945806030285,4.0,4.0
-191.8399654051895,-709.8449314242723,4.0,4.0
-192.16375922798528,-709.3949778050294,4.0,4.0
-192.48759890153207,-708.94502422295,4.0,4.0
-192.81136217608164,-708.4951315704637,4.0,4.0
-193.134972643423,-708.0451171583388,4.0,4.0
-193.4586289588187,-707.5952245599485,4.0,4.0
-193.78231584175802,-707.1451493060586,4.0,4.0
-194.10597216396732,-706.6948304870253,4.0,4.0
-194.4294756805798,-706.2445725965156,4.0,4.0
-194.75287223772008,-705.7944365392383,4.0,4.0
-194.9145628756273,-705.5693685128133,4.0,4.0
-195.0762840754379,-705.344300487708,4.0,4.0
-195.39965006865827,-704.8941035464454,4.0,4.0
-195.72303134449436,-704.4437239359347,4.0,4.0
-195.88472198229067,-704.2185341324696,4.0,4.0
-196.0464431836272,-703.9934661237301,4.0,4.0
-196.3697480632029,-703.5428429861389,4.0,4.0
-196.6929001386805,-703.0924025713907,4.0,4.0
-196.85443797380526,-702.8671519209743,4.0,4.0
-197.01599109002598,-702.6418403771453,4.0,4.0
-197.33903619636473,-702.1913390807449,4.0,4.0
-197.66209658216926,-701.7408986815462,4.0,4.0
-197.8236191337629,-701.5156480347073,4.0,4.0
-197.9851416847923,-701.2903973876045,4.0,4.0
-198.30823262747407,-700.8397742997395,4.0,4.0
-198.63118603682497,-700.3889076333583,4.0,4.0
-198.79266274134548,-700.163535198068,4.0,4.0
-198.95410888288887,-699.938101865225,4.0,4.0
-199.27843760143796,-699.4883313088435,4.0,4.0
-199.60521132083295,-699.0403267117592,4.0,4.0
-199.93284079137118,-698.5926874951701,4.0,4.0
-200.2614024160981,-698.1458399115418,4.0,4.0
-200.59046833141844,-697.6992359472827,4.0,4.0
-200.91970234919464,-697.2529973906987,4.0,4.0
-201.24899749456165,-696.8068806383877,4.0,4.0
-201.57830792323708,-696.360763901861,4.0,4.0
-201.90764891101293,-695.9145253708218,4.0,4.0
-202.23703573600514,-695.4682868253519,4.0,4.0
-202.40198128975885,-695.2453502409057,4.0,4.0
-202.56781315649826,-695.0231443977593,4.0,4.0
-202.90444329722547,-694.5825081987093,4.0,4.0
-203.2477666280451,-694.1468044947112,4.0,4.0
-203.4206278741843,-693.9298965214618,4.0,4.0
-203.59431430898496,-693.7135366098556,4.0,4.0
-203.94373486618025,-693.2824609485681,4.0,4.0
-204.29477524500302,-692.8529076965629,4.0,4.0
-204.4706774720775,-692.6384964630304,4.0,4.0
-204.64667138964512,-692.424085241835,4.0,4.0
-204.99885788549776,-691.9958108715707,4.0,4.0
-205.35115135604576,-691.567597424302,4.0,4.0
-205.70362820485553,-691.1393839943873,4.0,4.0
-206.056150893584,-690.7110487673606,4.0,4.0
-206.408688871099,-690.2827135742484,4.0,4.0
-206.76113516986507,-689.8545002033688,4.0,4.0
-207.1135050671861,-689.4263477529901,4.0,4.0
-207.46590553102166,-688.998195318014,4.0,4.0
-207.8182754347704,-688.5696775293345,4.0,4.0
-208.17061477893594,-688.1408552831683,4.0,4.0
-208.52286244220258,-687.7120939588317,4.0,4.0
-208.87509482973334,-687.2833326595639,4.0,4.0
-209.22731194126936,-686.8545104872569,4.0,4.0
-209.4034128582609,-686.6400994081114,4.0,4.0
-209.5795596205704,-686.4256883362776,4.0,4.0
-209.93168505906468,-685.996744434014,4.0,4.0
-210.28376466572905,-685.5679832577528,4.0,4.0
-210.4597739106017,-685.3535113434313,4.0,4.0
-210.63576787639582,-685.1391612247896,4.0,4.0
-210.98770996868703,-684.7104001163041,4.0,4.0
-211.33963678569663,-684.2815781323102,4.0,4.0
-211.51561547727724,-684.0671062542758,4.0,4.0
-211.69157888891607,-683.8526952763181,4.0,4.0
-212.04477406104152,-683.4247867636304,4.0,4.0
-212.40369971267324,-683.0018716628401,4.0,4.0
-212.76905877763582,-682.5841935405276,4.0,4.0
-213.137290720973,-682.1692556986402,4.0,4.0
-213.5081510401373,-681.756692760682,4.0,4.0
-213.88069229012268,-681.3456521738339,4.0,4.0
-214.25402815991202,-680.9352814181062,4.0,4.0
-214.62785302832967,-680.525215135719,4.0,4.0
-215.00184599293877,-680.1151488660962,4.0,4.0
-215.37599177317782,-679.7051435042534,4.0,4.0
-215.75024452985465,-679.2950772770089,4.0,4.0
-215.93728686735423,-679.089983288773,4.0,4.0
-216.12429864556407,-678.8848284181079,4.0,4.0
-216.4982305244724,-678.4747013909894,4.0,4.0
-216.8720860056264,-678.0646352899134,4.0,4.0
-217.05897554332242,-677.8597240326126,4.0,4.0
-217.24584979917427,-677.6546909819225,4.0,4.0
-217.61959831229416,-677.2445031005868,4.0,4.0
-217.80644200393903,-677.0394091536753,4.0,4.0
-217.9933162549639,-676.8342543013005,4.0,4.0
-218.18015994159293,-676.6290994467558,4.0,4.0
-218.36700362701401,-676.4239445877442,4.0,4.0
-218.55384731137272,-676.2187897253876,4.0,4.0
-218.74069099443014,-676.013573966038,4.0,4.0
-219.11425610652208,-675.6033251225854,4.0,4.0
-219.30103866185777,-675.3981702518053,4.0,4.0
-219.4877906543424,-675.1930153806088,4.0,4.0
-219.6745732082519,-674.9878605062304,4.0,4.0
-219.86137104107883,-674.7826447341497,4.0,4.0
-220.0481841534952,-674.5774898491309,4.0,4.0
-220.4217645368169,-674.1670583025447,4.0,4.0
-220.60853180841175,-673.9619034308573,4.0,4.0
-220.79526851852842,-673.7567485616257,4.0,4.0
-220.98200522998883,-673.5515328036973,4.0,4.0
-221.16900172521036,-673.3464388436781,4.0,4.0
-221.35625800458627,-673.1415884740732,4.0,4.0
-221.73089282235037,-672.7315223931917,4.0,4.0
-221.9183019235065,-672.5266111589265,4.0,4.0
-222.10566518691277,-672.3215781548001,4.0,4.0
-222.29302845925167,-672.1169105439174,4.0,4.0
-222.4804681460766,-671.9122429610111,4.0,4.0
-222.6678619953861,-671.707636291999,4.0,4.0
-222.85524056787477,-671.5030905316166,4.0,4.0
-223.2298601933435,-671.0938772579777,4.0,4.0
-223.41716237029004,-670.8893315312824,4.0,4.0
-223.60446454913654,-670.6848467049615,4.0,4.0
-223.79178200922192,-670.4803009847546,4.0,4.0
-223.9790994694237,-670.2756943693121,4.0,4.0
-224.35370383491252,-669.866481164689,4.0,4.0
-224.54094489621284,-669.6618745737854,4.0,4.0
-224.72817067670312,-669.457328879808,4.0,4.0
-224.91530476978915,-669.2528440790691,4.0,4.0
-225.10243886478867,-669.048237496959,4.0,4.0
-225.2896188054699,-668.8434482351812,4.0,4.0
-225.66403981274038,-668.4339915060788,4.0,4.0
-225.85132671849243,-668.2291413411567,4.0,4.0
-226.22583941196237,-667.8195628189669,4.0,4.0
-226.4130652035883,-667.6147735807616,4.0,4.0
-226.78748623568538,-667.2050124543898,4.0,4.0
-226.97465091232417,-667.0001014588267,4.0,4.0
-227.1618461535218,-666.7951904676427,4.0,4.0
-227.53619079726815,-666.3854902903131,4.0,4.0
-227.72326379451906,-666.1805793165178,4.0,4.0
-227.9103062315406,-665.9757901410883,4.0,4.0
-228.28440639114413,-665.5660900102464,4.0,4.0
-228.4714488313561,-665.3612399492006,4.0,4.0
-228.65847599023385,-665.1563898878019,4.0,4.0
-229.03249974642512,-664.7468115557649,4.0,4.0
-229.40650822191094,-664.3368069625831,4.0,4.0
-229.78051669293893,-663.9267414640824,4.0,4.0
-230.1544640405245,-663.516736863852,4.0,4.0
-230.52838082793312,-663.1064277967149,4.0,4.0
-230.90226705615095,-662.6961187393581,4.0,4.0
-231.27615328770975,-662.2857487972376,4.0,4.0
-231.463088763268,-662.0805333801076,4.0,4.0
-231.6500395203465,-661.8753179645498,4.0,4.0
-232.02520938766696,-661.4661659504471,4.0,4.0
-232.40267145617116,-661.0589017144937,4.0,4.0
-232.5915476663151,-660.8554522909648,4.0,4.0
-232.78065309643748,-660.6521855550934,4.0,4.0
-233.1594752118358,-660.246443734032,4.0,4.0
-233.53854184524351,-659.8411282251491,4.0,4.0
-233.7281515700343,-659.6384704765771,4.0,4.0
-233.91777657625204,-659.4358127264454,4.0,4.0
-234.29707243265406,-659.0306799129371,4.0,4.0
-234.67647526155056,-658.6256689008582,4.0,4.0
-234.8662072399315,-658.4229502650948,4.0,4.0
-235.05590865664925,-658.2202316327719,4.0,4.0
-235.43531149584442,-657.8147334879075,4.0,4.0
-235.81456153729778,-657.4093571763322,4.0,4.0
-236.19375046333218,-657.0040417813639,4.0,4.0
-236.57295468115413,-656.5986046263163,4.0,4.0
-236.95215890249733,-656.1931065859355,4.0,4.0
-237.3326314759139,-655.7887046747499,4.0,4.0
-237.71836081374352,-655.3897833314513,4.0,4.0
-238.11027906827496,-654.9966470217345,4.0,4.0
-238.5048562686178,-654.6061901024809,4.0,4.0
-238.90201600136461,-654.2184734511493,4.0,4.0
-239.10119183846226,-654.0252545255847,4.0,4.0
-239.30070386523485,-653.8323400792922,4.0,4.0
-239.70017108457722,-653.4468156859934,4.0,4.0
-240.10006618881053,-653.061474000839,4.0,4.0
-240.3000213843673,-652.8689249559203,4.0,4.0
-240.49994602127276,-652.6764368153065,4.0,4.0
-240.89971891036555,-652.2913996957774,4.0,4.0
-241.2993389994466,-651.9063017122041,4.0,4.0
-241.4991872478866,-651.71369182729,4.0,4.0
-241.6990049339116,-651.5210210480348,4.0,4.0
-242.09862502428112,-651.1358012722171,4.0,4.0
-242.49816870930349,-650.7505814975461,4.0,4.0
-242.69795583525544,-650.5579716160881,4.0,4.0
-242.89768183589638,-650.3653617321283,4.0,4.0
-243.29733249831477,-649.9798983948622,4.0,4.0
-243.69683034885944,-649.5943132696731,4.0,4.0
-244.0962212318217,-649.2087890386749,4.0,4.0
-244.4955051635544,-648.8232039558466,4.0,4.0
-244.89465156216147,-648.4374361833083,4.0,4.0
-245.29373683110362,-648.0517292867385,4.0,4.0
-245.69273040885315,-647.6659614854862,4.0,4.0
-246.09172398579156,-647.2802545737577,4.0,4.0
-246.49062587101974,-646.8943649636512,4.0,4.0
-246.88957359851636,-646.5081708722987,4.0,4.0
-247.08902454018462,-646.3150738259183,4.0,4.0
-247.28847548247148,-646.1219158853773,4.0,4.0
-247.68728568728946,-645.7357827066021,4.0,4.0
-248.08603477727902,-645.3495886567744,4.0,4.0
-248.28540932541128,-645.1564916402058,4.0,4.0
-248.48473803144796,-644.9633337304938,4.0,4.0
-248.88339544786032,-644.5772006069013,4.0,4.0
-249.28191534197524,-644.1908239237201,4.0,4.0
-249.4810912446617,-643.9976051406813,4.0,4.0
-249.68029771152447,-643.8043863589417,4.0,4.0
-250.07863424294308,-643.4179488084349,4.0,4.0
-250.47695549290637,-643.0315112522171,4.0,4.0
-250.67610083535416,-642.8382315755875,4.0,4.0
-250.87513920822232,-642.645012790664,4.0,4.0
-251.27326179932044,-642.2586361157408,4.0,4.0
-251.67132326762842,-641.8722594453087,4.0,4.0
-252.06946112715266,-641.4857000471181,4.0,4.0
-252.4675989856976,-641.0990188551905,4.0,4.0
-252.86564515758607,-640.7122767684212,4.0,4.0
-253.2636149240965,-640.325595575383,4.0,4.0
-253.66152356242952,-639.938914371421,4.0,4.0
-253.86039383183387,-639.7456346547235,4.0,4.0
-254.05924881836287,-639.5522331454415,4.0,4.0
-254.4569435064388,-639.1653083245616,4.0,4.0
-254.85466874468332,-638.7784443647334,4.0,4.0
-255.0535084358297,-638.5849819214318,4.0,4.0
-255.2523328422205,-638.3914585737697,4.0,4.0
-255.64999692786827,-638.0044727504094,4.0,4.0
-256.04758460245046,-637.6173042271979,4.0,4.0
-256.2463784368225,-637.4236590645191,4.0,4.0
-256.4451264243191,-637.2300747867478,4.0,4.0
-256.84262239245805,-636.8427844239245,4.0,4.0
-257.2400877925712,-636.4554940460591,4.0,4.0
-257.4388052099278,-636.2618488511,4.0,4.0
-257.6375226263356,-636.0681427590139,4.0,4.0
-258.0349574572983,-635.680486993385,4.0,4.0
-258.4323617251155,-635.2927703287085,4.0,4.0
-258.6309874549177,-635.0988815531123,4.0,4.0
-258.82958262333864,-634.905053674963,4.0,4.0
-259.2268035270316,-634.5173979275146,4.0,4.0
-259.623902185537,-634.1297421902877,4.0,4.0
-259.82243623181284,-633.9358534223206,4.0,4.0
-260.02100084062863,-633.7419646537081,4.0,4.0
-260.41806893807046,-633.3541871250875,4.0,4.0
-260.8150759155062,-632.9664096096739,4.0,4.0
-261.2120523355177,-632.5784494188551,4.0,4.0
-261.60890651296916,-632.1904283502745,4.0,4.0
-262.0057301341987,-631.8024072944854,4.0,4.0
-262.40252319520266,-631.4143253461027,4.0,4.0
-262.79916344807515,-631.0263043012864,4.0,4.0
-263.19577314511986,-630.6383441655398,4.0,4.0
-263.5923217152444,-630.2502622353206,4.0,4.0
-263.9889008467543,-629.862119403745,4.0,4.0
-264.1871598515255,-629.6679870965927,4.0,4.0
-264.3853882946236,-629.4737938953136,4.0,4.0
-264.7819063079981,-629.0854683917686,4.0,4.0
-265.178179823596,-628.6972037854405,4.0,4.0
-265.37631658211836,-628.503071483467,4.0,4.0
-265.57445334114203,-628.3089391821138,4.0,4.0
-265.9707574194896,-627.9204918876021,4.0,4.0
-266.36700036839693,-627.5319836865345,4.0,4.0
-266.7631516305897,-627.1434145899292,4.0,4.0
-267.1592417661104,-626.7547845925061,4.0,4.0
-267.55530132986115,-626.3662763608447,4.0,4.0
-267.9512691995416,-625.9778290061706,4.0,4.0
-268.34705368683285,-625.5890771584159,4.0,4.0
-268.7428992776376,-625.2003252606845,4.0,4.0
-269.1388671038809,-624.811390640906,4.0,4.0
-269.53486548395915,-624.4223951054997,4.0,4.0
-269.7328188282813,-624.2278973332836,4.0,4.0
-269.9307721735428,-624.0334604563743,4.0,4.0
-270.32658717977984,-623.6443431325163,4.0,4.0
-270.7224021884953,-623.2551649160871,4.0,4.0
-271.1180949409777,-622.8659866836633,4.0,4.0
-271.5136960032137,-622.476747548908,4.0,4.0
-271.9092970645755,-622.0876302015881,4.0,4.0
-272.1070670282745,-621.8929497289938,4.0,4.0
-272.3048369903268,-621.6983301442613,4.0,4.0
-272.7003769135242,-621.3090300810343,4.0,4.0
-273.0959168356842,-620.9196082218562,4.0,4.0
-273.29362567298386,-620.7248668486989,4.0,4.0
-273.4913345112994,-620.5301254776969,4.0,4.0
-273.88672162490536,-620.1406427311417,4.0,4.0
-274.2819253618586,-619.7511599803888,4.0,4.0
-274.4795425116684,-619.5564186032117,4.0,4.0
-274.6771290997117,-619.361677230163,4.0,4.0
-275.0722717113428,-618.9720726857527,4.0,4.0
-275.4673531951249,-618.5823463456486,4.0,4.0
-275.8624346778196,-618.1925591077618,4.0,4.0
-276.2573939111861,-617.8027109761736,4.0,4.0
-276.6522614592955,-617.4128628459531,4.0,4.0
-277.04715956925315,-617.0230147140336,4.0,4.0
-277.44208824230356,-616.6331665826672,4.0,4.0
-277.8368335380112,-616.2431357602368,4.0,4.0
-278.2314871423632,-615.8531658233003,4.0,4.0
-278.62598794082953,-615.4633176896439,4.0,4.0
-278.82326889577536,-615.2683327118241,4.0,4.0
-279.0204887195276,-615.0732868259066,4.0,4.0
-279.4148366650246,-614.6832559158499,4.0,4.0
-279.80918460108626,-614.2930423011221,4.0,4.0
-280.0063127227102,-614.0979354862906,4.0,4.0
-280.203501963189,-613.9027677640252,4.0,4.0
-280.59778874181416,-613.5123713914526,4.0,4.0
-280.99207550602165,-613.122035882275,4.0,4.0
-281.18914247791776,-612.9268681189733,4.0,4.0
-281.3862400093233,-612.7317003476346,4.0,4.0
-281.78040449694294,-612.3411212012551,4.0,4.0
-282.1731936592388,-611.9493850246328,4.0,4.0
-282.56372118702166,-611.5555784067517,4.0,4.0
-282.9536374539184,-611.1607974486201,4.0,4.0
-283.34275908357205,-610.7652248320273,4.0,4.0
-283.73130001742504,-610.3689214591805,4.0,4.0
-284.11953532103723,-609.9724353940974,4.0,4.0
-284.50764836925845,-609.5757666314198,4.0,4.0
-284.89566972767545,-609.1789151815968,4.0,4.0
-285.2836605239828,-608.7820028367807,4.0,4.0
-285.6715596351025,-608.3850904977801,4.0,4.0
-286.059397629862,-607.9881172840143,4.0,4.0
-286.4472661993049,-607.5909614108427,4.0,4.0
-286.6411546445174,-607.3923225902716,4.0,4.0
-286.83504309197053,-607.1936228785373,4.0,4.0
-287.22281999462973,-606.7963452600868,4.0,4.0
-287.6089771111882,-606.3979715940372,4.0,4.0
-287.8001149573534,-606.197262405453,4.0,4.0
-287.98911343129015,-605.9949090629407,4.0,4.0
-288.36298443950244,-605.5860615287386,4.0,4.0
-288.7339825681023,-605.1742301404615,4.0,4.0
-288.91839666278776,-604.9672487864966,4.0,4.0
-289.1021689445333,-604.759841167624,4.0,4.0
-289.46873548731253,-604.3438688860463,4.0,4.0
-289.83447681939776,-603.9270440292399,4.0,4.0
-290.01711825923644,-603.7184184540343,4.0,4.0
-290.19972913276314,-603.5097928683733,4.0,4.0
-290.56473693061974,-603.092237204376,4.0,4.0
-290.92971414575607,-602.6745597088332,4.0,4.0
-291.2946302143984,-602.256821274506,4.0,4.0
-291.65954626791705,-601.8388392288105,4.0,4.0
-292.02437062406403,-601.4207962706876,4.0,4.0
-292.389194969947,-601.0026315025987,4.0,4.0
-292.7540498691013,-600.5845276117171,4.0,4.0
-293.1188436383059,-600.1663628148508,4.0,4.0
-293.48354571518905,-599.7481980134943,4.0,4.0
-293.84818666473114,-599.3300940997428,4.0,4.0
-294.0307363586252,-599.121163934411,4.0,4.0
-294.2141418003632,-598.9129645014843,4.0,4.0
-294.5824196806179,-598.4977835293869,4.0,4.0
-294.9513088092052,-598.0831506048867,4.0,4.0
-295.1360589962603,-597.8761081661153,4.0,4.0
-295.3209314322511,-597.669309302365,4.0,4.0
-295.69098193397076,-597.256076959254,4.0,4.0
-296.06118524638924,-596.8429664026205,4.0,4.0
-296.2463327415931,-596.6364111141515,4.0,4.0
-296.4315413609116,-596.4297340360134,4.0,4.0
-296.8019280326284,-596.0165016599528,4.0,4.0
-297.17228413817844,-595.6033301741963,4.0,4.0
-297.54251800244737,-595.1901587046575,4.0,4.0
-297.91266017949295,-594.776987239765,4.0,4.0
-298.2827717908004,-594.3637548744764,4.0,4.0
-298.6529139656041,-593.9504616174436,4.0,4.0
-299.02302558043897,-593.5371074732549,4.0,4.0
-299.39307607624846,-593.1237533419526,4.0,4.0
-299.7631265853164,-592.7103992356608,4.0,4.0
-300.13314654776474,-592.2966797949548,4.0,4.0
-300.5028914479304,-591.883143040923,4.0,4.0
-300.8725752311342,-591.4698498825159,4.0,4.0
-301.2419534030401,-591.0563740686061,4.0,4.0
-301.42664247865514,-590.849636139636,4.0,4.0
-301.6113621116033,-590.6428373080604,4.0,4.0
-301.98086249195376,-590.2291178342416,4.0,4.0
-302.3503322984531,-589.8152156562867,4.0,4.0
-302.53511304398046,-589.6082950129494,4.0,4.0
-302.71980210309084,-589.4013743694547,4.0,4.0
-303.08918022061374,-588.987593979987,4.0,4.0
-303.4585888982045,-588.5736917993091,4.0,4.0
-303.6432473914537,-588.3667102577475,4.0,4.0
-303.82784475707626,-588.1596678159231,4.0,4.0
-304.1970089218494,-587.7457047166027,4.0,4.0
-304.5661730891068,-587.3317416228894,4.0,4.0
-304.9352455467885,-586.9175349096486,4.0,4.0
-305.3043791159031,-586.5033281720591,4.0,4.0
-305.6732987342678,-586.089304094081,4.0,4.0
-306.04081247129636,-585.674183899771,4.0,4.0
-306.4060645674832,-585.2569323600455,4.0,4.0
-306.7706748206227,-584.838828236728,4.0,4.0
-307.13442931628566,-584.4198715750049,4.0,4.0
-307.49760312166296,-584.0004277508187,4.0,4.0
-307.8605324289628,-583.5806794591961,4.0,4.0
-308.22327835435124,-583.1608702610467,4.0,4.0
-308.585963156341,-582.7408174902966,4.0,4.0
-308.7672597145563,-582.5307911068055,4.0,4.0
-308.94843402349824,-582.320825619894,4.0,4.0
-309.31087433210087,-581.9008946559791,4.0,4.0
-309.6732840784642,-581.4808419044747,4.0,4.0
-309.8544889439097,-581.2707546171177,4.0,4.0
-310.03563268275246,-581.0606673306006,4.0,4.0
-310.3979812865615,-580.6404927600456,4.0,4.0
-310.76023820500166,-580.2204399858042,4.0,4.0
-310.941351384571,-580.0103527079432,4.0,4.0
-311.1224951276801,-579.8003263255646,4.0,4.0
-311.48469091655363,-579.3801517576155,4.0,4.0
-311.8468867050033,-578.9599771887443,4.0,4.0
-312.2089602459993,-578.5399244193256,4.0,4.0
-312.57103378955776,-578.1198107604613,4.0,4.0
-312.9330462025947,-577.6995753038076,4.0,4.0
-313.29505860808626,-577.2792180476042,4.0,4.0
-313.65694876059905,-576.858860785519,4.0,4.0
-314.0187777853228,-576.4385035212855,4.0,4.0
-314.3806068052831,-576.0182071453319,4.0,4.0
-314.7424052513736,-575.597849857405,4.0,4.0
-315.10411200094404,-575.1774925547517,4.0,4.0
-315.4657576186541,-574.757074344882,4.0,4.0
-315.82743379207477,-574.3365343383184,4.0,4.0
-316.0082718754644,-574.1262643302138,4.0,4.0
-316.18907939448184,-573.9159334233677,4.0,4.0
-316.5506333028096,-573.4952107067074,4.0,4.0
-316.9121872068152,-573.0744879871654,4.0,4.0
-317.09296415793267,-572.8641570740331,4.0,4.0
-317.2737411078134,-572.6538261593836,4.0,4.0
-317.63523388224024,-572.2330425397345,4.0,4.0
-317.99672665809356,-571.8121980339105,4.0,4.0
-318.17750360951067,-571.6017453358985,4.0,4.0
-318.3582194374037,-571.3912317464569,4.0,4.0
-318.7196205411466,-570.9702654801255,4.0,4.0
-319.0809910982122,-570.5491774582066,4.0,4.0
-319.44236166696135,-570.1279676694128,4.0,4.0
-319.8037016841828,-569.7067579015215,4.0,4.0
-320.1648583480789,-569.2856090695441,4.0,4.0
-320.5260150271147,-568.8645211606768,4.0,4.0
-320.88711059005027,-568.4434332710164,4.0,4.0
-321.24805334850583,-568.0222236074969,4.0,4.0
-321.6090572391497,-567.6010139575974,4.0,4.0
-321.96996944655285,-567.1796825276283,4.0,4.0
-322.33082053415404,-566.7582902125819,4.0,4.0
-322.69161050063224,-566.3369588023306,4.0,4.0
-323.0523393432345,-565.9156273959095,4.0,4.0
-323.2326884841624,-565.705053036654,4.0,4.0
-323.41300706093244,-565.4942959913576,4.0,4.0
-323.7735830807742,-565.0728427782639,4.0,4.0
-324.1341896541295,-564.6513286577119,4.0,4.0
-324.31444709590124,-564.4405107014375,4.0,4.0
-324.49470453656414,-564.2297536391633,4.0,4.0
-324.85515828310366,-563.8081786021312,4.0,4.0
-325.21558145706535,-563.3865426550024,4.0,4.0
-325.39580832316335,-563.1757855740528,4.0,4.0
-325.5760657509948,-562.9649067010669,4.0,4.0
-325.9363972260542,-562.5430880545789,4.0,4.0
-326.2967286951648,-562.1212085028999,4.0,4.0
-326.65709072510214,-561.6992071610368,4.0,4.0
-327.01739163176387,-561.2772667187803,4.0,4.0
-327.37753972470693,-560.8553262785259,4.0,4.0
-327.55761377097417,-560.6443865065619,4.0,4.0
-327.7377183815596,-560.4333858401712,4.0,4.0
-328.09780534978665,-560.0113236151193,4.0,4.0
-328.45770893582403,-559.5892613762041,4.0,4.0
-328.81779590060813,-559.1671991469153,4.0,4.0
-329.17773005137934,-558.7450151277441,4.0,4.0
-329.5375113783979,-558.3227701961902,4.0,4.0
-329.89720102764073,-557.9007079677799,4.0,4.0
-330.25676841930664,-557.478402149615,4.0,4.0
-330.4365673907203,-557.2671578879331,4.0,4.0
-330.6163663595124,-557.0559745193784,4.0,4.0
-330.9760559838761,-556.6333033077184,4.0,4.0
-331.3358678727201,-556.2105712250032,4.0,4.0
-331.51572797825185,-555.9991442997045,4.0,4.0
-331.69561865059615,-555.7877173815398,4.0,4.0
-331.8754482084899,-555.5764122696817,4.0,4.0
-332.05515552354683,-555.3651071707152,4.0,4.0
-332.41432566724035,-554.9426796821822,4.0,4.0
-332.5938190558441,-554.7315572882299,4.0,4.0
-332.77334300696,-554.5204957883469,4.0,4.0
-332.95280582495946,-554.3093733810731,4.0,4.0
-333.1323297570491,-554.0981291652071,4.0,4.0
-333.49140815916286,-553.6753971178712,4.0,4.0
-333.6710237574223,-553.4640310786682,4.0,4.0
-333.85060879125365,-553.2526041442543,4.0,4.0
-334.0301632632135,-553.0412381045963,4.0,4.0
-334.20974829870664,-552.8297502777029,4.0,4.0
-334.3893027724444,-552.6182624527743,4.0,4.0
-334.5688266844347,-552.4067137336021,4.0,4.0
-334.9278133859322,-551.9837380917438,4.0,4.0
-335.1073067407729,-551.772189383577,4.0,4.0
-335.28683066172965,-551.5607015766307,4.0,4.0
-335.46638514794296,-551.3491528801321,4.0,4.0
-335.6459090739319,-551.137665080977,4.0,4.0
-336.0048346771054,-550.7145677017177,4.0,4.0
-336.1843280473313,-550.5030190189686,4.0,4.0
-336.3638825472852,-550.291470348321,4.0,4.0
-336.54331480129014,-550.0798607884793,4.0,4.0
-336.7227776207787,-549.8683121289783,4.0,4.0
-336.90217931277687,-549.6566416741606,4.0,4.0
-337.26095214861084,-549.2334225836554,4.0,4.0
-337.4403844182541,-549.0218130513372,4.0,4.0
-337.6197555670469,-548.8102644207145,4.0,4.0
-337.79915727961924,-548.5985940021235,4.0,4.0
-337.97843673872325,-548.3869235797122,4.0,4.0
-338.15771620166436,-548.1753140577389,4.0,4.0
-338.5163362633765,-547.7521559294306,4.0,4.0
-338.6956157357711,-547.5405464240514,4.0,4.0
-338.8748952051396,-547.3289369131604,4.0,4.0
-339.05414410757146,-547.1173273959375,4.0,4.0
-339.2337597592415,-546.9059005636173,4.0,4.0
-339.4141700352387,-546.6951435697832,4.0,4.0
-339.59601674807277,-546.4857262637549,4.0,4.0
-339.96530310859686,-546.0717023337211,4.0,4.0
-340.1517341943855,-545.8659996054421,4.0,4.0
-340.33880709324524,-545.6609667194577,4.0,4.0
-340.52667461711906,-545.4567254693945,4.0,4.0
-340.71512282834954,-545.2531540594673,4.0,4.0
-341.0935473759567,-544.847350926073,4.0,4.0
-341.2832486482489,-544.6448756216739,4.0,4.0
-341.47310273182717,-544.4426438939212,4.0,4.0
-342.04336791690855,-543.8363140799665,4.0,4.0
-342.2335276227467,-543.6342650319916,4.0,4.0
-342.4236873267479,-543.432215984822,4.0,4.0
-342.80400673037025,-543.0281178802121,4.0,4.0
-342.99419699406667,-542.8260688286399,4.0,4.0
-343.1844178187086,-542.6240806672932,4.0,4.0
-343.56473721254974,-542.2200434464229,4.0,4.0
-343.94502603944403,-541.8160671153673,4.0,4.0
-344.3253454198604,-541.4119080841896,4.0,4.0
-344.7055730992861,-541.0075663506677,4.0,4.0
-344.89570221833776,-540.8053345861726,4.0,4.0
-345.0858007747248,-540.6031028252212,4.0,4.0
-345.46590619863997,-540.198700189737,4.0,4.0
-345.8460727483462,-539.7942975567887,4.0,4.0
-346.0361713060171,-539.5921266922344,4.0,4.0
-346.2261781757209,-539.3899558267761,4.0,4.0
-346.60597797551594,-538.9856749873697,4.0,4.0
-346.98580833629455,-538.5811505680622,4.0,4.0
-347.175692946431,-538.3788578993303,4.0,4.0
-347.36557755204046,-538.1765043302379,4.0,4.0
-347.7454690100691,-537.7717362907745,4.0,4.0
-348.126613537287,-537.3682470571439,4.0,4.0
-348.5131370746581,-536.9698729999498,4.0,4.0
-348.90577313766835,-536.5772230919831,4.0,4.0
-349.3010987246793,-536.1874352786659,4.0,4.0
-349.6989610255874,-535.80020508814,4.0,4.0
-350.09838203878815,-535.4146190932049,4.0,4.0
-350.4985060245662,-535.029642102666,4.0,4.0
-350.8989662282787,-534.6450305259973,4.0,4.0
-351.2993959097985,-534.2606625935084,4.0,4.0
-351.69967280959196,-533.8764773890671,4.0,4.0
-352.1012639141015,-533.4935710035794,4.0,4.0
-352.50777559643865,-533.1162060652632,4.0,4.0
-352.71395015486337,-532.9305378861714,4.0,4.0
-352.9222946493233,-532.7473663888469,4.0,4.0
-353.3462880691673,-532.3894268654584,4.0,4.0
-353.78070329300215,-532.0441534408626,4.0,4.0
-354.00194515230413,-531.876692780232,4.0,4.0
-354.22593763137786,-531.7127640107942,4.0,4.0
-354.68241896173544,-531.3973289980895,4.0,4.0
-355.15051406805287,-531.0991881380966,4.0,4.0
-355.38752617095395,-530.9541367451693,4.0,4.0
-355.62563852263577,-530.8110948761549,4.0,4.0
-356.10498058866284,-530.53018717747,4.0,4.0
-356.58695102454465,-530.2535421059333,4.0,4.0
-357.0702662059114,-529.979332816362,4.0,4.0
-357.5542537639396,-529.705976056791,4.0,4.0
-358.0386080652166,-529.4331064454484,4.0,4.0
-358.52302348253056,-529.160358612314,4.0,4.0
-359.00844746245673,-528.8892549378119,4.0,4.0
-359.4973555624473,-528.624666995303,4.0,4.0
-359.99185659935523,-528.370431163801,4.0,4.0
-360.49295914286745,-528.1290441383284,4.0,4.0
-361.0009382625951,-527.9023936678598,4.0,4.0
-361.51551889043833,-527.6916367429989,4.0,4.0
-362.03437827605364,-527.5007924179624,4.0,4.0
-362.296696143971,-527.4140782340329,4.0,4.0
-362.56112285210565,-527.3339407254957,4.0,4.0
-363.0954164090933,-527.1951006886711,4.0,4.0
-363.6387258932789,-527.0866471250401,4.0,4.0
-363.9127491981308,-527.0437162764515,4.0,4.0
-364.18683360661345,-527.0097369260876,4.0,4.0
-364.73384111208946,-526.9688155934255,4.0,4.0
-365.28430226973506,-526.9641876707318,4.0,4.0
-365.5585700860043,-526.9758794393133,4.0,4.0
-365.83369366883846,-526.9998110796951,4.0,4.0
-366.37953991408443,-527.0821409096277,4.0,4.0
-366.9143530430653,-527.2100199402523,4.0,4.0
-367.43761367069203,-527.3852752704577,4.0,4.0
-367.94779353091553,-527.5967629583936,4.0,4.0
-368.4474292534677,-527.8298072773467,4.0,4.0
-368.9421750039062,-528.0800848535335,4.0,4.0
-369.43248921156214,-528.3387050398609,4.0,4.0
-369.9210613656345,-528.6015878719259,4.0,4.0
-370.4089917183533,-528.8664802462292,4.0,4.0
-370.8966775884981,-529.1324687495946,4.0,4.0
-371.3843940446932,-529.3986399699446,4.0,4.0
-371.87195771514143,-529.664872125917,4.0,4.0
-372.35942971766906,-529.9310434103006,4.0,4.0
-372.6031351610973,-530.0640377177973,4.0,4.0
-372.84690172901776,-530.1969711275871,4.0,4.0
-373.33443486443326,-530.4628379502682,4.0,4.0
-373.8218763102684,-530.7285829793831,4.0,4.0
-374.0654594990055,-530.8612119105801,4.0,4.0
-374.3089204425398,-530.9939017422174,4.0,4.0
-374.79492546910296,-531.2605602165677,4.0,4.0
-375.2771407244444,-531.5336735030361,4.0,4.0
-375.51613953252485,-531.6739142693182,4.0,4.0
-375.7533962836695,-531.8169562025528,4.0,4.0
-376.22198068073254,-532.1122352026905,4.0,4.0
-376.6811212972629,-532.4210328832004,4.0,4.0
-377.1300541116589,-532.7434710919724,4.0,4.0
-377.56648690884913,-533.0814984203619,4.0,4.0
-377.9863549002542,-533.4384032195231,4.0,4.0
-378.388741177882,-533.8153424438106,4.0,4.0
-378.77871908034166,-534.2053131437591,4.0,4.0
-379.1604451029861,-534.6027738913247,4.0,4.0
-379.53688380726726,-535.005410682923,4.0,4.0
-379.91063299534625,-535.4106659248829,4.0,4.0
-380.28309855351813,-535.8173217411143,4.0,4.0
-380.6551667993827,-536.224403819916,4.0,4.0
-381.0269599981977,-536.6318512874593,4.0,4.0
-381.21290244505286,-536.8356054744354,4.0,4.0
-381.3988754540596,-537.0393596596468,4.0,4.0
-381.77088260008463,-537.44686803473,4.0,4.0
-382.14295088794063,-537.8544373288587,4.0,4.0
-382.32907672030336,-538.0582524236678,4.0,4.0
-382.51517198832886,-538.2620675161959,4.0,4.0
-382.8876070212158,-538.6696368025365,4.0,4.0
-383.2601642996406,-539.0770842918366,4.0,4.0
-383.44653462593044,-539.2808384829561,4.0,4.0
-383.63287439163685,-539.4845317818924,4.0,4.0
-384.0057984192343,-539.8920401665328,4.0,4.0
-384.3788141122568,-540.2994267261954,4.0,4.0
-384.75201318477554,-540.7068741872159,4.0,4.0
-385.1253345084306,-541.1142607574257,4.0,4.0
-385.50012282898217,-541.5203076353947,4.0,4.0
-385.8802290292927,-541.9209348867855,4.0,4.0
-386.2688927450009,-542.3129151050822,4.0,4.0
-386.6656861119334,-542.6972226194657,4.0,4.0
-387.06691105037254,-543.0773284079808,4.0,4.0
-387.47140619375404,-543.4536587460655,4.0,4.0
-387.8777656577383,-543.8277968832372,4.0,4.0
-388.2851031073301,-544.2009606834367,4.0,4.0
-388.69317402082544,-544.5736372726151,4.0,4.0
-388.8973011547499,-544.7599755528493,4.0,4.0
-389.1015199738215,-544.9460702515462,4.0,4.0
-389.5100492948502,-545.31825964131,4.0,4.0
-389.91848692063564,-545.6902054377714,4.0,4.0
-390.1227974154919,-545.8761174339165,4.0,4.0
-390.3271079041231,-546.0620294221202,4.0,4.0
-390.73585111883216,-546.4338533784871,4.0,4.0
-391.14477769905375,-546.8054946363408,4.0,4.0
-391.34921042262454,-546.9913457089874,4.0,4.0
-391.553704269004,-547.1771967743263,4.0,4.0
-391.9626614015695,-547.5487771244257,4.0,4.0
-392.37167966866895,-547.9201139066982,4.0,4.0
-392.7807896293522,-548.2914506957397,4.0,4.0
-393.1897773407086,-548.662483013818,4.0,4.0
-393.5988261764782,-549.0332717485198,4.0,4.0
-393.8033811509221,-549.2186356604311,4.0,4.0
-394.0079361215911,-549.4040604619604,4.0,4.0
-394.41713772815166,-549.774910033803,4.0,4.0
-394.82636987931,-550.1455768955585,4.0,4.0
-395.2357853991393,-550.5161219579004,4.0,4.0
-395.645231470617,-550.8866670041889,4.0,4.0
-396.0547386607394,-551.2570293577521,4.0,4.0
-396.4642764063047,-551.6272090156459,4.0,4.0
-396.87390581388337,-551.9975104279623,4.0,4.0
-397.0788274832094,-552.1825088925511,4.0,4.0
-397.2837185861151,-552.3676291424717,4.0,4.0
-397.693623036003,-552.7378087342319,4.0,4.0
-398.1034052235636,-553.1077447318731,4.0,4.0
-398.3083268752568,-553.2927431709909,4.0,4.0
-398.51327908390044,-553.477741603489,4.0,4.0
-398.9233668561437,-553.8474948580774,4.0,4.0
-399.3335768484473,-554.2173698600692,4.0,4.0
-399.743847954098,-554.5872448474411,4.0,4.0
-400.1543635516055,-554.957180716661,4.0,4.0
-400.5660099576324,-555.3255942098783,4.0,4.0
-400.98233243756164,-555.687796454208,4.0,4.0
-401.4062038607714,-556.0407427019506,4.0,4.0
-401.8391523441781,-556.3824234149479,4.0,4.0
-402.2805666375689,-556.7139955947996,4.0,4.0
-402.72668755557083,-557.0401481386525,4.0,4.0
-403.17613979826973,-557.3618553814263,4.0,4.0
-403.6273952448544,-557.6811268553544,4.0,4.0
-404.07962870635686,-557.9989977705483,4.0,4.0
-404.5323206037174,-558.3163815237707,4.0,4.0
-404.98614331463205,-558.6318166487004,4.0,4.0
-405.4438169096618,-558.9403706741266,4.0,4.0
-405.67493060768265,-559.0910853364541,4.0,4.0
-405.9079086133846,-559.2389379364299,4.0,4.0
-406.37957979721034,-559.5251435335485,4.0,4.0
-406.859563956322,-559.7970997205466,4.0,4.0
-407.102688683995,-559.927171011338,4.0,4.0
-407.3477388256535,-560.0538930568873,4.0,4.0
-407.8420567080829,-560.2911391042044,4.0,4.0
-408.3464907427585,-560.5048188291962,4.0,4.0
-408.6020543302932,-560.6024939955795,4.0,4.0
-408.86097976636694,-560.6954802321103,4.0,4.0
-409.385676639257,-560.8696391157816,4.0,4.0
-409.9139798999467,-561.0332023310928,4.0,4.0
-410.1792929147813,-561.1121218948498,4.0,4.0
-410.44500324455197,-561.1900062533177,4.0,4.0
-410.9773102424615,-561.3427911629683,4.0,4.0
-411.5100451333685,-561.4938101474282,4.0,4.0
-412.04320791234676,-561.6437939395624,4.0,4.0
-412.5764318257983,-561.7933514778987,4.0,4.0
-413.10990024232126,-561.9426045477171,4.0,4.0
-413.64370485120395,-562.0899089922748,4.0,4.0
-414.17885421049505,-562.229601590849,4.0,4.0
-414.7163874407381,-562.3576632839412,4.0,4.0
-415.2569463437286,-562.4715364752544,4.0,4.0
-415.80059202297764,-562.5692116079521,4.0,4.0
-416.0735456614063,-562.6115943123721,4.0,4.0
-416.3470799777393,-562.6495925794976,4.0,4.0
-416.8954016444172,-562.710669856212,4.0,4.0
-417.4421034468949,-562.7459885781121,4.0,4.0
-417.71572942640233,-562.753052270205,4.0,4.0
-417.98963047097413,-562.7522605420417,4.0,4.0
-418.5378603563775,-562.7300336526678,4.0,4.0
-419.08884081336566,-562.6871633662818,4.0,4.0
-419.3639642751398,-562.6608566193318,4.0,4.0
-419.63908772908184,-562.6320531775783,4.0,4.0
-420.1889984504238,-562.5689657650148,4.0,4.0
-420.7386646665044,-562.5016157124766,4.0,4.0
-421.28826973989743,-562.4323779006766,4.0,4.0
-421.8377525654194,-562.3620439850046,4.0,4.0
-422.38714372143687,-562.2911620422265,4.0,4.0
-422.9366265596335,-562.21991472338,4.0,4.0
-423.4861399439068,-562.1487891732746,4.0,4.0
-424.0354088584796,-562.0773591919129,4.0,4.0
-424.58464721113745,-562.0057465266018,4.0,4.0
-425.13391611515794,-561.9341338481537,4.0,4.0
-425.4085811324643,-561.8982666175393,4.0,4.0
-425.6832155878422,-561.8624602825879,4.0,4.0
-426.23205663680955,-561.7889598938239,4.0,4.0
-426.7790639430809,-561.7080912483872,4.0,4.0
-427.05171185095594,-561.6633334026633,4.0,4.0
-427.3237790747319,-561.6154090347127,4.0,4.0
-427.86568246114786,-561.5087819270329,4.0,4.0
-428.4039489010659,-561.3859568014814,4.0,4.0
-428.67155399478804,-561.3182416277044,4.0,4.0
-428.93793658734677,-561.246081135939,4.0,4.0
-429.4665452578893,-561.0881806001552,4.0,4.0
-429.9917920779975,-560.9175530911052,4.0,4.0
-430.2536208551487,-560.8291336922686,4.0,4.0
-430.51496062753733,-560.7390092362045,4.0,4.0
-431.0365399116473,-560.555289305616,4.0,4.0
-431.55711062607554,-560.3688291018432,4.0,4.0
-432.07722290740315,-560.1809074323353,4.0,4.0
-432.5971823617259,-559.9923159018093,4.0,4.0
-433.11714180479686,-559.80335898857,4.0,4.0
-433.63694843617134,-559.6141584966999,4.0,4.0
-434.15666338335365,-559.4248362223964,4.0,4.0
-434.6762866358466,-559.235453044387,4.0,4.0
-435.195940448943,-559.0459480752392,4.0,4.0
-435.7155942447361,-558.8561995056428,4.0,4.0
-436.2352786094444,-558.6663900502085,4.0,4.0
-436.7549324043345,-558.4765196915307,4.0,4.0
-437.27369989119063,-558.2848833915233,4.0,4.0
-437.5320445092427,-558.1868425829979,4.0,4.0
-437.78925831228224,-558.0864268749576,4.0,4.0
-438.3001100969551,-557.8771310751631,4.0,4.0
-438.8052161128854,-557.6548037734674,4.0,4.0
-439.0551865800309,-557.5380073448437,4.0,4.0
-439.3033232935468,-557.4174354363628,4.0,4.0
-439.7954707714187,-557.1670964949582,4.0,4.0
-440.2844702889149,-556.9096328369092,4.0,4.0
-440.527900357093,-556.778769689307,4.0,4.0
-440.7708719863549,-556.6469322229977,4.0,4.0
-441.25583723663857,-556.3813695450293,4.0,4.0
-441.7401912297387,-556.114345382255,4.0,4.0
-442.22414791225657,-555.8465904878739,4.0,4.0
-442.70779897539694,-555.5784093386324,4.0,4.0
-443.19126666579325,-555.3100455099302,4.0,4.0
-443.6748260407186,-555.0416207821509,4.0,4.0
-444.1573462919951,-554.7715519000103,4.0,4.0
-444.6355266718511,-554.4951499679884,4.0,4.0
-445.10731948957,-554.2087612956326,4.0,4.0
-445.571380004144,-553.910193683186,4.0,4.0
-446.0262106520681,-553.5981074462466,4.0,4.0
-446.47309505548446,-553.2740249456019,4.0,4.0
-446.91560902316974,-552.943365813419,4.0,4.0
-447.135505977115,-552.7761485137555,4.0,4.0
-447.3547305613639,-552.608078692836,4.0,4.0
-447.7920794685713,-552.2702339837076,4.0,4.0
-448.22838923254795,-551.931232254529,4.0,4.0
-448.44626905306956,-551.7613355739817,4.0,4.0
-448.6641488719505,-551.59143889234,4.0,4.0
-449.0998779324046,-551.2512801450364,4.0,4.0
-449.53542360798394,-550.9109387029099,4.0,4.0
-449.7531200447206,-550.7407375411099,4.0,4.0
-449.9708776063046,-550.5704754847288,4.0,4.0
-450.40627047933543,-550.2300122673523,4.0,4.0
-450.84157166958846,-549.8894272684049,4.0,4.0
-451.27690342781733,-549.5487813806426,4.0,4.0
-451.71232687461014,-549.208135498442,4.0,4.0
-452.1463444569283,-548.8660890493186,4.0,4.0
-452.57516643728405,-548.5185621003172,4.0,4.0
-452.99610330863595,-548.1621445354627,4.0,4.0
-453.40741300629946,-547.7949486162422,4.0,4.0
-453.8073840376412,-547.4158173475038,4.0,4.0
-454.1947327807262,-547.0242026823727,4.0,4.0
-454.56945925046153,-546.6206526926187,4.0,4.0
-454.93776755409647,-546.2099170709799,4.0,4.0
-455.30124696168906,-545.7944925274112,4.0,4.0
-455.48174887974267,-545.5856232494762,4.0,4.0
-455.66182292186386,-545.3762059191117,4.0,4.0
-456.02093187964306,-544.956640518758,4.0,4.0
-456.37918508874225,-544.5363443826062,4.0,4.0
-456.558220007363,-544.3260745291791,4.0,4.0
-456.7371326739544,-544.1156219875436,4.0,4.0
-457.0950496905031,-543.6947777950154,4.0,4.0
-457.45266108275734,-543.2737509217711,4.0,4.0
-457.63145150283725,-543.0631765955001,4.0,4.0
-457.8102419258256,-542.8525413796112,4.0,4.0
-458.16779221556874,-542.4313318499775,4.0,4.0
-458.52540363638525,-542.0101223285307,4.0,4.0
-458.882801132781,-541.5888519288941,4.0,4.0
-459.2400458246633,-541.1676424345542,4.0,4.0
-459.59713770517544,-540.7464329414431,4.0,4.0
-459.9542601449954,-540.3250407615816,4.0,4.0
-460.3113520204735,-539.9035267926297,4.0,4.0
-460.66826052266435,-539.4817692462443,4.0,4.0
-461.0252301654109,-539.0600726117783,4.0,4.0
-461.3820470065727,-538.6383150977009,4.0,4.0
-461.73871106520863,-538.2165576211727,4.0,4.0
-462.0953751408102,-537.7949828478106,4.0,4.0
-462.4520086571101,-537.3734080771761,4.0,4.0
-462.63027957213075,-537.162590248261,4.0,4.0
-462.8085199257694,-536.951772416336,4.0,4.0
-463.16497007553284,-536.5300758690485,4.0,4.0
-463.5213896670923,-536.1084402222241,4.0,4.0
-463.69959946446954,-535.8976224009996,4.0,4.0
-463.8777175740138,-535.6868045793539,4.0,4.0
-464.2337398598802,-535.2650471496249,4.0,4.0
-464.5897315851924,-534.8431679364048,4.0,4.0
-464.7678496859391,-534.6322283158622,4.0,4.0
-464.9458455333097,-534.4213495849428,4.0,4.0
-465.3016844145677,-533.9993485459274,4.0,4.0
-465.6574010434094,-533.5772866106461,4.0,4.0
-466.01317878919696,-533.1551637694977,4.0,4.0
-466.36895653273467,-532.7328582444233,4.0,4.0
-466.72470371271663,-532.3105527155296,4.0,4.0
-466.9025773028588,-532.099430400573,4.0,4.0
-467.08038976854897,-531.8882471915139,4.0,4.0
-467.4358924506526,-531.4658198778243,4.0,4.0
-467.79127288240136,-531.0433316715375,4.0,4.0
-468.1451863032178,-530.6198082423068,4.0,4.0
-468.49280383557743,-530.1920830587837,4.0,4.0
-468.833972665405,-529.7588164342092,4.0,4.0
-469.172207471398,-529.3226268363989,4.0,4.0
-469.5076305020664,-528.8843058927733,4.0,4.0
-469.67465435528027,-528.6645364665242,4.0,4.0
-469.84128089916896,-528.444462570417,4.0,4.0
-470.00769350599285,-528.2241450972244,4.0,4.0
-470.17398385797236,-528.0038276175542,4.0,4.0
-470.50632005201993,-527.5628881770183,4.0,4.0
-470.67242702192647,-527.3422662167375,4.0,4.0
-470.8383506231163,-527.121644263085,4.0,4.0
-471.17028951962993,-526.6802785756058,4.0,4.0
-471.50232010687324,-526.2387302091234,4.0,4.0
-471.6683048419032,-526.0179255832431,4.0,4.0
-471.83407565338445,-525.7970600771365,4.0,4.0
-472.1658923634293,-525.3553290957507,4.0,4.0
-472.4974645918515,-524.9136590296391,4.0,4.0
-472.6632659974181,-524.6928544559609,4.0,4.0
-472.8289757232754,-524.472171678858,4.0,4.0
-473.16036461332493,-524.0307452351234,4.0,4.0
-473.4915090039108,-523.5891970024105,4.0,4.0
-473.8228673114766,-523.1475269573249,4.0,4.0
-474.154164500082,-522.7057351297645,4.0,4.0
-474.48530888649316,-522.2638215248231,4.0,4.0
-474.81623935764105,-521.8219688414657,4.0,4.0
-475.1472004083878,-521.3799334902121,4.0,4.0
-475.47794752546497,-520.9377763560071,4.0,4.0
-475.8044770393554,-520.4933661385463,4.0,4.0
-476.12287695453006,-520.0439016858844,4.0,4.0
-476.28042653236105,-519.817616637527,4.0,4.0
-476.437242596593,-519.5906617317542,4.0,4.0
-476.7483074651287,-519.134864171626,4.0,4.0
-477.0568661985266,-518.6773615476915,4.0,4.0
-477.2106260056936,-518.4482753181517,4.0,4.0
-477.36411075379704,-518.2191281968899,4.0,4.0
-477.67074405199094,-517.7602858915934,4.0,4.0
-477.97704115380674,-517.3010782095539,4.0,4.0
-478.1301285753147,-517.0714439163871,4.0,4.0
-478.2832159976712,-516.8416269395202,4.0,4.0
-478.58926859861424,-516.3821147809206,4.0,4.0
-478.8951072683913,-515.9226635274797,4.0,4.0
-479.20085426515936,-515.4632122890048,4.0,4.0
-479.50660125572,-515.0035783581425,4.0,4.0
-479.8124399317981,-514.5436399538077,4.0,4.0
-480.11824806691897,-514.0837015727719,4.0,4.0
-480.42384229846175,-513.6237023318567,4.0,4.0
-480.7293754240825,-513.1638249032459,4.0,4.0
-481.0347863151867,-512.70400838559,4.0,4.0
-481.34007498815066,-512.2441919023258,4.0,4.0
-481.6453025419152,-511.7841318450919,4.0,4.0
-481.95046897501845,-511.3238891082684,4.0,4.0
-482.2555743051233,-510.8637072917096,4.0,4.0
-482.40798944586567,-510.63364683860885,4.0,4.0
-482.5603740311302,-510.40355594318544,4.0,4.0
-482.8651737667893,-509.9433741568201,4.0,4.0
-483.16994294091546,-509.48307058345006,4.0,4.0
-483.322419215957,-509.2529492441726,4.0,4.0
-483.4747732430402,-509.0228279063153,4.0,4.0
-483.7793590703318,-508.56252436142023,4.0,4.0
-484.08379210621604,-508.1020990481462,4.0,4.0
-484.23605446628034,-507.871855942349,4.0,4.0
-484.38831682487427,-507.64161283563556,4.0,4.0
-484.6926887364295,-507.1811266283669,4.0,4.0
-484.9969078419129,-506.72060997957146,4.0,4.0
-485.1489257119106,-506.4903668838948,4.0,4.0
-485.3009435826411,-506.26015423689716,4.0,4.0
-485.6050710104789,-505.79963759716054,4.0,4.0
-485.90745637631954,-505.33817708874676,4.0,4.0
-486.20311799787277,-504.8730324534107,4.0,4.0
-486.4916585582094,-504.40335115843516,4.0,4.0
-486.7769289296981,-503.93123406972074,4.0,4.0
-487.05902079916643,-503.4571074544176,4.0,4.0
-487.33912610193937,-502.98170204268706,4.0,4.0
-487.61828395821146,-502.5056267784116,4.0,4.0
-487.89689167792324,-502.02927747619844,4.0,4.0
-488.17519377085915,-501.55274548661674,4.0,4.0
-488.31434481430637,-501.31440337068784,4.0,4.0
-488.45343472601763,-501.07609169372984,4.0,4.0
-488.7314922945641,-500.59916386389057,4.0,4.0
-489.0094276096549,-500.1222664750231,4.0,4.0
-489.1483952647403,-499.8838330028376,4.0,4.0
-489.28727122940944,-499.64539952819143,4.0,4.0
-489.56499258913345,-499.1683803311155,4.0,4.0
-489.8426528170466,-498.6913002354106,4.0,4.0
-489.9814370844164,-498.4527449619211,4.0,4.0
-490.1202519102362,-498.2142201284321,4.0,4.0
-490.3977287372428,-497.73707910861503,4.0,4.0
-490.67502217857196,-497.2599076319709,4.0,4.0
-490.8133785543889,-497.02116965483117,4.0,4.0
-490.9506957979999,-496.7820054066383,4.0,4.0
-491.21952339682866,-496.3007539496532,4.0,4.0
-491.47771523496016,-495.81414374387504,4.0,4.0
-491.72627988513756,-495.3221139011508,4.0,4.0
-491.9695572211479,-494.82710021475,4.0,4.0
-492.20828074672346,-494.3298334244272,4.0,4.0
-492.4444370089699,-493.83140961809124,4.0,4.0
-492.67930963226786,-493.332285511339,4.0,4.0
-492.9136015540379,-492.83270467809706,4.0,4.0
-493.14755728009106,-492.33275846845646,4.0,4.0
-493.3813296306343,-491.83281225755036,4.0,4.0
-493.49804772087055,-491.5829000564304,4.0,4.0
-493.614765816381,-491.3329574141096,4.0,4.0
-493.84823257329583,-490.8331330247343,4.0,4.0
-494.08182158132405,-490.3332781901996,4.0,4.0
-494.3150743847079,-489.8333015491089,4.0,4.0
-494.5482355087929,-489.3332335739382,4.0,4.0
-494.78139663106396,-488.83316559856314,4.0,4.0
-494.89762571110555,-488.58291846632716,4.0,4.0
-495.01275453964445,-488.332366857276,4.0,4.0
-495.24111731355885,-487.8304415564092,4.0,4.0
-495.4685020886925,-487.32812043947536,4.0,4.0
-495.58173603381726,-487.0767467462099,4.0,4.0
-495.6948171553765,-486.82522080346047,4.0,4.0
-495.9204903736448,-486.3221384467498,4.0,4.0
-496.1458273721647,-485.8187211381037,4.0,4.0
-496.37088928057085,-485.31515156547675,4.0,4.0
-496.59589004906337,-484.81142974322995,4.0,4.0
-496.82079911168364,-484.3075556663101,4.0,4.0
-497.04546368515344,-483.8037120477311,4.0,4.0
-497.2701282672985,-483.29980754418364,4.0,4.0
-497.49448720678083,-482.7955985503115,4.0,4.0
-497.71780702892914,-482.2911459846075,4.0,4.0
-497.94072955171606,-481.7866325369721,4.0,4.0
-498.05209913878247,-481.5344062759167,4.0,4.0
-498.1633770317178,-481.2820886647924,4.0,4.0
-498.38581055101696,-480.7774534241408,4.0,4.0
-498.6080606893855,-480.2726354975855,4.0,4.0
-498.7192468821004,-480.02019608551575,4.0,4.0
-498.8303413780555,-479.7677871106995,4.0,4.0
-499.0524386617277,-479.26296914538625,4.0,4.0
-499.27432201562596,-478.7579989486387,4.0,4.0
-499.3853859429084,-478.50552907663484,4.0,4.0
-499.49638873853695,-478.2530591968024,4.0,4.0
-499.7183943152426,-477.7480585291136,4.0,4.0
-499.940308216613,-477.2430883201727,4.0,4.0
-500.05115819852426,-476.9906184414079,4.0,4.0
-500.162038740466,-476.73811811336066,4.0,4.0
-500.3837692553762,-476.2331783438259,4.0,4.0
-500.6053774989078,-475.72811676526663,4.0,4.0
-500.71613576953564,-475.47555552204665,4.0,4.0
-500.8268329115336,-475.22299427466794,4.0,4.0
-501.0464851275828,-474.7173237243736,4.0,4.0
-501.2599331489255,-474.2093391675263,4.0,4.0
-501.4702637745812,-473.69964953633985,4.0,4.0
-501.6779965795928,-473.1889551377991,4.0,4.0
-501.8839567485249,-472.677438651665,4.0,4.0
-502.0888472034939,-472.16549587543614,4.0,4.0
-502.2931264001664,-471.6531877240983,4.0,4.0
-502.3951743089127,-471.3970032001424,4.0,4.0
-502.4972527713727,-471.1407577723928,4.0,4.0
-502.7012568654505,-470.6281451135686,4.0,4.0
-502.9049247833355,-470.1155324657705,4.0,4.0
-503.00691155936613,-469.85925659296106,4.0,4.0
-503.10880664295337,-469.6029502691565,4.0,4.0
-503.31262736114616,-469.09036805927224,4.0,4.0
-503.51620360174303,-468.57772497977874,4.0,4.0
-503.6180681282446,-468.32141866218444,4.0,4.0
-503.71993265082716,-468.06514278968825,4.0,4.0
-503.92191962966143,-467.5519516455334,4.0,4.0
-504.12088093401206,-467.0377557515134,4.0,4.0
-504.2201170872945,-466.78044467592804,4.0,4.0
-504.31901705420955,-466.52304225915793,4.0,4.0
-504.5159612401102,-466.00771981830553,4.0,4.0
-504.7122330488257,-465.4922146965079,4.0,4.0
-504.90786305723503,-464.976679138545,4.0,4.0
-505.1033096953836,-464.46129582411146,4.0,4.0
-505.2986340610727,-463.94560801504105,4.0,4.0
-505.49386671199284,-463.4298592877644,4.0,4.0
-505.68738785317066,-462.9135016042843,4.0,4.0
-505.7817034294417,-462.65466815025275,4.0,4.0
-505.8734517590133,-462.3951953052597,4.0,4.0
-506.05172223140096,-461.8739051643074,4.0,4.0
-506.22617239593154,-461.35087953018814,4.0,4.0
-506.31199161004673,-461.08887956178927,4.0,4.0
-506.3970773278491,-460.8266360175238,4.0,4.0
-506.5659651469693,-460.3016617785945,4.0,4.0
-506.73366104230655,-459.7763221881047,4.0,4.0
-506.81734090127844,-459.51359150058323,4.0,4.0
-506.90089851239946,-459.250769475195,4.0,4.0
-507.06783036440794,-458.72509498182467,4.0,4.0
-507.2345482875996,-458.199359601022,4.0,4.0
-507.3178614083387,-457.9365680344698,4.0,4.0
-507.4011134045358,-457.6737764660294,4.0,4.0
-507.56752570973134,-457.1481019883323,4.0,4.0
-507.7320737086603,-456.6220925972472,4.0,4.0
-507.81202495323487,-456.3585398436545,4.0,4.0
-507.88928669677694,-456.09428680239455,4.0,4.0
-508.03855342502186,-455.5638320754066,4.0,4.0
-508.18393872212465,-455.0319463291836,4.0,4.0
-508.32568710951693,-454.4990558457486,4.0,4.0
-508.4653266997756,-453.9655564292549,4.0,4.0
-508.6038354784673,-453.4318438819233,4.0,4.0
-508.6728453682246,-453.164789701409,4.0,4.0
-508.74176357050453,-452.8977964150988,4.0,4.0
-508.87935547741256,-452.36371850611346,4.0,4.0
-508.94809030741806,-452.0966947761733,4.0,4.0
-509.01685569811167,-451.82973193880355,4.0,4.0
-509.1540808495023,-451.2958062628202,4.0,4.0
-509.22269342272847,-451.02881297490205,4.0,4.0
-509.2912754303475,-450.7617892377003,4.0,4.0
-509.426605678335,-450.2274372740143,4.0,4.0
-509.49179523348016,-449.9598654701592,4.0,4.0
-509.5544480994474,-449.69189785013936,4.0,4.0
-509.67061563911653,-449.15404442118074,4.0,4.0
-509.72364131173214,-448.88412816387745,4.0,4.0
-509.77330510682634,-448.6134202718058,4.0,4.0
-509.86743706121615,-448.07057345381884,4.0,4.0
-509.95548707186526,-447.5264173924014,4.0,4.0
-509.9979075441817,-447.2539739929366,4.0,4.0
-510.0395945159574,-446.9813783553521,4.0,4.0
-510.12159314894467,-446.4359739524052,4.0,4.0
-510.20252212318076,-445.8902651022163,4.0,4.0
-510.28293156058436,-445.34446493152166,4.0,4.0
-510.3630048393806,-444.79860389312336,4.0,4.0
-510.442955905731,-444.2529560207805,4.0,4.0
-510.52272362059784,-443.70730816993586,4.0,4.0
-510.6005659156611,-443.16159944013566,4.0,4.0
-510.6708287191377,-442.61567758364083,4.0,4.0
-510.73271740452964,-442.06850739407514,4.0,4.0
-510.79069408250444,-441.52027154052234,4.0,4.0
-510.84503382035746,-440.97151807659804,4.0,4.0
-510.8970202748555,-440.422551511194,4.0,4.0
-510.9478453798719,-439.87352406959576,4.0,4.0
-510.9729981553301,-439.5989494600306,4.0,4.0
-510.9980592433101,-439.32446619047795,4.0,4.0
-511.04799805203936,-438.7753778710409,4.0,4.0
-511.0977229344935,-438.22625911601097,4.0,4.0
-511.1225089650744,-437.95165406112505,4.0,4.0
-511.1473255534825,-437.677079451106,4.0,4.0
-511.19683647637135,-437.12793022916765,4.0,4.0
-511.24625570880755,-436.578841901598,4.0,4.0
-511.2709806011018,-436.30432817942295,4.0,4.0
-511.29570549400034,-436.0297840117154,4.0,4.0
-511.3432298366873,-435.4806347756346,4.0,4.0
-511.3831441232188,-434.9313942029454,4.0,4.0
-511.411108511432,-434.3814838219682,4.0,4.0
-511.4246779978251,-433.8311776549876,4.0,4.0
-511.42507510486945,-433.2804452753469,4.0,4.0
-511.41813724267723,-432.72968247199196,4.0,4.0
-511.4056981350193,-432.1789501217962,4.0,4.0
-511.3901721943569,-431.62806551654126,4.0,4.0
-511.3730875311005,-431.077028644733,4.0,4.0
-511.35523878204447,-430.52599175565183,4.0,4.0
-511.3369315870375,-429.9751070936835,4.0,4.0
-511.3184104474183,-429.4240397419325,4.0,4.0
-511.29973647303393,-428.87294192535364,4.0,4.0
-511.2901091278742,-428.59736255877044,4.0,4.0
-511.2792287262958,-428.3219658813472,4.0,4.0
-511.2511109312649,-427.77190326823654,4.0,4.0
-511.21116546752216,-427.2230281202484,4.0,4.0
-511.18634858725864,-426.9487884609243,4.0,4.0
-511.1599730328062,-426.674244337474,4.0,4.0
-511.10334045315403,-426.128018118888,4.0,4.0
-511.04135946141537,-425.5827053428169,4.0,4.0
-511.0088714417717,-425.31029256731244,4.0,4.0
-510.97659733196946,-425.0375143982027,4.0,4.0
-510.9109488314451,-424.4938153268332,4.0,4.0
-510.844719667748,-423.95157775158566,4.0,4.0
-510.8114981180679,-423.6803828444322,4.0,4.0
-510.7782154448134,-423.4091574930644,4.0,4.0
-510.71149728874116,-422.8670417113043,4.0,4.0
-510.6448402588281,-422.32504772227463,4.0,4.0
-510.5762272419671,-421.78360179709216,4.0,4.0
-510.5003403480262,-421.2436782381657,4.0,4.0
-510.41277859402544,-420.70597734946557,4.0,4.0
-510.31134149756315,-420.17089496495663,4.0,4.0
-510.197037586429,-419.6380047850811,4.0,4.0
-509.9491143108994,-418.57566502372754,4.0,4.0
-509.81934578535146,-418.0455151188537,4.0,4.0
-509.68804913821015,-417.515730585838,4.0,4.0
-509.5559578858777,-416.9863114375371,4.0,4.0
-509.42163556615725,-416.45753167872704,4.0,4.0
-509.35299212682924,-416.19361373508525,4.0,4.0
-509.28422642912716,-415.9296044440754,4.0,4.0
-509.14565589981487,-415.40179898640406,4.0,4.0
-509.0058628572599,-414.8740239626005,4.0,4.0
-508.93566070599434,-414.6101973434445,4.0,4.0
-508.8652446155888,-414.3464316146828,4.0,4.0
-508.7241373710562,-413.8189306081226,4.0,4.0
-508.5829078808471,-413.29139915589394,4.0,4.0
-508.5120944769816,-413.02763342931775,4.0,4.0
-508.44131163805764,-412.7639285990726,4.0,4.0
-508.29797334611493,-412.23703655004687,4.0,4.0
-508.1474223214441,-411.71270209756494,4.0,4.0
-508.0681431253735,-411.4517679937058,4.0,4.0
-507.98577711800334,-411.19189954693627,4.0,4.0
-507.8104093790496,-410.67554233497384,4.0,4.0
-507.61985210878163,-410.16472657024667,4.0,4.0
-507.4129439290702,-409.66033522429973,4.0,4.0
-507.1885846234331,-409.1640733796145,4.0,4.0
-506.9420676105569,-408.67956430737655,4.0,4.0
-506.67244535033694,-408.20683837108584,4.0,4.0
-506.38488286190784,-407.74071948159303,4.0,4.0
-506.08732644388414,-407.2797157583034,4.0,4.0
-505.9359198634482,-407.05062970241585,4.0,4.0
-505.78347415523007,-406.82212214424067,4.0,4.0
-505.47619885583174,-406.36638581170905,4.0,4.0
-505.32182770403375,-406.13891345903653,4.0,4.0
-505.16730373649415,-405.91156289471417,4.0,4.0
-505.0125047000159,-405.68427321694213,4.0,4.0
-504.8575528471207,-405.4571662214454,4.0,4.0
-504.5474351936664,-405.00304356712655,4.0,4.0
-504.39242220709104,-404.77599745955195,4.0,4.0
-504.23722583937814,-404.54886000664044,4.0,4.0
-504.0818460887934,-404.32163120414225,4.0,4.0
-503.92640520712797,-404.094402395292,4.0,4.0
-503.77087263352337,-403.8671431383905,4.0,4.0
-503.61549286679787,-403.6398534265684,4.0,4.0
-503.3047333536807,-403.1855784961488,4.0,4.0
-503.1493841706372,-402.9586846194559,4.0,4.0
-502.9940349925685,-402.73182119289885,4.0,4.0
-502.83877750245,-402.5050186605041,4.0,4.0
-502.5278651818546,-402.0512917879385,4.0,4.0
-502.3725465396808,-401.82445878652567,4.0,4.0
-502.21713620361555,-401.5976257816973,4.0,4.0
-502.06175642304294,-401.3707014286521,4.0,4.0
-501.90625438533544,-401.14389886016124,4.0,4.0
-501.75072178291043,-400.9170962897854,4.0,4.0
-501.59525030346384,-400.69035460973816,4.0,4.0
-501.4398093852716,-400.463582482835,4.0,4.0
-501.1289581104294,-400.01006867732394,4.0,4.0
-500.9735171950184,-399.7834487908883,4.0,4.0
-500.818015156027,-399.5568593520377,4.0,4.0
-500.6625436807586,-399.3303003624958,4.0,4.0
-500.3517229824547,-398.87715193489385,4.0,4.0
-500.1962515088418,-398.6507451823701,4.0,4.0
-500.0407800341716,-398.42430798292554,4.0,4.0
-499.88530855863246,-398.1979012291514,4.0,4.0
-499.57439616781915,-397.745118167304,4.0,4.0
-499.41901638393205,-397.5187723115784,4.0,4.0
-499.2635143502178,-397.2924569041943,4.0,4.0
-498.9524185968293,-396.839795641911,4.0,4.0
-498.796855439602,-396.61348023496737,4.0,4.0
-498.64135341303034,-396.38713438476407,4.0,4.0
-498.48579027371204,-396.16081899302765,4.0,4.0
-498.3301965803724,-395.93462539765284,4.0,4.0
-498.01907033789166,-395.48236000811886,4.0,4.0
-497.86344609739984,-395.2562577674837,4.0,4.0
-497.7078524223253,-395.0300946323728,4.0,4.0
-497.39663451614257,-394.5780119484301,4.0,4.0
-497.24101028360076,-394.35200105367926,4.0,4.0
-497.0854166140326,-394.1260206075233,4.0,4.0
-496.9298840663965,-393.89997926524467,4.0,4.0
-496.7742903888661,-393.6738770225387,4.0,4.0
-496.4627057066208,-393.22176386984233,4.0,4.0
-496.3068980787409,-392.9957225122894,4.0,4.0
-496.1510293225448,-392.76965070593906,4.0,4.0
-495.8394140681786,-392.3174157543608,4.0,4.0
-495.5276154536178,-391.86505902754146,4.0,4.0
-495.3713494012255,-391.63913947016067,4.0,4.0
-495.21489997582097,-391.41331125560896,4.0,4.0
-494.90197059487394,-390.96180709034746,4.0,4.0
-494.58870506007537,-390.5106378714978,4.0,4.0
-494.4319500508516,-390.2852055062498,4.0,4.0
-494.2752867279908,-390.0597122472032,4.0,4.0
-493.961532207304,-389.6088475133854,4.0,4.0
-493.80465494586696,-389.38338469751193,4.0,4.0
-493.64774712111245,-389.1579827785498,4.0,4.0
-493.33380921633574,-388.7070571421259,4.0,4.0
-493.01971849169377,-388.25622284418216,4.0,4.0
-492.86265784519117,-388.03079047000034,4.0,4.0
-492.705627759428,-387.8054189871333,4.0,4.0
-492.3914453290144,-387.35452377728257,4.0,4.0
-492.07707950703457,-386.90371989760695,4.0,4.0
-491.9198660282716,-386.67828750699834,4.0,4.0
-491.7626831091645,-386.4528855624102,4.0,4.0
-491.60553075358973,-386.22745316857873,4.0,4.0
-491.4483172718904,-386.0021730127403,4.0,4.0
-491.13355411554795,-385.5515213507314,4.0,4.0
-490.9760961293061,-385.3261802971558,4.0,4.0
-490.81866870510436,-385.10083924120386,4.0,4.0
-490.66108847529284,-384.8757113229671,4.0,4.0
-490.5025913775063,-384.6512532515307,4.0,4.0
-490.343330221443,-384.42743457956266,4.0,4.0
-490.18394681771696,-384.203615909788,4.0,4.0
-489.86444651747854,-383.75640483600296,4.0,4.0
-489.7042990575276,-383.5331342223925,4.0,4.0
-489.5439376604186,-383.3100158456927,4.0,4.0
-489.38345401338506,-383.08704970925777,4.0,4.0
-489.2228175538324,-382.8641140162908,4.0,4.0
-488.90151406833706,-382.4183948677723,4.0,4.0
-488.74072479029945,-382.19558096120284,4.0,4.0
-488.57996607167405,-381.9728279450701,4.0,4.0
-488.41917678810916,-381.75004448152157,4.0,4.0
-488.25835693999807,-381.52729146437173,4.0,4.0
-488.09741484074584,-381.30456889004233,4.0,4.0
-487.9365033044804,-381.0818767661186,4.0,4.0
-487.7755306417243,-380.8592150904139,4.0,4.0
-487.45352418765657,-380.41392217852126,4.0,4.0
-487.2925209589681,-380.1912300499671,4.0,4.0
-487.13160942032204,-379.96850747683277,4.0,4.0
-486.9706673218943,-379.7458762473395,4.0,4.0
-486.80969466216135,-379.52330591423623,4.0,4.0
-486.48777990663723,-379.07843927603847,4.0,4.0
-486.3268378102174,-378.85599073151263,4.0,4.0
-486.1656206502185,-378.63363352918606,4.0,4.0
-486.00339492467856,-378.41215929869225,4.0,4.0
-485.6746647153485,-377.972742727016,4.0,4.0
-485.50904654219727,-377.75376517179575,4.0,4.0
-485.3429393702991,-377.5350311984315,4.0,4.0
-485.17619038888535,-377.31675393955425,4.0,4.0
-484.84119486767617,-376.88105194772953,4.0,4.0
-484.67316226534416,-376.6635358726416,4.0,4.0
-484.5049462899225,-376.44614159161324,4.0,4.0
-484.3366080750287,-376.22896044923357,4.0,4.0
-484.1681476210531,-376.0118706579618,4.0,4.0
-483.83122673551424,-375.57802601248727,4.0,4.0
-483.6626440506882,-375.36127115628796,4.0,4.0
-483.4941530522588,-375.1443945103657,4.0,4.0
-483.1569876608392,-374.7107020970357,4.0,4.0
-482.81945549832864,-374.27697922044894,4.0,4.0
-482.65068941286074,-374.06013300291727,4.0,4.0
-482.4819233308553,-373.8433172341104,4.0,4.0
-482.1442383572053,-373.40971614837645,4.0,4.0
-481.80646169945044,-372.97605416847443,4.0,4.0
-481.63763450143745,-372.7591775131665,4.0,4.0
-481.46877675168264,-372.54242265516655,4.0,4.0
-481.3001023845931,-372.32548511720086,4.0,4.0
-481.13170308645175,-372.1083649029231,4.0,4.0
-480.96330379334563,-371.89133603289827,4.0,4.0
-480.79493506565615,-371.6742158233476,4.0,4.0
-480.6266274596962,-371.45709561196475,4.0,4.0
-480.4583198488556,-371.2399753950808,4.0,4.0
-480.29004279611826,-371.02291607018367,4.0,4.0
-480.1218574271951,-370.8058262951024,4.0,4.0
-479.95367205533955,-370.58870607060123,4.0,4.0
-479.61733185972685,-370.1544351615296,4.0,4.0
-479.44899365477204,-369.93728447256285,4.0,4.0
-479.2806554432294,-369.72013378121994,4.0,4.0
-479.1123172263583,-369.5029830819236,4.0,4.0
-478.94400957057104,-369.2857714896824,4.0,4.0
-478.77564079141564,-369.068559897603,4.0,4.0
-478.60724145055275,-368.8513178578336,4.0,4.0
-478.43884211035333,-368.6340758197621,4.0,4.0
-478.27044277077795,-368.416833783028,4.0,4.0
-478.10201286977497,-368.19956129822253,4.0,4.0
-477.93364410198325,-367.9823497135196,4.0,4.0
-477.7652447798999,-367.76510768928586,4.0,4.0
-477.59681490205156,-367.54783522228877,4.0,4.0
-477.42841559222927,-367.33059320706013,4.0,4.0
-477.26016909888176,-367.1131685108536,4.0,4.0
-477.0922587950835,-366.8956220265676,4.0,4.0
-476.9242873740692,-366.6781364430355,4.0,4.0
-476.7562548338338,-366.4607422055118,4.0,4.0
-476.58843623557476,-366.2433175237136,4.0,4.0
-476.4207093282278,-366.0257101613181,4.0,4.0
-476.2530435446289,-365.8081332445946,4.0,4.0
-476.0853471951271,-365.5905258787808,4.0,4.0
-475.91765084320275,-365.3728880630124,4.0,4.0
-475.74992392679553,-365.15528069356134,4.0,4.0
-475.5821970086269,-364.9376124271945,4.0,4.0
-475.24674316500267,-364.50227588931216,4.0,4.0
-475.0789551169023,-364.2847294094288,4.0,4.0
-474.9110753808639,-364.06730471829604,4.0,4.0
-474.7432567692904,-363.8498800258311,4.0,4.0
-474.5754381566919,-363.6324553320708,4.0,4.0
-474.4076501022438,-363.41503063740254,4.0,4.0
-474.2398314787745,-363.19760593576257,4.0,4.0
-474.07195172527065,-362.98015078258857,4.0,4.0
-473.9041025300399,-362.76269562713094,4.0,4.0
-473.7361922068128,-362.5452404701739,4.0,4.0
-473.5685263808263,-362.3275721779472,4.0,4.0
-473.401716304945,-362.10917314884176,4.0,4.0
-473.23640379220444,-361.8895866736149,4.0,4.0
-472.9089267084998,-361.44791703952774,4.0,4.0
-472.74578413858023,-361.2265950650119,4.0,4.0
-472.58337507558355,-361.00496862477144,4.0,4.0
-472.42139389489284,-360.7830072685082,4.0,4.0
-472.25981003282675,-360.56077188992106,4.0,4.0
-472.0984706754906,-360.3383538307529,4.0,4.0
-471.7763420896278,-359.8931827949399,4.0,4.0
-471.6155222984789,-359.67061250268773,4.0,4.0
-471.4547025086743,-359.44795086647434,4.0,4.0
-471.2939438444141,-359.2253196794642,4.0,4.0
-470.9723348266108,-358.7799964099521,4.0,4.0
-470.8114539032819,-358.55724342654526,4.0,4.0
-470.65057297441444,-358.33442954491767,4.0,4.0
-470.4896614788284,-358.11158521186564,4.0,4.0
-470.1677773573048,-357.66586609455203,4.0,4.0
-470.0068353057723,-357.4430217667889,4.0,4.0
-469.8459543866612,-357.2202078897723,4.0,4.0
-469.5242231272819,-356.7749150735626,4.0,4.0
-469.36331165961354,-356.55225344647613,4.0,4.0
-469.20230850633567,-356.32965271387553,4.0,4.0
-469.04133591644455,-356.10702153709394,4.0,4.0
-468.880302202282,-355.88439035848126,4.0,4.0
-468.71923792615155,-355.66175918022054,4.0,4.0
-468.39713994366303,-355.2164968309644,4.0,4.0
-468.2361062383319,-354.9938656592933,4.0,4.0
-468.0750725353141,-354.77120404335454,4.0,4.0
-467.9140082716143,-354.54851197911086,4.0,4.0
-467.7529134471018,-354.32591125936614,4.0,4.0
-467.59184918796205,-354.1032496486183,4.0,4.0
-467.4307238077142,-353.88058803871684,4.0,4.0
-467.1084119301749,-353.43572153493324,4.0,4.0
-466.9472559941445,-353.2133035103918,4.0,4.0
-466.7861000598703,-352.9908550388293,4.0,4.0
-466.6249746850792,-352.7684370123701,4.0,4.0
-466.4637881826619,-352.5459885377265,4.0,4.0
-466.1414457338748,-352.10103068449394,4.0,4.0
-465.98025922685457,-351.87858220409555,4.0,4.0
-465.819103284426,-351.6560728309766,4.0,4.0
-465.6577639679956,-351.43362435410637,4.0,4.0
-465.49642465261513,-351.21117587705896,4.0,4.0
-465.3350853378948,-350.9886665059875,4.0,4.0
-465.17377658580773,-350.76615713568594,4.0,4.0
-464.8510979634548,-350.3214733191205,4.0,4.0
-464.68978921916903,-350.09911619124415,4.0,4.0
-464.52844991457766,-349.87678950988914,4.0,4.0
-464.36711061129915,-349.65449327897693,4.0,4.0
-464.2058324345816,-349.43210570639974,4.0,4.0
-464.04430976173126,-349.2097790331583,4.0,4.0
-463.88281765424335,-348.9873914669814,4.0,4.0
-463.7212949865439,-348.7650038994317,4.0,4.0
-463.3983107803437,-348.32025921908644,4.0,4.0
-463.2368186835371,-348.09802389510753,4.0,4.0
-463.0753265923591,-347.87584947165044,4.0,4.0
-462.9138345057195,-347.65367505312656,4.0,4.0
-462.7523729849239,-347.43150063348935,4.0,4.0
-462.59088090288685,-347.20929577033195,4.0,4.0
-462.2676216816832,-346.76488604462065,4.0,4.0
-462.10597679418515,-346.5427116326698,4.0,4.0
-461.94433190889794,-346.3205372233151,4.0,4.0
-461.78268702508706,-346.09836281392893,4.0,4.0
-461.62104214175974,-345.87612750822586,4.0,4.0
-461.4593972624304,-345.6539531028268,4.0,4.0
-461.1361075151267,-345.2096347454186,4.0,4.0
-460.9744626452982,-344.9875516879787,4.0,4.0
-460.812634402111,-344.7655295275069,4.0,4.0
-460.6508367234968,-344.5434464718864,4.0,4.0
-460.48900848721115,-344.3214243155642,4.0,4.0
-460.32718025487446,-344.0994021625809,4.0,4.0
-460.16538258801484,-343.87734956418876,4.0,4.0
-459.8417566986385,-343.43327481767824,4.0,4.0
-459.6799590393983,-343.21131356740807,4.0,4.0
-459.5181613813757,-342.98932186952237,4.0,4.0
-459.35639428649654,-342.7673301725695,4.0,4.0
-459.1945966294325,-342.54533847503626,4.0,4.0
-459.0326767226573,-342.3233772253074,4.0,4.0
-458.8707568159122,-342.101385528022,4.0,4.0
-458.5468558715807,-341.65746302356035,4.0,4.0
-458.38487483482686,-341.43547132153697,4.0,4.0
-458.2229243595592,-341.21344917140675,4.0,4.0
-458.0609738834588,-340.9915792575997,4.0,4.0
-457.7370118066148,-340.54783943123806,4.0,4.0
-457.5750613325526,-340.3259999658743,4.0,4.0
-457.41298860926946,-340.1041605023051,4.0,4.0
-457.2509158861629,-339.88232103788636,4.0,4.0
-456.9268010025357,-339.4387638986108,4.0,4.0
-456.76472827798443,-339.2169853273776,4.0,4.0
-456.60265554890054,-338.99517630435264,4.0,4.0
-456.4405522540011,-338.7733672809361,4.0,4.0
-456.1163762200816,-338.32965788480783,4.0,4.0
-455.95424235709436,-338.10778796067643,4.0,4.0
-455.6296995684031,-337.6640481141125,4.0,4.0
-455.4674128967566,-337.44217819284336,4.0,4.0
-455.14277844055533,-336.9986819374901,4.0,4.0
-454.9804612174606,-336.7769642597894,4.0,4.0
-454.8181745595709,-336.5551552457356,4.0,4.0
-454.65582677940205,-336.3333766774863,4.0,4.0
-454.3311618031426,-335.8898500068596,4.0,4.0
-454.168905732539,-335.66810190247463,4.0,4.0
-454.0066191050346,-335.44638424916974,4.0,4.0
-453.84436304443733,-335.2246666006531,4.0,4.0
-453.68189304974044,-335.00294895243974,4.0,4.0
-453.35707531752803,-334.5598485843649,4.0,4.0
-453.1946970166335,-334.33828318004544,4.0,4.0
-453.0323492761057,-334.1168091145449,4.0,4.0
-452.87000153091424,-333.8953654933524,4.0,4.0
-452.5454588404111,-333.4526609239745,4.0,4.0
-452.38311108341986,-333.231308635855,4.0,4.0
-452.22076331870466,-333.009986789645,4.0,4.0
-452.0582932857537,-332.78860403384044,4.0,4.0
-451.89582323549854,-332.567221266219,4.0,4.0
-451.7333226102429,-332.3457775943257,4.0,4.0
-451.40822964681803,-331.9027379913406,4.0,4.0
-451.2456067499396,-331.68117251552206,4.0,4.0
-451.083044974057,-331.4595765862168,4.0,4.0
-450.9204220715065,-331.23798065778766,4.0,4.0
-450.75782973472235,-331.0164151759881,4.0,4.0
-450.5950540267716,-330.79494104177263,4.0,4.0
-450.43227832131464,-330.5734669086837,4.0,4.0
-450.10684916190974,-330.1306708774532,4.0,4.0
-449.94413458265643,-329.9093489842296,4.0,4.0
-449.7814200038316,-329.688027087088,4.0,4.0
-449.618735989368,-329.46673564032005,4.0,4.0
-449.4560214086236,-329.24541374178705,4.0,4.0
-449.29333738624644,-329.02409184275695,4.0,4.0
-448.9679082076754,-328.5813566931339,4.0,4.0
-448.80519361516286,-328.36000433937124,4.0,4.0
-448.64232620882996,-328.1386519851985,4.0,4.0
-448.47948936390696,-327.9172691805054,4.0,4.0
-448.3165913937021,-327.695855931222,4.0,4.0
-447.9907954535153,-327.25345569272963,4.0,4.0
-447.8279280455567,-327.03216423232584,4.0,4.0
-447.6650300753047,-326.8109336654892,4.0,4.0
-447.5021626681392,-326.5897030988284,4.0,4.0
-447.3392646992124,-326.36847253369507,4.0,4.0
-447.01346876337146,-325.9259809549727,4.0,4.0
-446.8505707966793,-325.70475039127587,4.0,4.0
-446.68767283167483,-325.48358072211545,4.0,4.0
-446.52462205666114,-325.2624110539323,4.0,4.0
-446.1985510738666,-324.82007172338535,4.0,4.0
-446.0355308648609,-324.59896295564226,4.0,4.0
-445.8725412186698,-324.3778237372852,4.0,4.0
-445.70952101027274,-324.1567758611941,4.0,4.0
-445.38348059239325,-323.71468010993783,4.0,4.0
-445.22052150580834,-323.49363223419107,4.0,4.0
-445.0573484801744,-323.2725539095268,4.0,4.0
-444.8941754527494,-323.0515060290651,4.0,4.0
-444.73097186228085,-322.8304581479749,4.0,4.0
-444.4045035559902,-322.3884841755623,4.0,4.0
-444.2412999655492,-322.1674667420871,4.0,4.0
-444.0780963751438,-321.94644930897846,4.0,4.0
-443.7516280725792,-321.5044448918796,4.0,4.0
-443.5883939252521,-321.2834274616397,4.0,4.0
-443.4251903427579,-321.06244048151507,4.0,4.0
-443.26201732450903,-320.84151439751474,4.0,4.0
-443.0986914946287,-320.6205883111191,4.0,4.0
-442.7720398376296,-320.1787361453823,4.0,4.0
-442.60871401050713,-319.9578405112737,4.0,4.0
-442.4453576215123,-319.73694487704404,4.0,4.0
-442.2820317951323,-319.51604924115605,4.0,4.0
-442.11870596731245,-319.2951840531673,4.0,4.0
-441.7919931877957,-318.8535145713611,4.0,4.0
-441.6286367991374,-318.6326798313046,4.0,4.0
-441.4651275985876,-318.41181464411966,4.0,4.0
-441.13810919891006,-317.9701451656108,4.0,4.0
-440.8110602378243,-317.5285670282301,4.0,4.0
-440.64755103897016,-317.30782363214394,4.0,4.0
-440.4840418408989,-317.08704978866126,4.0,4.0
-440.15702344610946,-316.64556299632346,4.0,4.0
-439.82997448996963,-316.2040153104068,4.0,4.0
-439.6663430425545,-315.98330236058075,4.0,4.0
-439.5027115945497,-315.76265030594425,4.0,4.0
-439.17541813442125,-315.3213461957529,4.0,4.0
-438.8481552324911,-314.8800420814108,4.0,4.0
-438.52086175959454,-314.4386770653874,4.0,4.0
-438.19344603031595,-313.99743383373595,4.0,4.0
-437.8657246748568,-313.5562819446833,4.0,4.0
-437.53803388398995,-313.1150082661119,4.0,4.0
-437.2103125346463,-312.6737345874441,4.0,4.0
-437.04643658264433,-312.4530825288591,4.0,4.0
-436.88256063487734,-312.23249136872585,4.0,4.0
-436.5549004376318,-311.7914308436207,4.0,4.0
-436.2272708125554,-311.3503703234021,4.0,4.0
-436.0634254416891,-311.12984006565694,4.0,4.0
-435.899396699733,-310.9093402586808,4.0,4.0
-435.5713086624427,-310.4682797574127,4.0,4.0
-435.24322063455895,-310.02718881499345,4.0,4.0
-435.07916135015006,-309.80671946934024,4.0,4.0
-434.9151937615799,-309.58631102477966,4.0,4.0
-434.5871974767576,-309.14549414577925,4.0,4.0
-434.259109515886,-308.70482951200484,4.0,4.0
-434.09505025629954,-308.48457331582114,4.0,4.0
-433.93092987245547,-308.26431711900875,4.0,4.0
-433.60278078826497,-307.8238047233647,4.0,4.0
-433.2746011283751,-307.38326186920085,4.0,4.0
-432.94632977036525,-306.94277990232865,4.0,4.0
-432.6177222186167,-306.502389273968,4.0,4.0
-432.28914522785004,-306.0619377468025,4.0,4.0
-431.96050711296766,-305.6214557733585,4.0,4.0
-431.631807877249,-305.1809433557762,4.0,4.0
-431.4675041077109,-304.96077849311166,4.0,4.0
-431.3032003413602,-304.74061363049,4.0,4.0
-431.13886601506147,-304.5204792171286,4.0,4.0
-430.97440944042233,-304.30034480661084,4.0,4.0
-430.6455574197174,-303.8600455380637,4.0,4.0
-430.48110084960695,-303.63997202575587,4.0,4.0
-430.3166442812305,-303.4198985119284,4.0,4.0
-430.15218771400697,-303.1997945527203,4.0,4.0
-429.98770058405955,-302.9796905920722,4.0,4.0
-429.6587874533179,-302.5394826755563,4.0,4.0
-429.4941475190786,-302.3194091674375,4.0,4.0
-429.3295075880353,-302.0993965572722,4.0,4.0
-429.16495934660173,-301.87944484486775,4.0,4.0
-429.00038054366394,-301.6594322357853,4.0,4.0
-428.67125349825085,-301.2195592538062,4.0,4.0
-428.50694975359096,-300.9994552992414,4.0,4.0
-428.34350175663087,-300.7787728442541,4.0,4.0
-428.02192362767505,-300.33354110747206,4.0,4.0
-427.70691640889146,-299.88316374390695,4.0,4.0
-427.5505283206913,-299.65724431648096,4.0,4.0
-427.39508766447676,-299.4307768327253,4.0,4.0
-427.2404110665493,-299.2037917410988,4.0,4.0
-427.08625402782644,-298.976349934501,4.0,4.0
-426.77910131211024,-298.5208878175414,4.0,4.0
-426.6258611363927,-298.2929283963074,4.0,4.0
-426.47283489506,-298.0648776321152,4.0,4.0
-426.3197780890196,-297.8368268656126,4.0,4.0
-426.1667824040884,-297.60871520331887,4.0,4.0
-425.861035510543,-297.1522787274542,4.0,4.0
-425.70816205566865,-296.9240148120314,4.0,4.0
-425.55522747202633,-296.69578134183007,4.0,4.0
-425.40232344835806,-296.4675174244856,4.0,4.0
-425.2493888606824,-296.2392230563004,4.0,4.0
-425.09642371050995,-296.01092868900525,4.0,4.0
-424.7903711607951,-295.5543399527379,4.0,4.0
-424.63725320060564,-295.3260760333992,4.0,4.0
-424.4840741174622,-295.0978121163231,4.0,4.0
-424.33101728940926,-294.869548199996,4.0,4.0
-424.1776548415223,-294.641558316683,4.0,4.0
-424.0234366482786,-294.4142687265744,4.0,4.0
-423.8684238326485,-294.18761853089757,4.0,4.0
-423.7133498930705,-293.9608465469125,4.0,4.0
-423.4023157080164,-293.5079115324383,4.0,4.0
-423.2463554630236,-293.2817180548485,4.0,4.0
-423.090272970132,-293.0556463652126,4.0,4.0
-422.93394597766684,-292.82966602118256,4.0,4.0
-422.6211086204264,-292.3778880157898,4.0,4.0
-422.46462882262375,-292.1521208065512,4.0,4.0
-422.3079962160674,-291.92638404709624,4.0,4.0
-422.1513636121101,-291.70070818316526,4.0,4.0
-421.99473101059453,-291.4750323224769,4.0,4.0
-421.8380984110063,-291.2493564622475,4.0,4.0
-421.5248637744359,-290.79809608485397,4.0,4.0
-421.36823117419635,-290.5725724594004,4.0,4.0
-421.21150688592644,-290.347048833822,4.0,4.0
-421.0547520355755,-290.1214947644024,4.0,4.0
-420.7412423294,-289.6704779574482,4.0,4.0
-420.58448746972056,-289.44492387975527,4.0,4.0
-420.4277326066199,-289.219430693472,4.0,4.0
-420.1141617499532,-288.76847476419266,4.0,4.0
-419.8004992056441,-288.3174274917017,4.0,4.0
-419.6436220913638,-288.09184296153353,4.0,4.0
-419.4867755405172,-287.8662279862741,4.0,4.0
-419.17292963636856,-287.41518072260385,4.0,4.0
-418.85902263221,-286.96422481756736,4.0,4.0
-418.7020844204344,-286.7387925440513,4.0,4.0
-418.5451156505256,-286.5133298242446,4.0,4.0
-418.23123924452153,-286.0624957339002,4.0,4.0
-418.07427048344636,-285.83712436216723,4.0,4.0
-417.9173322878422,-285.6117225454318,4.0,4.0
-417.60321140315506,-285.16091891472144,4.0,4.0
-417.28890714995987,-284.71011528928534,4.0,4.0
-417.13181615487525,-284.48480482190257,4.0,4.0
-416.97469460173363,-284.25946391151643,4.0,4.0
-416.6604820670319,-283.8089038838033,4.0,4.0
-416.34626953742514,-283.3583438587548,4.0,4.0
-416.18905630450155,-283.1330638467066,4.0,4.0
-416.03184307170466,-282.90781428300687,4.0,4.0
-415.8745992763992,-282.68259516423655,4.0,4.0
-415.7173860416685,-282.4574064941127,4.0,4.0
-415.4029901275525,-282.0070291446777,4.0,4.0
-415.2457463239766,-281.78184046777926,4.0,4.0
-415.08853308145103,-281.55665178967524,4.0,4.0
-414.9311059002478,-281.3314631120777,4.0,4.0
-414.7737398430979,-281.10627443291185,4.0,4.0
-414.4589465995777,-280.6559275181331,4.0,4.0
-414.3015194120502,-280.43076928182006,4.0,4.0
-414.1441227853942,-280.20561104475735,4.0,4.0
-413.9867567197637,-279.9804832543106,4.0,4.0
-413.8294212162108,-279.75544680529504,4.0,4.0
-413.67202458418103,-279.5303494561781,4.0,4.0
-413.51462794678486,-279.3052825553423,4.0,4.0
-413.19955959860533,-278.8551182931033,4.0,4.0
-413.0420101392167,-278.6300209367962,4.0,4.0
-412.88439955417994,-278.40492357777487,4.0,4.0
-412.7268195292906,-278.1798262187035,4.0,4.0
-412.5692395028348,-277.9547288588306,4.0,4.0
-412.41165947515236,-277.7296010485664,4.0,4.0
-412.25411000911146,-277.5045645807237,4.0,4.0
-411.9389499550416,-277.05458298969535,4.0,4.0
-411.7813393633963,-276.82954652007714,4.0,4.0
-411.6237898959065,-276.6045404979443,4.0,4.0
-411.4661487403097,-276.3795040280596,4.0,4.0
-411.30841589688714,-276.1544675588448,4.0,4.0
-410.99291964956797,-275.7045164071068,4.0,4.0
-410.83512568470724,-275.4795103875071,4.0,4.0
-410.67733172176884,-275.25447392097766,4.0,4.0
-410.51959888543183,-275.02943745480496,4.0,4.0
-410.2039804089951,-274.57945586827174,4.0,4.0
-410.04615589840483,-274.35451075395326,4.0,4.0
-409.88839251960815,-274.12956564302937,4.0,4.0
-409.7306597089405,-273.9046509830801,4.0,4.0
-409.572896339863,-273.67973632536854,4.0,4.0
-409.2572779240178,-273.23008969946034,4.0,4.0
-409.0993617518259,-273.00526639099036,4.0,4.0
-408.94141502026827,-272.7804430826165,4.0,4.0
-408.78349885395454,-272.5555893290027,4.0,4.0
-408.6256132521201,-272.33079647203806,4.0,4.0
-408.309719803917,-271.88118031247615,4.0,4.0
-408.15177308668893,-271.65641790819063,4.0,4.0
-407.99385693736554,-271.43162506103494,4.0,4.0
-407.67808577513136,-270.9821611606304,4.0,4.0
-407.36216181010366,-270.53287995102096,4.0,4.0
-407.2040928595348,-270.30823934589705,4.0,4.0
-407.0460850338412,-270.08362918816937,4.0,4.0
-406.73009994512546,-269.63440887284236,4.0,4.0
-406.57209211959696,-269.409829161961,4.0,4.0
-406.41405372681277,-269.1852190013618,4.0,4.0
-406.2560458939426,-268.9606088379321,4.0,4.0
-406.09803805897093,-268.7359986726457,4.0,4.0
-405.7817167587768,-268.28686968212634,4.0,4.0
-405.6234949817695,-268.0623508536985,4.0,4.0
-405.4653037642298,-267.8378015795034,4.0,4.0
-405.3071431068332,-267.613282749528,4.0,4.0
-405.14901300999185,-267.38876391836305,4.0,4.0
-404.9908523490964,-267.1642755325765,4.0,4.0
-404.67453102183805,-266.7152683095328,4.0,4.0
-404.5163397876415,-266.4907494687626,4.0,4.0
-404.3580262996578,-266.26620017879975,4.0,4.0
-404.19965168346084,-266.04165088580083,4.0,4.0
-404.04133818981586,-265.8171015925716,4.0,4.0
-403.7247111965115,-265.3681552336379,4.0,4.0
-403.5663365720575,-265.14366682910656,4.0,4.0
-403.4080230708954,-264.91920887235784,4.0,4.0
-403.2496790059425,-264.69472046307345,4.0,4.0
-403.09118212742885,-264.470262504729,4.0,4.0
-402.7742494909451,-264.0213161341169,4.0,4.0
-402.61575260657213,-263.79691906416923,4.0,4.0
-402.457255720245,-263.57252199326336,4.0,4.0
-402.29878939498866,-263.34812492108756,4.0,4.0
-401.9818261784057,-262.8992698793357,4.0,4.0
-401.823329288643,-262.67490325269307,4.0,4.0
-401.66464902378846,-262.4505670734951,4.0,4.0
-401.5059993211133,-262.2262004457151,4.0,4.0
-401.34734961838774,-262.0018338189406,4.0,4.0
-401.0300807762691,-261.5531005651669,4.0,4.0
-400.8714616386766,-261.3288557281129,4.0,4.0
-400.7127813765388,-261.10458044424195,4.0,4.0
-400.55413167714323,-260.88030516160495,4.0,4.0
-400.39548197789236,-260.65602987684576,4.0,4.0
-400.07809089110793,-260.20757065016255,4.0,4.0
-399.91931894102726,-259.98335625970617,4.0,4.0
-399.60177503905606,-259.53501881944436,4.0,4.0
-399.4429725244591,-259.3108653226978,4.0,4.0
-399.2842311335214,-259.0867118250778,4.0,4.0
-399.12548974217094,-258.86261922268466,4.0,4.0
-398.80791526463634,-258.4144340089401,4.0,4.0
-398.6490516169671,-258.19034140023217,4.0,4.0
-398.4900962803381,-257.96621834233827,4.0,4.0
-398.33114094317506,-257.74212573298274,4.0,4.0
-398.01323026734775,-257.2940623021856,4.0,4.0
-397.8542443664281,-257.0700001372499,4.0,4.0
-397.69525846527165,-256.8459684212961,4.0,4.0
-397.536303126566,-256.62193670422556,4.0,4.0
-397.2183924529784,-256.17390371932316,4.0,4.0
-397.059406554328,-255.94993289911847,4.0,4.0
-396.9004206560928,-255.72599252554954,4.0,4.0
-396.5821737981396,-255.27806610686275,4.0,4.0
-396.4230350888214,-255.0541105106078,4.0,4.0
-396.2638963801525,-254.83013969100136,4.0,4.0
-396.10475767206265,-254.6062449886989,4.0,4.0
-395.945618964373,-254.38233506459667,4.0,4.0
-395.6273415516733,-253.93454566254354,4.0,4.0
-395.4682028482639,-253.7106661872298,4.0,4.0
-395.3090641462876,-253.48677148892833,4.0,4.0
-395.1498948830315,-253.26289201545046,4.0,4.0
-394.9906339330946,-253.039088659289,4.0,4.0
-394.6720814706715,-252.59154284395322,4.0,4.0
-394.5127899579359,-252.36776993482675,4.0,4.0
-394.35346788243834,-252.14401225019404,4.0,4.0
-394.19420693181775,-251.920239340292,4.0,4.0
-394.03497654263776,-251.69648165503986,4.0,4.0
-393.8757155883403,-251.47270874327643,4.0,4.0
-393.5570408628511,-251.0252238114859,4.0,4.0
-393.39762709202404,-250.80151179232277,4.0,4.0
-393.23818275785675,-250.5777997702605,4.0,4.0
-393.0787689857214,-250.35408774898974,4.0,4.0
-392.759819191241,-249.90666370600817,4.0,4.0
-392.60040541846547,-249.6829516859687,4.0,4.0
-392.4409305202766,-249.4592244387063,4.0,4.0
-392.28148618439116,-249.23551241526218,4.0,4.0
-391.96253639092583,-248.78822538454034,4.0,4.0
-391.8029392443979,-248.564589480726,4.0,4.0
-391.6433726604939,-248.3409688009874,4.0,4.0
-391.48374495148704,-248.11731767323664,4.0,4.0
-391.16458122140955,-247.67006108910948,4.0,4.0
-391.00495351356756,-247.44642518556478,4.0,4.0
-390.8453258064004,-247.22285017773714,4.0,4.0
-390.68569809977663,-246.9992447219621,4.0,4.0
-390.52610095625244,-246.77566971285245,4.0,4.0
-390.20684554739466,-246.32848925195603,4.0,4.0
-390.0471261594749,-246.104914246215,4.0,4.0
-389.88734564866803,-245.88132401739372,4.0,4.0
-389.72759570203084,-245.65782513473667,4.0,4.0
-389.5678151941663,-245.43434147295986,4.0,4.0
-389.2483153060516,-244.98737415352798,4.0,4.0
-389.08856536292586,-244.76387527242076,4.0,4.0
-388.92884598258865,-244.54040683519034,4.0,4.0
-388.7690654773295,-244.31695362310484,4.0,4.0
-388.60931553465196,-244.0935613071219,4.0,4.0
-388.44938221684157,-243.8701537649684,4.0,4.0
-388.12957670605243,-243.42335390343413,4.0,4.0
-387.9697045126969,-243.19994636279864,4.0,4.0
-387.8097711942037,-242.97655404361814,4.0,4.0
-387.649929563684,-242.75317694909768,4.0,4.0
-387.49002680898025,-242.52981507813223,4.0,4.0
-387.3301240547079,-242.30642276043488,4.0,4.0
-387.0099517976704,-241.85968379597477,4.0,4.0
-386.84989623277505,-241.6363371480731,4.0,4.0
-386.6898406716273,-241.41300572771297,4.0,4.0
-386.52981567458517,-241.18971997852984,4.0,4.0
-386.36976011703365,-240.96644945499204,4.0,4.0
-386.20967399845375,-240.7431941547675,4.0,4.0
-385.8895628894771,-240.29671400477767,4.0,4.0
-385.7295378985814,-240.07353482609437,4.0,4.0
-385.5694212213665,-239.85037086970644,4.0,4.0
-385.4091822951096,-239.6271764669063,4.0,4.0
-385.24894336969277,-239.40395161773188,4.0,4.0
-385.08870444488724,-239.18075721495768,4.0,4.0
-384.768226598105,-238.7343684114504,4.0,4.0
-384.60798767826964,-238.51125013180837,4.0,4.0
-384.447748760295,-238.28814707463982,4.0,4.0
-384.28754040634664,-238.0650287959297,4.0,4.0
-384.127332053613,-237.84192573936429,4.0,4.0
-383.80673197494997,-237.39573485312832,4.0,4.0
-383.6463402489019,-237.1726926954326,4.0,4.0
-383.4860096482643,-236.94966575738857,4.0,4.0
-383.32561792285736,-236.72665404530792,4.0,4.0
-383.1652567601282,-236.5036423330455,4.0,4.0
-383.0048650345008,-236.28063061934745,4.0,4.0
-382.8445038706496,-236.0575884592567,4.0,4.0
-382.5237204204112,-235.61161070365355,4.0,4.0
-382.3631758834346,-235.38865988519325,4.0,4.0
-382.2026619090668,-235.16572428991927,4.0,4.0
-381.88166452214676,-234.71983787531966,4.0,4.0
-381.72115054547606,-234.49693272684,4.0,4.0
-381.56066712975587,-234.27402757571758,4.0,4.0
-381.40021427532935,-234.0511680954893,4.0,4.0
-381.2397308573187,-233.82833906339505,4.0,4.0
-380.91848894994644,-233.38269621063907,4.0,4.0
-380.75785270771365,-233.15989761792247,4.0,4.0
-380.5971858991111,-232.93706857334456,4.0,4.0
-380.275424407115,-232.49160839200397,4.0,4.0
-380.11390187232604,-232.2687032431137,4.0,4.0
-379.9546103814061,-232.04429093647548,4.0,4.0
-379.79369906368595,-231.8227711258795,4.0,4.0
-379.63382687029457,-231.60157100876776,4.0,4.0
-379.3116680937584,-231.15658277793344,4.0,4.0
-379.1519487844356,-230.9333579526794,4.0,4.0
-378.99115975525467,-230.7101178837362,4.0,4.0
-378.8293926756957,-230.48741061664515,4.0,4.0
-378.6686036054452,-230.26505349709348,4.0,4.0
-378.3469337959673,-229.8195933072456,4.0,4.0
-378.1860836158088,-229.59694694730626,4.0,4.0
-378.0252334379699,-229.37436148353763,4.0,4.0
-377.86435269921867,-229.15183691428913,4.0,4.0
-377.5425912235252,-228.70678777680993,4.0,4.0
-377.38167991997034,-228.4842784290864,4.0,4.0
-377.22070748711724,-228.26173863180426,4.0,4.0
-377.0597350506743,-228.03918360717734,4.0,4.0
-376.8987626117185,-227.81662858352993,4.0,4.0
-376.73775960809013,-227.59414967480706,4.0,4.0
-376.5767260401662,-227.37165554123163,4.0,4.0
-376.2545672135705,-226.92665204865222,4.0,4.0
-376.0934725177873,-226.7041426899383,4.0,4.0
-375.9324083837365,-226.48161810473079,4.0,4.0
-375.77122199917807,-226.25910874534094,4.0,4.0
-375.44887979326427,-225.81424226080537,4.0,4.0
-375.28775453421304,-225.59180901783895,4.0,4.0
-375.126568150233,-225.36936055285258,4.0,4.0
-374.9653512037345,-225.1469273096562,4.0,4.0
-374.6428561850978,-224.7021217183467,4.0,4.0
-374.48160867613115,-224.4797341460105,4.0,4.0
-374.3203917300646,-224.25737702225484,4.0,4.0
-374.15914422172995,-224.03500467346333,4.0,4.0
-373.83643526588196,-223.59029042219117,4.0,4.0
-373.6750960702107,-223.36793329889124,4.0,4.0
-373.51378743842236,-223.14559139695015,4.0,4.0
-373.3524482450272,-222.9233103914603,4.0,4.0
-373.0296781726719,-222.47876360556518,4.0,4.0
-372.8682472930178,-222.2565282714437,4.0,4.0
-372.7068469769236,-222.03426248942787,4.0,4.0
-372.54544666176156,-221.81199670842437,4.0,4.0
-372.38404634720257,-221.58980704593012,4.0,4.0
-372.0610929058159,-221.14535160331616,4.0,4.0
-371.8996009047702,-220.92313149403248,4.0,4.0
-371.73807834392153,-220.7009113861484,4.0,4.0
-371.57658634763806,-220.47875217400545,4.0,4.0
-371.41515547799,-220.2566234103048,4.0,4.0
-371.25357179707424,-220.03449464470143,4.0,4.0
-370.93046556259145,-219.59026756564543,4.0,4.0
-370.76888188441336,-219.36816925098145,4.0,4.0
-370.60732876950436,-219.1461318307929,4.0,4.0
-370.4457145301698,-218.92407918749316,4.0,4.0
-370.28406972805055,-218.7020265428765,4.0,4.0
-369.96074956341306,-218.25789080906645,4.0,4.0
-369.7991047650084,-218.03585339050318,4.0,4.0
-369.63742940535946,-217.81386164269568,4.0,4.0
-369.4757540466146,-217.591869895306,4.0,4.0
-369.31401756354506,-217.36992382122526,4.0,4.0
-369.1523116433499,-217.1479472968968,4.0,4.0
-368.9905751616531,-216.92598599846934,4.0,4.0
-368.66704107563334,-216.48204817804327,4.0,4.0
-368.5052129081501,-216.2601325501175,4.0,4.0
-368.34341530310286,-216.03820169785277,4.0,4.0
-368.1816176998298,-215.8163012956636,4.0,4.0
-368.01972841123876,-215.5943856718487,4.0,4.0
-367.6959804015653,-215.1506000916952,4.0,4.0
-367.53415224214183,-214.928760587492,4.0,4.0
-367.37226295894493,-214.7069210815725,4.0,4.0
-367.21031255268116,-214.4850663540521,4.0,4.0
-367.04830102355226,-214.26319640305712,4.0,4.0
-366.72440022000455,-213.81944128132437,4.0,4.0
-366.5623275709959,-213.59761700396126,4.0,4.0
-366.40025492532794,-213.37579272885057,4.0,4.0
-366.2382128480189,-213.1539989048835,4.0,4.0
-366.0761707753348,-212.9322203070015,4.0,4.0
-365.91409814380285,-212.7104721577716,4.0,4.0
-365.5898917625101,-212.26706720236052,4.0,4.0
-365.42772744889925,-212.04542562219928,4.0,4.0
-365.2656548223294,-211.82372314617731,4.0,4.0
-365.103551632911,-211.60209678909973,4.0,4.0
-364.7792230018561,-211.15890496500467,4.0,4.0
-364.6170892460415,-210.93735472349346,4.0,4.0
-364.4549249246905,-210.71572835980135,4.0,4.0
-364.29279116193936,-210.49413244039124,4.0,4.0
-363.9682485655313,-210.05087970421323,4.0,4.0
-363.80602310775015,-209.82923810966406,4.0,4.0
-363.6437670858684,-209.60768785601505,4.0,4.0
-363.48141937571415,-209.3860919314756,4.0,4.0
-363.15678508059574,-208.94288485661286,4.0,4.0
-362.8319674103484,-208.49964733474843,4.0,4.0
-362.66952801334156,-208.27809707944763,4.0,4.0
-362.34464922894637,-207.83501179767467,4.0,4.0
-362.18214871561213,-207.6134919950912,4.0,4.0
-362.01964820402367,-207.39198741771338,4.0,4.0
-361.69470830791136,-206.9491609428681,4.0,4.0
-361.53217723382403,-206.72777815353248,4.0,4.0
-361.36964615897284,-206.50642581192187,4.0,4.0
-361.2071150833834,-206.28505824378595,4.0,4.0
-360.88208349160203,-205.84238400169784,4.0,4.0
-360.7194912823588,-205.6210773221032,4.0,4.0
-360.55686850676585,-205.39977064101794,4.0,4.0
-360.3942457278735,-205.17846395857737,4.0,4.0
-360.0689084760048,-204.7357896934672,4.0,4.0
-359.9062245664695,-204.5145286780214,4.0,4.0
-359.7435100915746,-204.29326765894746,4.0,4.0
-359.5807956146343,-204.07203708947785,4.0,4.0
-359.418020010864,-203.85080651641238,4.0,4.0
-359.09256049024174,-203.40836059308606,4.0,4.0
-358.92972375722945,-203.1871909125055,4.0,4.0
-358.766856457602,-202.96605167524493,4.0,4.0
-358.60398915461826,-202.74488198996136,4.0,4.0
-358.4411524115504,-202.52371230232097,4.0,4.0
-358.27831566663946,-202.30251216579632,4.0,4.0
-357.9524587972877,-201.86021845603057,4.0,4.0
-357.7895303592227,-201.63912488340776,4.0,4.0
-357.6266324815489,-201.4180769791841,4.0,4.0
-357.46370404002823,-201.19699862640056,4.0,4.0
-357.1378165939341,-200.75487236696256,4.0,4.0
-356.97479645897016,-200.53383968028638,4.0,4.0
-356.81180688240534,-200.3128526638783,4.0,4.0
-356.6488173026364,-200.0918504221701,4.0,4.0
-356.4857054701945,-199.87084817859483,4.0,4.0
-356.1594817998468,-199.42882846031762,4.0,4.0
-355.9963699629337,-199.2078262126777,4.0,4.0
-355.83325812504813,-198.98679351737582,4.0,4.0
-355.5070344472958,-198.54488036062833,4.0,4.0
-355.18062739354167,-198.10298242762877,4.0,4.0
-355.01739330434503,-197.8820410719984,4.0,4.0
-354.8542509025934,-197.66109971766224,4.0,4.0
-354.5277827240548,-197.21932357080416,4.0,4.0
-354.36451807223773,-196.99845833347106,4.0,4.0
-354.201253422035,-196.77754742595158,4.0,4.0
-353.87463243922565,-196.33578650746432,4.0,4.0
-353.5478892111984,-195.89401036655758,4.0,4.0
-353.38450231949656,-195.67314513266976,4.0,4.0
-353.22114599652565,-195.45227990344506,4.0,4.0
-353.0577285536185,-195.2315212436435,4.0,4.0
-352.89437223961085,-195.0107778064016,4.0,4.0
-352.56750680851246,-194.56927571557804,4.0,4.0
-352.4041505026078,-194.34853228354615,4.0,4.0
-352.2407025119371,-194.127834523846,4.0,4.0
-351.9137148496779,-193.68642378495497,4.0,4.0
-351.5866660701021,-193.24504349689897,4.0,4.0
-351.423065277889,-193.02437618836433,4.0,4.0
-351.25946449020324,-192.8037850029574,4.0,4.0
-350.93226292405416,-192.3626026346492,4.0,4.0
-350.60515305331916,-191.9214507150378,4.0,4.0
-350.44152171148795,-191.70096609761254,4.0,4.0
-350.2779209317566,-191.48052715228306,4.0,4.0
-349.9505665581588,-191.03966448155114,4.0,4.0
-349.62315105568786,-190.59878658501174,4.0,4.0
-349.45939745342537,-190.3783324077295,4.0,4.0
-349.2956132850557,-190.1579238999875,4.0,4.0
-348.96801437823007,-189.71710687756683,4.0,4.0
-348.64035433871675,-189.27624418105324,4.0,4.0
-348.31260260131563,-188.83550326726152,4.0,4.0
-347.98478973321767,-188.39482324436972,4.0,4.0
-347.8208527345332,-188.174490842597,4.0,4.0
-347.6568851674421,-187.9542041082996,4.0,4.0
-347.32885833317096,-187.5136001871673,4.0,4.0
-347.0007397994462,-187.07298103258563,4.0,4.0
-346.83668052900305,-186.8526942917418,4.0,4.0
-346.67252956869055,-186.63242276831585,4.0,4.0
-346.50847029376087,-186.41215124757792,4.0,4.0
-346.34431932960956,-186.19187972341192,4.0,4.0
-346.18019892628,-185.97160819883032,4.0,4.0
-346.0160785209414,-185.75136711988466,4.0,4.0
-345.8518664251758,-185.5311564880538,4.0,4.0
-345.6876848883852,-185.31093062887305,4.0,4.0
-345.3593218068778,-184.87049413015225,4.0,4.0
-345.195079138291,-184.65025304343894,4.0,4.0
-345.0308364683243,-184.4300271806586,4.0,4.0
-344.8665632343437,-184.20984698510262,4.0,4.0
-344.7022899996901,-183.98966679133946,4.0,4.0
-344.53798620208,-183.7695170444145,4.0,4.0
-344.3736824039753,-183.54933684941523,4.0,4.0
-344.2093174805999,-183.32917187828048,4.0,4.0
-344.0449525558405,-183.10903735203587,4.0,4.0
-343.8806181933096,-182.88891805062266,4.0,4.0
-343.7162532684724,-182.66882919462296,4.0,4.0
-343.3874622941425,-182.22863626182112,4.0,4.0
-343.2230668072042,-182.00860830132797,4.0,4.0
-343.05867132003783,-181.7885498935345,4.0,4.0
-342.8942452712193,-181.56850670963325,4.0,4.0
-342.72978866123793,-181.34852442116724,4.0,4.0
-342.5652403644371,-181.1285573548235,4.0,4.0
-342.4007226311473,-180.90857506755287,4.0,4.0
-342.23617433615743,-180.68856233227137,4.0,4.0
-342.07168716659754,-180.46856482126464,4.0,4.0
-341.9071388758043,-180.24864343030967,4.0,4.0
-341.74256002536964,-180.02876771111193,4.0,4.0
-341.5779506147138,-179.80887676965375,4.0,4.0
-341.248792924605,-179.36911011151182,4.0,4.0
-341.08412239406437,-179.1493105145432,4.0,4.0
-340.91948242711226,-178.92952614158685,4.0,4.0
-340.7547813358392,-178.70969609676752,4.0,4.0
-340.59008024528987,-178.48988127662346,4.0,4.0
-340.4254402821733,-178.27009690525603,4.0,4.0
-340.26076975711936,-178.0503734295581,4.0,4.0
-340.09603810761286,-177.83064995033396,4.0,4.0
-339.76654424775603,-177.39123344527906,4.0,4.0
-339.6018125994704,-177.1715251917724,4.0,4.0
-339.43701982717823,-176.95183216351825,4.0,4.0
-339.2724104312477,-176.7319716733624,4.0,4.0
-338.94575889006927,-176.29028683681034,4.0,4.0
-338.7827387450598,-176.0691475567586,4.0,4.0
-338.62005478804014,-175.8478712623629,4.0,4.0
-338.45755421006396,-175.62647318247315,4.0,4.0
-338.29526757121437,-175.40490763945508,4.0,4.0
-337.97127497881405,-174.9614568568918,4.0,4.0
-337.8094467756203,-174.73961728610317,4.0,4.0
-337.64758800896817,-174.51771682012304,4.0,4.0
-337.4858514921719,-174.29583158023877,4.0,4.0
-337.16234789345515,-173.85201542206738,4.0,4.0
-337.0006419363566,-173.6300845072036,4.0,4.0
-336.8389665409083,-173.40815359047588,4.0,4.0
-336.67719945560503,-173.18625312240016,4.0,4.0
-336.51543237072167,-172.96435265007366,4.0,4.0
-336.1918981938978,-172.5203842474815,4.0,4.0
-336.0301616654554,-172.2984685483944,4.0,4.0
-335.8683640107751,-172.0765071788346,4.0,4.0
-335.70650523019833,-171.85456103421126,4.0,4.0
-335.38275710473846,-171.41063829180467,4.0,4.0
-335.2208677601843,-171.18875303965828,4.0,4.0
-335.0589478526808,-170.96686778420258,4.0,4.0
-334.89699738261805,-170.74496730834846,4.0,4.0
-334.57312700640887,-170.3011968009985,4.0,4.0
-334.41117653778406,-170.07929632359875,4.0,4.0
-334.2491343818398,-169.85744151713115,4.0,4.0
-334.0870922261128,-169.63563238219717,4.0,4.0
-333.7630384782213,-169.1920445589747,4.0,4.0
-333.6009963236666,-168.9702354227899,4.0,4.0
-333.4389236065928,-168.74842628778342,4.0,4.0
-333.2768203270663,-168.52661715148344,4.0,4.0
-333.1146864850771,-168.3048689100698,4.0,4.0
-332.9525832067471,-168.08313589271137,4.0,4.0
-332.79047993011943,-167.8614333237822,4.0,4.0
-332.4661205642206,-167.41799773809,4.0,4.0
-332.3039256001606,-167.19626472048495,4.0,4.0
-332.14179176125884,-166.97457737394257,4.0,4.0
-331.97959679771463,-166.75290525093183,4.0,4.0
-331.81737127216223,-166.53121790422853,4.0,4.0
-331.4928285354583,-166.08794977710107,4.0,4.0
-331.33054188683553,-165.866338550099,4.0,4.0
-331.16825524019066,-165.64469687714399,4.0,4.0
-330.68124249817623,-164.98001543815036,4.0,4.0
-330.51889473360023,-164.75852600240847,4.0,4.0
-330.3565469704669,-164.53700612219637,4.0,4.0
-330.1941075207511,-164.3154862392108,4.0,4.0
-329.8693508734306,-163.87255304363487,4.0,4.0
-329.7069114256163,-163.65113972853203,4.0,4.0
-329.54441085330103,-163.42969596566073,4.0,4.0
-329.2194708360705,-162.98685411207333,4.0,4.0
-329.0569702655427,-162.76545602094632,4.0,4.0
-328.89446969590864,-162.54410360214155,4.0,4.0
-328.7319080017391,-162.32275118172288,4.0,4.0
-328.5693157453892,-162.10139876027247,4.0,4.0
-328.2441923575245,-161.65873959195508,4.0,4.0
-328.08156953834566,-161.43744806533533,4.0,4.0
-327.91897728171006,-161.21615653821408,4.0,4.0
-327.5936705176178,-160.77361915572303,4.0,4.0
-327.2683026254577,-160.33108177017223,4.0,4.0
-327.1056186789508,-160.10985113684103,4.0,4.0
-326.94287360717476,-159.88862050121097,4.0,4.0
-326.617352900641,-159.4462353500657,4.0,4.0
-326.29189331779764,-159.00392631588574,4.0,4.0
-326.12911768289035,-158.78286313931844,4.0,4.0
-325.96637261071976,-158.5618608597135,4.0,4.0
-325.6410658413184,-158.1200998753456,4.0,4.0
-325.3160035724435,-157.67879560327563,4.0,4.0
-325.1536252523956,-157.4584327168848,4.0,4.0
-324.99136918353895,-157.2382677402082,4.0,4.0
-324.6672849227955,-156.79866852291445,4.0,4.0
-324.34393416466213,-156.36022630699262,4.0,4.0
-324.0216836557318,-155.92324556467997,4.0,4.0
-323.7006250854949,-155.4880916654295,4.0,4.0
-323.38112520357186,-155.0550538602091,4.0,4.0
-323.0633673800648,-154.62442139272792,4.0,4.0
-322.74765724014406,-154.196666205488,4.0,4.0
-322.43423928340246,-153.77210798845158,4.0,4.0
-322.1234496967963,-153.3511425615494,4.0,4.0
-321.81559410555025,-152.93412006822626,4.0,4.0
-321.66284296427517,-152.7272453674625,4.0,4.0
-321.5109475714856,-152.52152766861408,4.0,4.0
-321.2097851558594,-152.1136698323948,4.0,4.0
-320.9123207966407,-151.7107596958876,4.0,4.0
-320.7650097715019,-151.51126848181912,4.0,4.0
-320.6187378700051,-151.3131169524199,4.0,4.0
-320.32931143809,-150.92101563290743,4.0,4.0
-320.04416375105023,-150.53469931584382,4.0,4.0
-319.9032402818212,-150.34376381587288,4.0,4.0
-319.76347818710855,-150.1543811314047,4.0,4.0
-319.487407557529,-149.78030466153336,4.0,4.0
-319.21619636011167,-149.41266781076857,4.0,4.0
-318.9497834654761,-149.05154669898883,4.0,4.0
-318.6883522472026,-148.69706311060887,4.0,4.0
-318.43193326804794,-148.3492474976658,4.0,4.0
-318.18049596200694,-148.00816075005378,4.0,4.0
-317.4736158387109,-148.104937917568,4.0,4.0
